feat_0,feat_1,feat_2,feat_3,feat_4,feat_5,feat_6,feat_7,feat_8,feat_9,y
0.0,1.6557842229116786,0.0,0.9047626808372632,0.5453460728466738,0.0,1.179944103992382,0.14963604032955657,0.09076587106321515,1.9789980689154583,41.46618657017469
0.0,0.0,0.0,0.0,0.9447661136990776,0.3889847209646619,0.0,0.3943413693102982,0.0,0.0,41.481486747909955
0.0,0.805122991609716,0.0,0.0,1.5279795483957992,0.0,0.0,0.0,0.0,0.0,41.55037759212427
0.4225054276831441,0.0,2.5927152784563208,0.0,0.0,1.1725719314297258,0.0,0.941384132081656,0.0,2.218267441676385,41.56267155615193
0.0,2.01221647342627,0.06119652892683591,1.00213166886409,0.0,0.08865634125787826,0.2707476448164829,0.0,0.0,0.8357911117921552,41.74112743509417
0.1450571569145911,0.6025540906892326,0.25092785231107717,0.0,0.0,2.2767528424984054,0.0,0.7841148043127267,0.0889677493108657,0.0,42.04365270132739
0.06423404008903141,1.6414335094154648,0.0,0.0,1.0841640902561263,3.069518140768249,0.0,0.0,0.0,0.0,42.17038270575052
0.0,0.5570518952306459,0.0,0.0,0.8267292809575953,0.0,1.5094085884833814,0.07711245128294275,0.0,0.060648018922757174,42.76757935244135
0.21044010950550127,0.838586559937945,0.0,0.24014995943275008,0.0,0.6790373262673838,0.0,0.0,3.5223973802453172,0.8466826273247486,42.4815436649305
0.0,0.03670182751010659,0.4917413211028634,0.0,0.0,1.81607735902947,0.0,0.0,0.38603651782395854,0.0,42.800148531405
0.0,1.2909822042335262,0.0,2.1355517382457716,0.0,0.38769034838123195,0.4704167573395877,0.0,0.0,0.0,42.54490068781076
0.0,1.9279535549800615,0.0,0.6235763024946807,0.0,0.18925520835247372,0.288032994887418,0.0,0.0,0.6964361978355896,42.13844575192996
0.0,1.1514904173446519,0.0,2.1190577523529774,0.0,0.3394816311442997,0.326295535770142,0.0,0.0,0.0,42.544882091240005
0.0,0.0,0.0,1.8157051387368095,0.43339373514061685,0.04191379290902367,0.0,0.0,0.3676504468319524,1.6487385709666385,42.87245056847389
1.1983372235876069,0.21860043384030237,0.0,0.0,1.853613280629581,0.06652257621574742,0.8052619717928505,0.0,0.0,0.8896334703218475,43.05565800589938
0.0,0.155535428678188,0.27233965853326214,0.0,0.0,1.9362223910180327,0.0,0.0,0.14029108741279417,0.0,42.80008046790688
0.03459114330273244,1.2957616188429464,1.2341542306871403,0.2986730221794323,0.0,0.0,0.0,0.0,1.0851676917553794,1.0965516352841072,43.18947687168543
0.0,0.6110269380005289,0.0,0.0,0.6853559385378771,0.0,1.5655453199347515,0.0,0.0,0.0,43.14839138360277
0.348650735527287,0.7970069757214031,1.3045189798604868,0.0,1.0085586157213382,0.0,0.0,0.0,0.0,2.702352264109821,43.60724461727839
0.24237935562016844,0.6303917208517182,0.0,0.07083681647848669,0.8674672133958529,1.824017078336341,0.0,0.0,0.0,1.5789019678777183,43.717876787657616
0.3259799966301783,0.33452016657034234,0.17781589478452117,0.0,0.07990147846456302,0.5935039537934594,0.0,0.0,0.0,1.3095575513670399,43.93292990303746
0.0,2.878627099974033,1.2660591963513128,0.0,1.7929646872595821,0.6284666727345753,0.0,0.4936876258435286,0.0,0.034581388606527035,43.93618531808206
0.0,0.0,0.0,0.7090469310592047,0.7778872765951292,0.24420592901538316,1.210723889890549,1.453094281529439,0.0,0.1365907479041539,44.38427355228313
0.270281327390416,0.4273527068855075,0.23651140135587562,0.0,0.0,0.7028434642431699,0.0,0.0,0.0,1.1999014298365116,44.13859935124811
0.0,0.08550819180756351,0.1626096961355822,1.1444354671608996,0.0,0.0,0.6250929018739129,0.0,0.0,0.31359877660736907,44.60185229634506
0.0,0.0,1.2761427230037294,1.9135470300521191,1.8733035854131568,1.8049848434129647,0.0,0.9081273039856238,0.0,0.0,44.83534338839966
0.0,0.0,0.25883724025747845,2.1913013727586956,0.0,0.0,1.104649186713123,0.0,0.0,0.33396540260268315,44.92182245708164
0.45620856088776607,0.0,0.21654440406445377,2.563047650339234,0.5388248332581739,0.0,0.3367217481071457,0.0,0.0,1.504509880931641,44.92143315110491
0.0,0.4970677127926348,0.0,0.742303726418441,0.032509552588026194,1.9322144580409648,0.6257362290854271,0.0,0.0,0.19783991877829454,45.06912359030852
0.0,0.12434478984830047,0.0,0.0,1.083494692022073,0.0,0.0,1.2037269657433454,0.0,0.8369302730424246,45.34458267545924
0.0,1.1972378495105698,0.016422024905500796,0.0,0.0,0.8851643363571979,0.480076430604965,0.7420987408386496,0.9070230591946037,1.3793199688638584,45.57184213046947
0.0,0.0,0.0,0.4218270107896182,0.0,0.9609857192882051,0.0,0.0,0.0,0.988962305601648,45.4241956839633
0.11403874030917532,0.6479165556299521,0.7439390304304878,0.0,0.45678529180390176,0.7228965021465692,0.0,0.0,0.0,1.1612085509446144,45.6839816201777
0.0,0.12524603436400045,1.2337614862699335,0.0,0.8854372004761488,0.6022948837021995,0.0,0.0,0.5103870957011232,0.5718599917311775,46.308971765096345
0.0,1.2815502872370983,0.0,0.0,0.30811202615646693,1.4937088741987634,1.4717527626019695,0.7189784012538604,0.977908917727083,1.1693385047634308,45.60899920139589
0.12325329724767486,0.0,0.5379894430923232,0.0,2.169023567870196,0.5586406365740068,0.0,0.0,0.2165264701948004,1.759515945280802,46.01458033776702
0.0,0.332933965558518,0.0,0.0,0.0,0.0,0.2598580614294092,0.0,0.0,2.0618923569007377,46.09146930994877
1.6810010100221593,0.0,0.2419526534749772,0.8035339708632167,0.0,0.3114975696306822,0.0,0.0,0.22949886790572996,1.9892329160135902,46.64751510006177
0.0,0.0,1.5614860068246497,0.0,0.7830509529027935,0.4451656769765699,0.0,0.0,0.6152558023358227,0.3569557799605348,46.842857641086844
0.5178851451882389,0.8543529085142598,0.0,1.138783973323223,1.3292079297368808,0.8575400682747296,0.0,0.0,0.0,1.7542936294951827,47.39979283754011
0.5249216305755996,0.0,1.3828184899423144,1.4629624416795746,0.8936978981891596,0.30520778049288666,0.0,0.0,0.0,1.3704604594385752,47.18769166512357
0.0,0.0,0.0,0.0,0.5849467806882906,2.178794714442572,0.0,0.36150621973887864,0.0,0.0,47.34569014115324
0.0,0.0,0.0,0.0,2.1850362681000868,0.0,1.7553651283524898,0.8243155820957803,0.0,0.7632912546566408,47.53412951811349
0.0,2.0979493301715983,0.0,0.8679203454622108,0.0,1.2720669288742896,0.0,0.0,0.0,0.20953366211502944,47.55072983918103
0.0,0.10619630588660521,0.0,0.12981527928007278,0.0,0.4252322612997492,0.0,0.0,0.9894326833676192,0.31601119078148016,47.748335662481225
0.0,0.0,0.0,0.660999223504411,1.4164453099502348,0.3577497791023717,1.153132498765843,0.0,0.0,0.0,47.62976054139204
0.0,0.6139681373093007,0.776919526156936,0.4086376415032384,0.7191234081637771,0.8509205813290542,0.16322354082691432,0.03492483094788293,0.0,0.2520756199562079,47.705584805226415
0.9278915195205949,0.6719045766259057,0.0,0.991784397711544,1.954583813828627,1.0871959927072317,0.0,0.0,0.0,1.8886341288146888,47.728191671183446
0.0,0.0,0.0,0.8876434331922947,0.0,1.6250716822805815,0.0,0.0,0.0,0.0,47.96016876879095
0.0,0.1834792336231129,0.715895158813768,0.0,0.0,1.4395997721154141,0.0,0.4388751673422849,0.12031424026722547,1.5055128032019456,48.132635278438556
0.0,1.170324531226078,0.30610552983685146,1.9757202215861114,0.0,0.2642029635311759,0.0,0.004600716965549258,0.5644655638830566,1.6164426625479467,48.29240897478933
0.0,0.0,0.1245323394110138,0.0,0.0,0.8571440753496261,0.21370744008043108,1.0590463459817678,0.0,0.5110081396858728,49.634643741010116
0.0,0.0,0.41105651742010835,0.0,0.018152493771112915,0.0,0.006412431626735335,0.6452274709843955,0.0,1.9301803019156774,49.65590053204007
0.4203773805815765,1.3711311472229568,0.12080445535325852,0.4496378015925364,0.5284262961630979,0.6903981643586149,0.0,0.0,1.0552925072764383,1.010359095151704,49.84299676481914
0.0,0.11344312077621521,1.0163147767812735,0.0,0.0,1.289467179692948,0.33067749504958743,1.3726466171803355,0.0,0.2836459537896053,49.74677353309943
0.0,0.9245859138796071,0.18803772721444145,0.22206574445626204,0.7574006934508554,0.532277454578436,0.0,0.0,0.6250447080743659,0.35386923706968393,49.91683901798258
0.0,0.0,0.0,0.569317381271625,1.3313685399995343,0.3430108145977636,1.0978266837620037,0.0,0.0,0.0,48.81118595682864
0.0,0.0,0.0,0.0,0.0,0.06700549991234654,1.5448207978038966,1.454719870233669,0.0,0.8958211653755013,50.772814556027804
0.0,1.4718787371797222,0.0,0.5332896692155187,0.0,1.742163405473827,0.0,0.0,0.0,0.8001089213504691,51.365579735525046
0.2547938825332975,0.0,0.0,0.0,1.1175862383928972,0.9187439436774528,0.3043414806742805,0.0,0.0,1.921311302204759,51.4711448150482
0.0,0.0,1.428228548578001,1.2196886149639146,0.0,0.21029187290676676,1.458893985691734,0.6686481099020847,0.0,1.7020945844647373,51.570388178938714
0.26869698589906243,0.0,0.0,0.0,1.1004449827412424,0.9631962185808138,0.2789828864022854,0.0,0.0,1.8941638114408135,51.770707298360094
0.0,1.4675405661226688,0.2708046122167452,0.0,0.10007777223420589,2.0281659197304043,0.0,0.4870759265117095,0.841819083214502,0.7515910761142376,52.26529823748099
0.0,1.1385372629673913,0.7540003929920581,0.0,0.3775815619595215,1.6451049947869243,0.0,0.45360258931349745,0.8162186178441875,0.9435949711318369,53.90198290580476
0.0,0.14013808589818977,0.8854413881854111,0.5481774010476198,1.0378468503241562,0.0,0.3244330427226373,0.38135294416600285,0.0,1.2892039719912172,56.20978290020067
0.0,0.9596237040605928,0.0,0.7936094627593167,0.0,0.0,0.4945021257074512,0.9599844785664747,0.0,1.0791602281520989,56.61283262309865
0.0,1.8870147131391843,0.5029760502307319,1.202709641365403,0.17782755452902022,0.5303779030346286,0.0,0.0,1.0807248198725614,0.0,58.707356602010165
0.0,0.0,0.0,0.3264378537072907,0.0,0.0,0.03900138376408513,0.0,0.0,0.6447659289353154,56.14901265518644
0.0,0.8018594417684445,0.0,0.528073378104666,0.1726323747549502,0.0,0.6393080426059893,0.9095680884641402,0.0,1.0692932367143668,57.04119413442816
0.0,0.8789101884909152,0.0,0.5215328840314511,0.058269169580456026,0.0,0.6844819145427384,0.9621579632896633,0.0,1.0395977909503056,57.04119869755454
0.0,0.4838092806087977,0.0,0.7699872114477553,0.0,0.4011619212454024,0.0,0.0,0.08549957352301688,0.8530624177392988,56.72119323352033
0.0,1.1009172920590609,0.0,0.0,0.0,0.8729948219722925,0.2256956584533079,0.0,0.0,1.0446193034504994,57.71983118589912
0.0,0.0,0.3347122326352192,0.0011610882531143951,0.2415400586334162,0.0,1.0969958251567988,0.0,0.0,1.0018154640539816,56.97465249799375
0.0,1.2621191291764509,0.07590894213742842,0.9705699073516052,0.45024269275259815,0.7165887839235301,0.0,0.0,0.5084256472768433,0.6215045683950207,62.701794159067475
0.0,0.30602049444564206,0.0,0.5638995705674559,1.3121815001762727,0.0,0.0,0.0,0.0,1.8047126285672743,61.5220583506794
0.0,2.4476417466117946,0.0,0.9574503077375264,1.1155763969851926,0.0,1.2200206763377486,0.0,0.46070661218486353,0.7072734031973333,62.97856373551694
0.0,2.2407566418967457,0.0,0.9300256199995006,0.756364866527136,0.0,1.0033691569268415,0.0,0.5631796509879589,0.882712165145525,66.2694617545796
0.04041342059481692,1.2844680678193505,1.2338849617873706,0.31313812880358366,0.0,0.0,0.0,0.0,1.079843239929315,1.098775019548699,43.164011357984336
0.0,0.6121809675582325,0.7739752954985601,0.4130432389920146,0.6982827543965242,0.8716872883258396,0.14309197792353398,0.04109833572753229,0.0,0.2338402353596052,47.76078744363958
0.0,0.3029552748341001,0.0,1.2276729849733332,0.0,0.47443910014113866,0.0,0.4341162380486558,0.026986278312776724,1.4280930574972701,56.6608717233633
0.0,0.0,1.2652379887846892,1.9362570934778747,1.8681264807630749,1.8188918718986384,0.0,0.9308475427534464,0.0,0.0,44.757016057288546
0.0,0.0,0.0,0.31297567426553763,1.395046961979619,0.0,0.0,0.0,0.0,1.5988489537036434,56.97684970803853
0.0,0.0,0.0,0.41501780577087105,0.0,0.9601853751598182,0.0,0.0,0.0,0.9832217628169858,45.51936118659987
0.0,0.5190709624814724,0.4198889419443245,0.0,0.005136614155184682,0.2021414787455751,0.0007074872825352241,0.0,0.0,1.5029088081607351,45.885221223503216
0.0,1.2227936757442353,0.0,0.733620174851135,0.2680027951510876,0.8178780739939207,0.0,0.0,0.43584588325478435,0.126501637001585,58.98550127547092
0.0,0.7921383152343003,0.0,0.0,1.5456199444171936,0.0,0.0,0.0,0.0,0.0,41.61751597160975
0.1195833946583262,0.6002086814730675,0.2774123554160468,0.0,0.0,2.295802504715513,0.0,0.79168223662586,0.0877913756897365,0.0,42.083853424890734
0.4134301570369933,0.0,2.5858228887659185,0.0,0.0,1.173724039435571,0.0,0.9295864872087292,0.0,2.2175204316579733,41.67514373748064
0.351158181470099,0.7944536681898601,1.308904911952953,0.0,1.0227921690939668,0.0,0.0,0.0,0.0,2.703800950357911,43.629597903483166
0.0,2.8523322430125004,1.2730446224418182,0.0,1.8046986793694941,0.6383891652680042,0.0,0.5037779752150868,0.0,0.030166096320270057,43.97567056873319
0.0,1.4613543882097357,0.00789205404147686,0.13731491900412657,0.0,1.9199759021078604,0.0,0.19645948488744464,0.47174123988172445,0.774807138172,52.26626466134661
0.0,0.16395629538703457,0.7315851208600521,0.0,0.0,1.4416659616867902,0.0,0.43365110889959996,0.12298546138895398,1.4929801765651751,48.13285207685315
0.0,0.371093953572547,0.2665629929511758,0.0,1.0178278362101258,0.35128637000347435,0.0,0.0,0.12493988171722034,0.0,50.000847616829226
0.0,0.0,0.21816145739642945,0.08276713727957499,0.14596629654660925,0.0,0.8318259758583626,0.0,0.0,0.9109789759279789,56.147558216661544
0.3340945715037967,0.35345491985503985,0.18757840116301358,0.0,0.0703063593025912,0.6203810751181327,0.0,0.0,0.0,1.3195164174054208,43.83675475456378
0.0,0.09196201186716715,0.17110929419473522,1.1706622800225956,0.0,0.0,0.615280908689787,0.0,0.0,0.31435667392325845,44.615480560389905
0.41037915263387903,0.214791950893275,0.0,0.0,1.7426410439410307,0.0,1.0101788403279504,0.28704208113035745,0.0,1.0172909358362439,42.71083883785523
0.0,1.1763370587353934,0.0,2.1219957041974737,0.0,0.34806869376503996,0.35196678415686145,0.0,0.0,0.0,42.54489727143868
0.0,0.10999924068283058,0.0,0.14789252451719848,0.0,0.42972876703711316,0.0,0.0,0.9823459950443888,0.32952499807115454,47.527302898058764
0.460968320466074,0.0,0.23027087619344971,2.5473195122201635,0.5397252398410821,0.0,0.3570608064629329,0.0,0.0,1.5155873376597937,44.93358773727685
0.13388819400854365,0.0,0.5152320257153743,0.0,2.1686349866847925,0.5389509852956711,0.0,0.0,0.20462654686574935,1.7489983281161892,46.12332909026622
0.0,0.0,0.2292312321633258,0.0,0.0,0.07233604598219268,0.14282263974087192,0.8919487795709768,0.0,1.0375185002903122,49.64061976815383
0.0,0.0,0.0,0.0,0.5509273966143368,2.1906155894409816,0.0,0.37731987471874323,0.0,0.0,47.3936014841245
0.0,0.0,0.0,0.8796770436972657,0.0,1.6177138777672808,0.0,0.0,0.0,0.0,47.98571964872122
0.43105880950543013,1.3799133966995236,0.12837712189399703,0.45332692078783865,0.510041333828387,0.6954643919995895,0.0,0.0,1.044853976727625,1.0151664686689248,49.853596995151555
0.0,1.3522571934572278,0.0,0.0,0.5864365916822876,1.9765757605410499,2.2675096388083706,0.7100805108106089,1.0427663619690584,0.9958922303081522,45.64348724505249
0.23911073616225437,0.630665918682739,0.0,0.07469900281265272,0.8734231385878406,1.8071471829920847,0.0,0.0,0.0,1.5826185605895557,43.681676103207224
0.41207264187485426,0.0,0.23031760809197202,2.547869718587789,0.5072468039783999,0.0,0.3714309544598181,0.0,0.0,1.4761061632263623,44.84696990888397
0.0,1.1959190172972967,0.0,0.0,0.0,0.8982924978277754,0.47121868804885636,0.7389673057196505,0.9246793267645713,1.3993585043983063,45.407077465968015
0.0,0.0,0.0,0.0,0.7402079132538061,0.14827365814721333,0.5415801865003693,0.0,0.0,0.36583713688853836,50.01761084693912
0.0,0.0,0.0,1.8052265090016875,0.4341228309151557,0.05047521616372847,0.0,0.0,0.35842050622239363,1.6529517926153734,42.81810707564203
0.0,0.32848543897227395,0.0,0.0,0.0,0.0,0.26150894713526474,0.0,0.0,2.053679843346209,46.075846711799656
0.0,0.0,0.06350509043408259,0.0,0.0,0.8302974817569627,0.2825365059415448,1.0630084763644367,0.0,0.5328903264117818,50.19176461975477
0.0,1.2752802873800877,1.2991634122979112,0.24595203703055923,0.14064210860462822,0.06445617613015467,0.0,0.0,0.8054327024588561,0.6098993994541865,55.69001189565968
0.0,0.38160305400297184,0.0,0.35094794260023765,0.0,2.177120450898614,0.0,0.2966002782292025,0.0,0.03476297046979982,42.511265501736
0.0,0.14426081845951333,0.0,0.0,1.0683140096599135,0.0,0.0,1.210055005899095,0.0,0.8246188513370449,45.41632161826483
0.0,0.20571029409321334,0.6130011255592356,0.10257493465765699,0.0,0.4235056455245223,0.0,0.08177612897288622,0.06302193049096155,1.514285267408699,55.47425680388326
0.0,0.0063638968428309075,0.5394519095553488,0.0,0.0,1.7859889246044018,0.0,0.0,0.45019490954568553,0.0,43.02973577582622
0.0,0.5187235421726472,0.0,0.09885672819994407,0.0,0.0,0.0,0.0,0.0,0.051719338799167014,57.08880651903397
0.0,0.0,1.4506956107292943,1.2296965482161768,0.0,0.18137895712966504,1.4589209455217544,0.6416884717066585,0.0,1.7225258601577966,51.482997241369006
0.0,0.0,0.0,0.6503332024533262,1.4220909233013448,0.35091886236859016,1.191029568620412,0.0,0.0,0.0,47.58239294438958
0.7503223069424311,0.0,0.0,0.2528115798964451,0.031226936616946623,2.7016727155574918,0.0,0.0,0.0,0.8659074300609194,51.994114541255705
0.0,1.656100110283403,0.0,0.8955752218464345,0.5459380207207188,0.0,1.1841839481865977,0.1546476205319357,0.07167972650928817,1.9874422227249173,41.45535167394482
0.8964435410515933,0.6421878451296507,0.0,0.9968649469178584,1.949399578345095,1.108931327846508,0.0,0.0,0.0,1.8731473232173206,47.84366557185266
0.028762856,0.24996935,0.66278577,0.6466710999999999,-0.13962865,1.3975669,-0.57822824,1.0499188999999998,1.4553077,0.2966678,39.1580810546875
-1.3998258999999995,-1.1212988000000002,-0.51871246,-0.017105646000000002,0.2049161,-0.51757365,0.29076365,-0.61590034,2.115423,-0.19648556,-4.693975925445557
0.33686963,-0.089538544,-0.15775765,-0.3455385,-1.1699075,0.88903475,-0.82118845,-0.9110904,-0.6575576999999999,0.29429972,24.708293914794922
-1.8974627,0.7924156,-1.0372357,-0.09713716,1.52629,-1.1524236,-1.3391961,-0.40196332,-1.1920853,-1.049613,41.54732894897461
-0.34557340000000003,0.2687171,-0.2330808,0.34044692,0.48426694,-0.41923904,-0.18134746,-0.20400801,-0.5412931,-0.92733216,-3.863061428070069
0.3700779000000001,0.19469143,-0.69367266,-0.13975286,0.77960366,0.5065885,0.32007715,-0.264499,0.6224563,-1.327312,-3.1963610649108887
-0.2371478,0.3995151,-1.9284091,-1.7557738,-0.77899456,0.2746768,-0.68260914,1.07241,-0.49727198,1.3261018,21.631805419921875
1.0881126,-0.6381455,0.5656805,-0.61646944,0.29736394,0.31049940000000004,-0.61045223,-0.016723258,-0.46753186,0.77107793,1.7435029745101929
0.55835044,-0.83871657,0.2229648,-0.025083184,-0.8128013000000001,0.7129375,0.7271914,0.9322682,0.53051573,-0.36567393,-10.069931030273438
-0.038846675,-0.09548781,1.5699743,-0.2546857,0.7834701999999999,0.4344291,-1.9934739,-1.497396,0.62044275,0.3658782,46.87810516357422
0.25706702,-0.078262106,-0.12883428,-0.19813599,1.1269665,0.9196112,0.32170495,-0.23474799,-2.0450974,1.920085,51.53044509887695
0.5254886,-1.6802066999999998,-1.0766158,-1.8192089,-0.55951303,1.289791,-0.32429108,1.2640698,-2.0448515,0.63886935,10.904067039489746
0.4284125,1.3820069,0.12968127,0.4504359000000001,0.5281326,0.68016315,-1.4303844,-0.22186416,1.0392932,1.0088686,49.84846115112305
-1.0408190000000002,1.2010311000000002,0.0034073836,-0.45632645,-0.030832572000000006,0.8875199,0.47943407,0.7352602,0.9175138,1.3867345,45.44620895385742
1.1963743,0.21374203,-0.75095123,-0.89563173,1.8535585,0.06942749,0.80058026,-0.2987741,-2.8036242,0.89578694,43.06194686889648
-1.9332205,0.06506338,-0.7794754,-0.81745315,0.6414448,0.13032052,-1.220944,0.43754536,1.9677536,-0.29511020000000004,13.802309036254885
-1.667118,-0.4372712,0.83495855,-2.2320542000000003,0.5164728,-1.0626247,0.77148414,0.8345289,-0.4192327,1.8162295,38.01420211791992
-0.20391774,1.3640508999999998,0.69454366,0.20123345,0.9262408,0.8899986999999999,1.6088086,1.2124186,0.7074501,0.8948966,17.754995346069336
0.3608624,0.15935704,0.075864814,1.3849045,-0.26680478,0.93496275,0.50085574,-0.3067302,-0.9606344,1.2771808,35.7265625
0.28686300000000003,0.40648043,-0.2882293,-0.46520644,0.21516849,1.3255321000000002,0.27004892,0.4335389,2.1041732000000004,-0.90528226,11.394254684448242
0.42433622,0.334258,0.5290431,-3.0065584,-0.28655440000000004,-0.038066287,-0.49283436,0.5026265999999999,-1.5321926,-0.6051626,-14.597999572753904
2.1243653,0.50849795,1.6045573,-1.5364347,0.27026623,-0.09848218,-1.4806701999999998,-1.3808445,-0.5133512,2.8967798,20.27955818176269
2.0764027,0.23730873,-0.7280350999999999,0.27968422,0.71019775,1.1655983,-0.041996706,-2.2161407000000004,2.4358952,0.07707462,27.780561447143555
0.14911519,1.5666028,-1.2314125,-0.25756955,-1.2936063999999998,0.057936214000000014,-1.1921566,-0.8309257,0.6593613,0.006835872,21.435720443725586
0.57179904,-0.75928813,-0.69375944,-0.012392821000000002,-0.4897460999999999,-0.6872517,0.28348090000000004,-0.72363025,-0.35767272,-1.3440473,-9.419556617736816
0.29328823,0.061304055,0.60363686,0.19496545,1.8158367,-0.10630881,-0.7102588000000001,-0.32692662,0.33825296,-1.1453869,6.882499694824219
-0.9869952,-0.08238522,-0.18768561,-1.0755194,0.97327083,1.2059361000000002,-0.7093682,-0.52854156,-0.87567085,-0.88780785,17.094072341918945
-0.59287935,-0.10609587,-0.38537723,0.4705767,1.9780661,-1.4315634,-0.723808,-0.9799482,-0.8112604999999999,1.9006087,58.70011901855469
-0.67325115,-1.3312317,0.4592594,1.0389540000000002,-0.010201857,-0.5898871,-0.27205655,0.87260485,0.015428143,1.9430007,39.93469619750977
1.8541224,0.33456734,-0.7737704000000001,-2.3308475,0.439794,0.13417354,0.13681583,-0.71576595,-0.99588954,-0.05499055,-1.5418692827224731
0.19959886,0.13698661,-0.9662707,1.1472209999999998,0.7021353,1.2873518,1.4654605,-1.2368237,-0.6928036999999999,1.0125843,28.67203140258789
0.38466883,0.13292842,-0.8788947,-0.8432806,0.4325129,1.5200794,-0.83107144,-2.5761316,-0.73997974,0.3723016,26.82428932189941
-1.1645057,1.3465401,-0.16643922,-0.6948786,0.5816859000000001,1.9829849,2.2726874,0.7058368,1.0266559000000002,0.9938707,45.77305603027344
-1.2793553999999998,1.4064233999999998,-1.8544095,2.1492019,-0.21746407,0.42758712,0.5896892,-2.1431613,-0.015381054,0.26089823,42.46686172485352
0.4435485,1.5585557,0.59297085,0.8467406999999999,-1.8268293,-0.56016874,-1.1860132,0.30062209999999995,-0.9449429,-0.5688308000000001,13.368746757507324
0.7107473000000001,-1.7012699,0.28713214,0.12022648,1.384415,-0.36567014,1.1317016000000002,-0.8598993,-0.45499647,0.4166565,23.29747009277344
-0.53619254,0.6319581999999999,0.41018197,0.64476985,-2.546822,0.043960582000000005,-0.32429305,1.5926586,0.101070434,1.2224466,33.57706832885742
-0.7378435999999999,-0.118832365,-0.25923008,1.0640241,0.6669350000000001,-0.0874952,-0.53139997,-0.036099337,-0.26795685,-0.43413532,8.733880996704103
-0.86268276,-1.6467038,0.27927187,1.0362824000000002,0.6016201,1.4133508999999995,1.5973415000000002,0.06391867,0.97444475,-0.036791,21.774248123168945
1.73399,1.0820462,0.6394823000000001,-0.8142807,-1.3145095,0.26246235,-0.24083759,0.4018566,0.4850867999999999,0.9350226,0.626305341720581
-1.549554,-0.6301190999999999,-0.8218389000000001,-0.84684145,0.5716994000000001,2.183268,-1.8237822,0.36708635,-0.6090213000000001,-0.31233487,47.38541030883789
-0.099976644,0.5959089,0.7245608,0.40856487,0.55995405,0.35226616,-0.23101644,-1.990289,-0.5169802,0.14758672,32.59524917602539
-0.8024300999999999,0.6765406,0.094847366,0.07976968599999999,-1.4830627,1.1040667,1.6435467,-0.42369026,-0.20903951,0.3226644,23.51156234741211
1.5113611999999998,-1.360313,0.36851454,-0.55524874,-0.36157277,0.9280825,1.8267536,-1.3714585,-1.4720038999999998,-0.38860366,8.192269325256348
-0.83519924,0.5583459,1.0993148,-0.89842075,-1.2999989,-1.8854038,0.95177704,1.1858997,1.4733763,1.2146629999999998,1.7571769952774048
0.45308408,1.8759875,0.7816044,1.0304831,-0.07387829,-0.10570555,-0.6661113000000001,-0.34702155,-0.60402447,0.9885849,35.42475128173828
1.2227378999999998,-1.7887056,0.6403608000000001,0.5927076,0.20895605,0.86985,-0.21268845,0.39529267,-1.0608038,-1.1141111,-5.868814468383789
0.17133097,-1.2265799,-1.0485215,-1.6292843,0.7185543000000001,0.11421753,0.44365248,-0.2062574,-1.0750693999999998,1.2936486,30.94135284423828
0.2570386,-0.53824997,1.3951505,-0.8667851999999999,0.8992473,0.043443155,-0.5910578000000001,-1.5739412,1.9372877,0.6947265,24.8877067565918
-0.88792866,-0.16629198,0.29217467,-0.8109298,0.6384586999999999,-0.57006705,0.6989593000000001,0.62088776,0.8219251000000001,-1.23684,-13.672640800476074
-0.16283825,1.6619425,-0.08565282,0.9035015,0.55584216,-0.4227543,1.1727849,0.15036924,0.06050515,1.9835685,41.42375564575195
-0.29881325,2.8749683,1.2668604,-0.69813645,1.7831477999999998,0.6325742,-1.4191017,0.49339032,-0.25483984,0.03921523,44.00842666625977
0.6395473,-0.43901765,1.8219931,0.17824416,1.2127827,0.34263864,-0.47862732,0.65206414,0.27830170000000004,0.044433277,9.5180025100708
-0.5457911,-0.049118552,-0.83397347,0.2466026,0.8276817,0.7298809,2.0288217,1.9519476,-0.75791556,0.32108912,22.290254592895508
0.13833800000000002,-0.5449508000000001,0.5220492999999999,-0.32202727,2.1689022,0.5520977,-1.9037061,-0.5381952,0.20882317,1.7574435000000002,46.07324600219727
1.602737,-0.22753529,0.5293416,-0.72063196,-0.2829936,-1.1204686,0.48061383,-0.42987338,-0.29318032,0.7209959,-1.1061137914657593
1.442408,-0.14737211,1.5150192,0.96347535,-0.48156947,0.36915687,0.8394981,0.50303084,-1.7129306,0.4520771,8.298243522644043
-0.4378258,-0.48029253,-0.8526204,-1.4867749,0.8718111,0.13534506,1.4833888000000002,-0.42512956,0.9971928,-0.98481,-6.84975528717041
-1.3979276000000005,0.44452748,-0.43329835,-0.3217053,0.7510535,-0.5409092,-1.55346,0.47515097,-0.3641391,-0.18659885,31.179887771606445
-0.27295026,0.43140796,-0.67050034,-0.10244556,-1.5837573,-1.6178986000000002,-0.42465946,0.7574447,-0.9444037,0.39487684,14.009739875793455
-0.22533184,0.5238501,0.4322178,-1.7138848000000002,0.2640366,-1.1651521,0.96043885,0.8090925,0.8505444,2.0277662,25.58347511291504
-1.8960092,0.058954854,-0.6017133000000001,-0.29497987,1.0914714,1.8286154,0.52448314,0.6156722,0.25754118,-0.73865265,23.73904037475586
-1.7961237,1.3782536,-1.1806808000000002,0.47914585,-0.6828854,-0.559465,0.9772406,1.3029776000000002,-1.2259374,0.84715027,56.99230575561523
0.95218176,0.32311758,0.61712766,0.5418364999999999,0.7339171,-0.30976993,-0.84077424,-1.306043,-0.293172,0.38462457,15.175469398498535
-0.04408534,1.2575563,0.8700880999999999,-0.878657,0.24177012,-0.107773855,-0.06101089,1.1155316000000002,1.2484025,-0.6697006999999999,1.4823604822158811
0.7450871,0.105523445,-0.021231653,-0.54512876,0.2783315,1.6297996,-1.0861106000000005,-0.73133105,-1.7718186000000002,0.17124735,27.285627365112305
-1.0717773000000002,-1.1456841,1.4413552,1.2383995,-1.624811,0.19733883,1.4612257,0.6557649,-0.448875,1.7014695,51.5314826965332
0.86744434,1.0511756,0.18615554,0.8833208,1.1603088,-0.14768307,-0.85444313,0.57567495,-1.6557604,1.6013741,35.78669738769531
2.4736338,0.33534184,1.5915178,-0.011051497,0.29989016,-0.38787228,1.0089642,-0.32754996,0.040908504,0.5241299,2.1142423152923584
0.09051824,-1.5895065000000002,-0.2853872,0.619254,0.44284567,0.56200486,0.7097032,0.34483105,0.025690215,0.90904814,23.55329132080078
1.6749647,0.10901713,-0.58227724,0.9994631,0.8812595,0.22041194,-1.3056526000000002,0.3678851,-0.30111113,-0.038652107000000005,4.007763385772705
0.43286517,0.24918035,-0.3587825,0.7498077,0.17641833,0.11835048,-0.7326372,0.9378197,0.4206529000000001,-0.36689943,-2.7603893280029297
1.3971790000000002,0.47732815,-0.2538842,-1.9886931,0.34743232,-0.25729328,0.75127953,-0.025276579,-0.08648585,0.6686058000000001,0.7546157836914062
0.077774525,0.36904833,0.4629757000000001,-1.4545668,-0.039579988,-1.6357732,0.5596329000000001,-1.1130618,0.7718709,-0.31444213,-7.701045036315918
-0.084307246,0.47401637,-0.6119276,-1.3655978000000002,0.49517253,1.8703418,0.4154475,0.49336195,0.33470264,-0.07568933,5.883485317230225
0.036035035,-0.5818512,1.7354063000000002,1.0262942,-0.06818691,1.249863,-1.3458598999999998,0.9593339,0.12413856,-0.088594586,29.991323471069336
0.6597886,-1.5282601,-0.49472204,0.8353835999999999,-1.7299522,0.6997044,0.55842054,-0.038812898,-0.9309296,2.572616,31.860151290893555
0.90616626,1.264814,0.49977994,-0.38968784,0.63472193,-0.89845663,0.30800745,-0.22109039,-0.3591105,1.7682694,22.799448013305664
0.46336094,-0.21919554,0.2054325,-0.21711248,0.050136674000000006,1.337148,0.17784587,0.7297927,0.5623454000000001,-0.30820143,4.548574924468994
0.4355856,0.04658482,0.5138194,0.34765467,-0.458614,0.3999228,0.17515276,-0.97992134,-0.82278687,0.4217988,15.855416297912598
-1.5422066,-0.76493734,-1.2825612,-0.71205956,0.93645346,0.39730477,-0.34984717,0.38017675,-1.1756669,-0.24612291,41.46488571166992
-1.3971733,0.41616172,-0.718522,2.2387774,-1.1511344,1.429056,-0.025375288,1.0052764,-0.44902638,-0.20746276,19.71071052551269
-0.4835746,-1.3705834,-0.119789846,0.8826094000000001,-0.31643906,1.6166781,-1.5618441,-1.1843365,-2.640406,-0.42012784,47.94083786010742
-0.77507716,-0.06583717,0.8939382,-0.6347921,-0.41711164,-0.6547926,-0.32097864,-1.0122223,-0.32966733,0.37320063,14.003987312316895
1.3105644,3.446786,1.9077106,0.26752234,-0.43370637,1.7247398999999997,2.4321146,0.63691664,-0.5907701999999999,2.258653,24.51389503479004
-2.9093862,0.12099274,-1.5842862,0.14153294,-0.30945653,0.42854628,-0.32367137,-0.22299717,1.0003016,0.3272996,47.62195587158203
-0.1004748,0.21993297,-0.3780903,-0.90365374,-1.9453247,1.0350975,-0.19364606,1.5328038,-0.943749,0.270409,20.997949600219727
0.822891,0.4534765000000001,-0.80238396,-0.382275,-0.31629848,0.48537564,-0.1773057,-1.4794183,-0.7091371,0.13335174,3.4396882057189937
-0.75948626,0.09973408,0.15938926,1.15938,-0.62470365,-1.2269268,0.6209925000000001,-0.58313453,-1.6621046000000002,0.310525,44.66658401489258
0.4101293,-0.7432647,0.52114826,1.3212101,-0.65253925,1.2575094999999998,-0.10354735,-0.24969085,0.50151163,0.96628475,24.12421226501465
0.25586376,-0.34458667,-0.83436066,-0.18101864,0.49897692,1.0257635,-0.8405908000000001,0.25852248,1.7672536,-0.86357576,7.1359171867370605
-0.9016396,0.10166714,-1.2836983999999998,0.30677867,-0.29254633,0.24491923,-0.54118156,-0.21693014,-0.19061702,0.32000348,23.58880043029785
0.78179413,-0.35692328,0.5503380999999999,-0.23229143,-0.09920977,0.40821365,0.43746644,1.1563603,1.6879351000000002,-0.087800376,6.396210670471191
1.4021125,0.8650868,0.15133384,-2.1119497000000003,1.0656637,0.5266319,-0.025397493,1.440206,0.5207042000000001,0.23384197,3.6481337547302246
-0.672529,0.39247283,-0.16511624,0.34976715,-1.521105,2.1757746,-0.287236,0.30873024,-0.34969056,0.032877248,42.46420669555664
1.2696669,0.011624676,1.8627008000000005,0.12336591,1.5442085,0.80098945,0.84424573,0.3311698,0.778159,0.7673770999999999,16.061561584472653
-0.35007587,-0.27802598,-1.2933386999999998,-1.0259664000000002,1.9083642,0.21174651,1.3594936000000002,0.554995,0.37988177,-0.09940178,5.675929546356201
0.07066515,1.7852981,0.29514450000000003,-0.56934637,1.5147533000000002,-0.6588126,-0.69929916,-0.11744332,-0.53505975,1.4140785,40.7366828918457
-0.60973954,0.8149755,-0.6893114,-1.6993756999999998,-0.59964037,0.9992502,0.4823794,1.2409068,0.7283776999999999,-0.17963585,0.28579673171043396
-0.31255966,-0.17391557,0.14681132,-1.0658782,-0.23881729,1.3989309,-0.4107151,-0.03724371,-0.060659055,0.7304686,21.679597854614254
1.187393,0.6985915,0.08877482,-1.1369723,1.3389966,0.1371465,0.6823339,0.7072134,1.5313896,0.39056295,9.914196014404297
0.34829363,-1.1720501,-0.71737635,-2.7929225,-0.33608204,-1.5027754999999998,2.1170387,-0.76953024,0.058620505,2.1960824,21.4121150970459
0.8896716,-1.6414476999999998,1.1848591999999998,0.76376027,-0.6574929,0.904214,-1.3577186,-1.6470264,0.13134079,-0.08511175,25.43177032470703
-0.7262287,-0.029401893,0.8664046999999999,0.37597668,-1.4521084999999998,-1.0059841,2.03173,-1.2944149,1.0282164,-0.58009446,-10.365614891052246
-1.0937288,1.0719587,-3.1997824,1.1741163,1.5125839,-0.45906076,0.65739983,-0.44119063,0.10861834,1.1109747,15.560548782348633
1.1738282,0.572693,2.4818823,-0.005045604,-0.6222825,-0.9452522,-1.7732574,0.24764091,-0.13972494,1.575123,26.29720687866211
0.2743328,0.038239732,-0.29464555,0.9843719,0.35070562,-0.48088142,0.6976285,0.5829887,0.2942551,-1.6396481,-18.366504669189453
-0.3558179,0.5340699000000001,-0.051311854,0.19737002,-1.5663311000000002,-0.0017040194,-0.8726683000000001,-0.7947999,-1.8313012,-0.2720143,41.08069610595703
-1.9266505,-1.0964127,-0.39916915,1.9785187,-0.10228247,0.1827694,-0.03090405,1.9966964,-0.16120924,0.6860411,21.515439987182614
-1.0636148,0.40763348,0.032262962,1.3234084,0.60586673,-1.6632223000000002,-0.3746334,0.8877582,-0.80291575,0.6071598000000001,31.910932540893555
0.638903,-0.44667438,-0.29055053,-0.09491211,-0.14728168,1.012698,0.6429419,0.566131,-2.1392672000000004,-0.43240348,6.294189929962157
-0.76286346,0.41595522,0.6106826,0.137023,1.3266377,0.23284867,0.7998183000000001,0.53869104,1.8826678,1.5041399,34.65668487548828
0.059646957,-0.74176806,0.6067258000000001,1.232025,-0.09957219,0.63863957,0.9316217,-0.15490685,-0.9591511,-0.6874893,12.32531452178955
0.41648927,0.25777712,0.56741554,0.80119157,0.98263025,0.7613310000000001,-1.5060096,1.0730316999999998,1.2593248,-0.4366741,26.66100883483887
0.6489446999999999,0.69539547,0.6585512,-0.43221506,-1.3627013,0.17203885,-1.8702779,-1.5495112,0.18923976,-0.3392482,25.134334564208984
-0.52556956,0.15667956,-1.752506,-1.7914513,-0.09192318,-0.61041063,0.097920276,0.10372969,-2.1561744,0.13893703,35.81457901000977
0.76863796,-2.6447904,2.3007736,0.4116454000000001,-1.1561811000000002,-0.9270197,-0.111913405,-0.3740704,-0.60215396,0.5472571999999999,-14.040060997009276
1.0247267,-0.11231017,-0.09937634,-0.038905133,-0.015715713,1.0010062,3.0104096,-0.17196733,0.56848913,-0.8467464,-8.177013397216799
2.5023196,-0.16630358,-0.26416153,-1.9413503,-0.95999867,-0.69061667,-1.9243644,-1.09099,-1.5214968999999998,-0.5472384,-4.162481784820557
-0.7742975999999999,-0.30889356,-1.6900662,-0.09836872,-0.3961638,0.00077915366,0.7999068,0.8846976999999999,-0.6158857,0.19036047,13.239860534667967
-1.0119723,0.15723716,0.73671204,-1.6094916,-0.6388514,1.4507823,-0.6737124,0.44354737,0.1183844,1.5061493,48.18105697631836
0.47349012,1.0290831,1.3765721000000002,1.6638103,-0.11990765,-0.71107924,-0.21000716,1.1581007,1.1362661,-0.1907166,-1.6665190458297732
-0.56004155,1.5898217,1.0184879,-0.9908989,-0.17638852,0.32645738,-0.5771102,-0.48590747,1.2685109,1.1110303,32.328662872314446
-0.07510318,1.1338224,-1.8178298,1.3624861,0.4065939,0.49255195,-1.0143951999999998,-0.61711854,-0.649929,1.5711955,47.05158615112305
0.69408756,-0.95000356,0.016229868,0.018937534,0.689719,-1.6391315,0.17581078,0.8709787,-1.6802366999999998,0.8090388000000001,24.922142028808594
0.33518687,2.0226994,1.4728924,0.23727514,-1.726168,1.8701947,-0.26704398,0.62644774,0.47241122,-0.11678924,39.64609909057617
0.060967702,-0.54637736,-1.3438877,0.46193767,-0.48203388,-0.14829755,0.05398217,0.52468926,0.2868868,1.5140978,-6.027777194976808
0.11020739999999997,2.4246323,-0.6312812,1.7764702,-1.2332406,1.5068146,-0.22613055,1.8721516,0.38931254,2.3835926,39.39500427246094
-0.6190799,-0.03396675,-1.4789865,0.27907577,1.6052672,0.9159983,2.3641083,0.27197602,-0.388347,0.9140509,36.98133850097656
0.72363794,0.18998064,-0.29695487,-0.6474008000000001,-0.08583721,2.0880148000000003,-1.3179305,-1.1611457,-1.3562912,-0.18482758,36.03033447265625
-1.167084,-0.84038574,-0.53985703,2.5635688,0.6308729000000001,-0.7337659000000001,-0.709318,0.1851934,-0.07365008,0.23582731,16.977136611938473
0.51323855,1.0722353,1.4202297,0.83673704,-0.20331326,-0.3431413,1.5542904,-0.68642485,0.56030184,-0.41325995,-1.0095070600509644
0.32177132,0.32140565,0.17336722,1.0856532,0.15489273,0.042642947,-1.1984472,0.34555358,-0.36133164,1.2734195,33.193702697753906
-0.37637782,2.6198146,0.027311882000000003,-0.5681479,0.858067,-0.28334427,1.1986105,2.2920830000000003,-0.3625491,-0.159066,-6.835392475128174
-0.71810997,-0.49325424,0.12472306,-0.3754352,-0.53126985,0.87052715,0.21528000000000005,1.0424379,-1.9655423,0.5134532999999999,49.609336853027344
-0.47421026,0.9067687,0.7155684,0.43277767,0.44643405,0.7632814,-0.90833926,0.6641465999999999,-0.40984443,-1.2114035,16.199464797973633
0.13918863,0.7871956999999999,1.1857258999999998,-1.5407236999999998,0.36221692,0.85559326,0.7337741999999999,0.4218905,0.7728486,0.46848014,4.669370651245117
0.9886898,-1.3106847,1.1679032,-2.0130768,-0.33238277,1.0934267,-0.010559196000000002,2.3113742000000004,-0.025689093,-0.3922625,-16.882404327392578
1.0396261999999998,0.12257103,0.32630765,-0.36128086,0.56272584,-0.40687796,-0.111323535,1.3442404,-0.49905774,-0.35834014,-7.55064058303833
1.8906215,0.37298852,-0.21721087,-0.035246253,1.4086391000000005,1.6290978,0.6903894,0.8974081,0.5962963000000001,1.9558666,10.391386985778807
0.67939013,1.1069858999999995,0.5587654000000001,-0.49505904,-1.06682,2.1175650000000004,-0.41878787,0.67767996,-0.74970335,1.0079374,35.34182357788086
1.188373,-1.9966829,1.1161435,0.21578555,1.3357796999999998,0.9553518,1.2835202,0.9439398,-0.5424911,0.6889278,20.330245971679688
-1.2559204,1.6084435,-0.68417245,-0.6346918,-2.0421395,0.49856055,0.3598578,-0.074181296,-0.6527430999999999,0.19820498,42.569637298583984
0.57472104,1.1456691,-0.16481414,-0.09332562,0.8036066,1.039421,0.6240128,-0.5573201,2.3291197,-0.9024325,14.793808937072756
-0.8603685,0.6158949,0.27453098,0.95434827,1.5713336000000002,1.8230606,0.7407302,-1.0242518,0.14202474,-1.1626353,22.12660026550293
1.4000224,-0.86318946,1.1502961,-1.4173797,1.2271801000000002,-0.12206377,-0.30504727,0.060888812,0.54223335,0.21448956,4.9676833152771
-0.25770676,0.09283107,1.0162171,0.48474136,0.06847956,1.9894171000000005,-0.417596,0.90746325,-0.83342224,-0.7331719,16.943109512329098
-0.80111367,2.1019206,-1.0640011,0.8652158000000001,-0.88749206,1.2742294,-0.4569169,-0.29327855,-0.20784222,0.22270027,47.53314590454102
0.89479667,-0.5117395,1.2505419,0.6008779000000001,-0.7261666999999999,1.2746358,1.1339748,0.09764671,0.5275757,1.6936717,9.850207328796387
-1.1458534,-2.4428449,-0.62818724,-1.9300503,0.26361609,-1.6794174,0.10892658,0.4586929,0.0936695,1.4015877,28.84441947937012
-0.119186886,0.95519185,0.30186373,-2.0921793,-0.7779863,-0.13119817,1.2898517,-0.71877915,-1.0226189,1.2898022,27.034954071044922
-0.1313098,-0.21725272,0.011292028,1.8753915,-0.1546724,0.52093124,-0.8274239999999999,-1.4463729,-0.25367936,0.77955675,37.15267562866211
-1.5871013,0.6733016,0.36327058,0.980551,-0.36631277,0.7628549,0.43485782,-0.6023898,0.7849644,-0.8414851999999999,19.837697982788086
1.0127921999999998,-0.59079933,0.31658825,0.8478646999999999,-0.30556682,-0.17561056,-1.292353,-0.92408955,-0.9935244,-0.35494372,15.225749969482422
0.88089424,-0.2793613,1.2769043,0.5034058,-0.73256487,-0.9310495,0.91024226,-0.5116712999999999,-0.25396657,2.323152,28.34428977966309
0.97267807,1.2880055,-1.112266,0.91792446,-1.5642864,0.61583495,-0.29056007,-1.3405877,-0.4964356,-1.0237832,8.107485771179201
-0.057450987,-1.2070432,0.30662054,1.0508511,1.3039633,-0.012897366,-0.059815437,-0.31738153,2.3886955000000003,0.5415903000000001,28.11953163146973
-0.39872167,0.60193145,0.7739638000000001,0.41095287,0.72699964,0.8618334000000001,0.15284096,0.056314018,-1.7951186,0.2345337,47.69292068481445
0.73460984,-0.61868626,-0.64939916,0.23590916,0.037955556,2.7092736,-1.4325233,-0.644775,-0.36775178,0.8557244,52.01351928710938
-0.9716748,-0.50115645,-0.60275114,0.3365595,-0.97955835,-1.5935661,-1.0949544,-0.45258138,0.32801905,0.91641885,14.70252799987793
-1.4177772,0.6818911999999999,0.11046127,-1.0374383,0.41876587,2.2539618,0.6131253000000001,0.4686581,1.5534515,0.5109383,40.767173767089844
-0.8076808000000001,1.1123223999999998,0.08782593,0.6853818,-1.9257122,-0.4829607,0.25390524,0.6523504,-0.011021843,0.40873012,22.30756378173828
-0.41989404,-1.6539661,-0.051320918,-0.111463144,0.35208145,0.22141413,-0.7963520000000001,2.216378,-0.4413673,1.4869325,18.518190383911133
-0.34101436,0.8941658000000001,-0.22763419,0.25662592,0.09715462,-1.4117367,-1.5782151000000002,0.60289633,0.8394096,2.0326512,22.04421806335449
0.74395144,0.19946955,0.14844604,-0.22133845,-1.1719866,1.2493339,0.009308612,-0.14640857,0.75079376,1.2589985,18.058313369750977
0.9155579,0.6669337,-0.8849878000000001,0.98876375,1.9479359,1.1023101999999998,-0.52893955,-0.5432804,-1.6723887,1.8770838,47.75373840332031
0.42427385,-1.4361389,2.5999653,-0.6822180999999999,-0.3384212,1.1733856000000005,-0.4858405,0.94525474,-1.4308642,2.2178159,41.62208938598633
0.023789415,-0.22924797,-0.069491014,1.7101972,0.07393843,-0.9329645,0.3596344,-0.39395732,0.22974165,-0.14033881,-5.1257100105285645
-1.1473415,-0.37622303,0.46974257,-0.23376125,0.12557583,-0.48652887,1.4237049,-1.3375816,0.34898582,1.1928594,40.99432373046875
0.7207843,-0.7531755,-0.26372018,0.53963006,-1.4272299,0.9745455,0.9051869,-0.37397346,0.07934744,3.1010454,16.615423202514652
0.78460497,0.31608278,0.14834793,-0.41150105,-1.1127732,-1.0971205,-0.12791015,0.30575868,-1.8772379,0.5051380999999999,15.822274208068848
-1.6366955,-0.2129982,-0.91722465,0.66048545,1.4090015,0.36942706,1.1708392,-1.2310641000000002,-0.64504117,-0.08362214,47.639869689941406
1.2738227,0.7097332,0.46988887,-0.9929527,0.8131908,-0.14643411,0.8060614,2.2301373,1.2067574,0.28505012,-1.719622015953064
-0.232912,0.32971117,-0.10246984,-1.0259056999999998,-0.70432186,-0.64261806,0.26357836,-1.3421502,-1.5333475,2.0600970000000003,46.11818313598633
-0.5948864,-0.10045636,-0.20237243,-0.5570654,2.1934674,-0.1484451,1.7367226000000002,0.82583135,-0.22581477,0.76194245,47.48367309570313
-1.0789921999999998,-0.17820017,0.11170084,-1.2314112,1.6968843999999996,0.6759599000000001,-0.92153233,2.4549723,-0.18808697,0.24145423,16.932235717773438
-1.1830157,-0.77766854,0.115571596,0.5802706999999999,-1.398189,-0.5687939000000001,-0.70202446,-1.7627605,1.1442089,1.9209944,31.438417434692386
0.12605575,-0.7547263000000001,0.07425974,1.3988069,-0.67828083,0.08061466,0.25823939999999995,-1.5170612,0.2473264,1.7526852,32.33292770385742
1.5471723,-0.31242704,0.1961963,-0.98264146,0.9144021,0.10553053,1.0897274,-0.98132515,-0.7573774999999999,1.3042334,13.604876518249512
1.6217719,0.27815893,0.1550126,0.5276753000000001,0.54418105,0.08861795,0.6220257,-2.9352205,0.15021676,0.5446116,8.054265975952147
1.3161908000000002,-1.1336303,-0.95212024,-0.43782538,-0.272802,1.681024,-0.4049324,-0.2258222000000001,1.3901614,1.109508,17.889013290405273
-1.4589292,-0.5682759000000001,1.2700123,0.0052470830000000005,1.1517906999999998,-0.6776838000000001,-0.48138443,-0.73765,-1.8350056,-0.8482120000000001,24.396625518798828
-0.099414214,0.9387984,0.6022218,-1.9307984,-1.0593528,1.2234638999999998,-2.0352478,-0.78568405,-0.7029917,0.49560732,44.32896423339844
-0.16821057,2.4474955,-0.95335037,-2.5340000000000003,1.2001503999999998,-0.37755775,-0.4844312,0.7750096,-0.017336147,0.7188121999999999,14.531373977661133
0.081126295,-1.2112299,-1.0566098999999998,0.17758633,-0.8062951,-2.080207,-1.9674033,-1.7879417000000002,0.7695079,0.2565684,-3.282683849334717
0.112755366,-1.1044166000000002,-0.6453864,0.65142673,0.63345367,0.4015177,0.38391554,0.42489487,-0.2900779000000001,1.1685907,22.90380668640137
-0.3562878,-0.1361707,0.49476412,0.46875858,-0.1492069,0.3625987,-0.89955866,-0.37541074,0.11696415,-0.8763008,9.557072639465332
-0.64783525,0.37014005,0.25877234,-0.05474466,1.0352995,0.3530233,-2.1187365,-2.6913528,0.12292878,-0.44006392,49.98542022705078
0.31829566,0.7873680999999999,1.8886267,0.11336437,-0.04692016,0.7082473000000001,-1.267574,0.9015297,1.1495728,-1.9678577,8.402351379394531
-0.37951124,-1.6337845,1.1075387,0.30561614,0.47662184,-1.3994082,-0.011897964,-0.5430161,-0.38632774,1.0258095,26.675500869750977
1.6826198,-0.33368644,0.2554595,0.7847145999999999,-0.01057062,0.31496640000000004,-1.9979206000000005,-0.5158060999999999,0.21550763,1.9876543,46.57257843017578
-2.1201055,3.0792537,-0.31588495,1.077868,0.90225816,-0.41488355,1.7007848,-2.3631737,0.77530026,0.41212764,67.97411346435547
1.4259073,1.643369,1.3357605,0.30122304,-0.05662884,-0.6002546999999999,-0.64510286,-1.2813362,0.4651754,-0.18309936,8.660451889038086
-0.7927624,-0.6665498000000001,-0.912148,0.070057176,0.57281417,1.5902909,-1.5884393,0.4060914000000001,0.54475063,-0.38060942,34.415298461914055
-0.6791515,-0.16668229,-0.73031306,0.29749593,-1.9987694,-0.1144912,-0.93642694,0.17216673,0.7253779,-1.1785171,-6.393079280853272
-0.63614345,-1.023598,-0.9460387,0.86468595,0.34405753,0.53520304,-1.3435184,-0.6945789000000001,-0.24595569,0.5731002,29.54926109313965
0.25628352,-0.040615015,-0.36764705,-0.2860101,3.8126156,-0.04963582,0.04814333,-1.2951068,-0.43782237,-1.4514588,9.129215240478516
-0.32221994,-1.6754547,-0.9795004,1.3189499,0.62002295,-0.46189576,0.6645604,-0.26484840000000004,1.8149534,2.1193128,22.8128662109375
-0.15297562,0.8534415000000001,-1.3102238000000002,-2.1169546,-0.37675875,0.50438535,1.4883765,0.00908521,-0.39268488,-0.06807347400000001,16.541376113891598
0.944799,0.8242562,-1.1426677,1.1010017,0.08003383,-0.3858458,-1.2124854,-0.9154201,-1.1148885,1.3662826,26.649843215942386
-1.5510216,-0.82353264,-0.7743908,-0.3546304,-1.1007334999999998,0.34588754,-0.7146573,-1.0881788,-0.31959727,-0.018382618,35.57805633544922
-0.00950946,1.8109984,-0.25229716,-1.3344456,-1.9826446,0.10236896,0.58913857,0.98740345,1.0921024,0.13658084,1.245141625404358
0.67748445,0.23676127,-0.62679595,-0.62774056,-1.2067782,0.5849024,-0.9465971,-0.1832576,-0.49227452,0.99538696,21.059968948364254
0.56426805,-0.592032,0.1875817,0.58041215,-1.0381299000000002,1.130703,1.3892354999999998,-0.49266672,-0.123099215,1.4122293,6.617849826812744
0.9431473,0.77202183,-0.54191893,-0.26326627,0.29267633,-1.0092396,-0.95260066,0.6770083,1.329412,-1.368175,-12.64383029937744
-0.36741668,1.0486985,-1.0265663,-1.1210891,0.5806555999999999,-1.1815593,-0.22171906,-1.6181167,-1.3504007,-1.0595888999999998,7.491330623626709
-0.44124362,-0.4496269,-0.10846411,0.4800295,1.2633706,-1.21638,-0.72646713,-0.59655,0.42727026,-0.38536215,6.828949451446532
-1.4776201999999998,-0.11195823,0.29760084,-0.18503444,-0.6131432,-2.1114862000000003,0.21449411,0.62562245,-0.7510848000000001,0.5134158,24.29842567443848
0.14236999,0.45135877,0.33593914,0.22149925,0.7066231,-0.36661866,-1.5325421,0.86429286,-0.31899340000000004,0.49196476,22.70201873779297
-1.7456543000000002,1.3433218999999998,-0.07957023,-0.2575791,-0.09234186,0.25930706,-0.4924808,1.7196802,-1.9588685,-1.0175598,25.80450439453125
-0.47477737,0.76432675,-1.3995373,-0.40456927,-1.449946,-0.8151172,-1.0095015,-0.51283485,0.49148807,-0.5645028,-1.91071879863739
-2.3323112,1.1172183,-1.7658096999999997,2.1150053,-1.0858517,0.3276371,0.29088600000000003,-0.5689576,-0.88220763,-1.419959,42.623252868652344
0.026359914,-1.3501805,-1.6929343,0.58151174,0.29578927,-0.5179895,1.6074419,-0.8660226999999999,-0.81260026,-1.2548223,3.093799114227295
-0.99299306,0.6220864,-0.0631038,-0.013243567,0.6725399999999999,-0.31068897,1.5660704,-0.07044626,-0.7311249,-0.14397427,43.17893600463867
-1.2828597,-1.2277018999999998,1.4134716,-0.25084138,0.56349903,-1.4655687,-0.2817239,0.81832945,-0.4654394,0.14751498,6.363183498382568
-0.35191268,-0.46177927,0.85040253,0.9572848,0.10729559,-2.3112175,-0.49161914,0.38877267,0.18855935,-0.17435397,-12.52761173248291
0.2789966,0.6776673000000001,-0.8947666,-0.009923251,-1.0743566999999998,0.18817258,0.05151468,-1.697157,-1.6172816,0.30750029999999995,32.01008987426758
-0.9843816,-0.668143,0.3355697,0.00060211803,0.23947224,-0.54526913,1.099164,-1.4784492,-1.0492048,1.0007452,55.35821151733398
0.1630385,0.02624843,-0.9832666,-0.24701834,0.88543546,0.15377842,-0.4813125,0.8198360999999998,0.27596770000000004,-0.43979812,-6.83355712890625
0.21153928,1.3015553999999998,-0.7672074999999999,-1.0667628,0.73065054,-1.9066412,-0.85116255,-0.40714735,-0.6944399,1.0145735,13.484418869018555
-0.3039565,-2.6149752,-0.73237365,0.30324665,0.19744216,-0.012925226,0.70564526,-0.21334232,0.031080646,0.49170882,15.046677589416506
-1.7916582,0.31227,-0.65038246,1.2798843,-0.6166788000000001,0.62049896,-0.2519867,0.42959267,0.12816796,1.4379318,56.23857116699219
-0.73295844,-0.41519195,1.945765,-0.3914271,0.047351226,0.18079732,-0.89177835,1.6402314999999998,1.180016,1.7452623,24.82211494445801
-0.8034792,1.2998877,-0.753879,1.4243864,-0.25080073,0.43227914,-0.865657,-1.5998611,0.34536999999999995,-0.11993447,39.38214492797852
0.21824977,-0.06720499,0.5195297000000001,0.099072345,-0.11854191,1.8710799,0.20128232,-0.3148606,-1.9753798,0.4733479,41.07978820800781
-1.131804,0.18744828,0.9176264,0.580228,1.0845771999999998,-1.3367722,0.2790866,0.49021062,-1.2277143999999998,1.306088,57.09018325805664
-1.0930533000000002,-1.4147125,-1.4360113,-0.27383798,1.0558591,0.44029683,-0.9261499,-0.69005525,1.8969101,-0.49903503,6.3766655921936035
-0.34680015,0.21580338,-0.43753856,-1.4965457,1.63579,-1.0892639,1.2120932,0.8513813,-0.79140973,1.1343404,42.3658561706543
-0.24554087,0.46068832,-0.24091569,-0.98551106,-1.6999848999999998,0.43871072,0.9916046,-0.27880913,1.4129044,0.23823377,3.637421131134033
-2.296342,0.61030227,0.3060002,1.5272883,1.4436717,-0.21581204,-1.4571633,0.44427663,-0.32563874,-1.2621163,28.91616058349609
-0.28706482,-0.41303554,-0.057954848,0.4246859000000001,-2.0196202000000003,0.95173645,-0.6359670999999999,-0.8687669,-1.0211284,0.97925204,45.46838760375977
-1.9337635,1.0921321000000002,0.102709174,-0.99599147,0.9169709,1.18269,-0.35389190000000004,-2.0856538,1.8617145,-1.2472761,27.006328582763672
0.22992384,-0.41853452,-1.0359378,-0.8335988999999999,-0.04272244,0.5394376000000001,0.32789218,-0.26434216,-0.7419429,0.14826135,9.372335433959961
-0.8972190000000001,-0.60894376,-0.7578136,-0.8037472,-1.4451418,0.24977787,-1.3978678999999998,-0.15066998,0.43759838,-1.2912874,-5.913761615753174
1.8292514,-0.3736089,1.2178142,-1.2372218,1.6148756000000002,-0.0038407247,0.63367593,0.23756063,0.1269217,0.7142381999999999,5.759848594665527
-0.2517598,1.7019441000000002,0.735699,1.3915128,0.14268677,0.24528109,-0.20680769,0.6573236,-0.28932428,0.5067557,29.48594856262207
1.1085856,2.9360967,0.05648918,0.45900983,0.9237947,0.9843558,-0.12858689,0.1173221,2.4503953,0.2414008,28.168855667114247
-0.9396726,-1.408639,0.4457431,-0.14036827,0.3431941,-0.3963335,-0.45015213,0.10943234,-0.7413615,0.96340543,33.679859161376946
-0.5055751,0.20772855,-0.34527868,1.5170171,0.30661905,-0.96473736,0.95904917,-0.5373906999999999,0.30370757,0.8170155,28.93193244934082
0.04144698,1.299598,1.239049,0.3066576,-0.3824142,-0.07770057,-1.6856468,-0.040854763,1.0838171,1.0995788999999998,43.14645767211914
1.0155827,0.18236828,-0.71128726,-0.6018005,0.8130381999999999,0.41741502,-1.1681223,1.0725735,0.015045081,0.5503706,7.492088317871094
-1.9438149,-0.1820557,-0.7643139,-0.12585044,0.7394076,0.14158367,0.5410972,-0.47327936,-0.21706592,0.3496214,50.04640579223633
0.63900954,-0.9085099,1.7750397,0.5854434000000001,-0.32186598,1.4769633999999998,-0.6059207,-0.75502086,-0.119877204,-0.88810396,9.236817359924316
0.38334024,1.2907345,-1.0764693,0.066205785,-0.2623292,1.8428648,0.8862661000000001,3.2062685,0.26949865,0.80777544,-5.089208126068115
0.85910255,0.08304123,0.30023527,1.6394111,1.4085015,-2.1721165,1.2310393999999998,-1.2193718,0.3206388,0.91359645,28.337987899780273
0.95516175,0.19816568,-0.8996861999999999,-0.56924,1.0565956,0.15601744,-0.27829865,-0.5498545,-0.37775865,0.81676316,6.014943599700928
-1.6785088,0.0064825640000000006,0.54753494,-0.48531604,-0.34362426,1.7855246,-1.6008729,-0.1987499,0.44852933,-0.6126663,43.1418342590332
0.32337257,0.028740423,0.6179762,1.3572327,-1.202441,-1.1145401,-1.1267676000000002,-2.3911707000000004,2.0296454,1.6796516,20.855085372924805
0.8621006,-0.08630542,1.2298913,0.6897886999999999,1.1281669,1.220582,-1.539496,-0.12966755,-0.46811742,-0.4087155,36.43303298950195
0.15893161,-0.6448714,-1.3176108999999998,0.20093651,-1.4899566,-0.4853632000000001,0.84532106,-0.2844136,-0.86089706,0.87429434,22.714784622192386
-0.5355206,0.11200742,1.7239527,-0.9326876,0.37508968,0.25028032,-1.1901001,-0.22407503,0.005736016,1.5814264,54.73248672485352
-0.60395384,-1.094257,-0.28835478,-1.4387465,-0.9191488,-0.2679017,0.34966287,-1.4826452,-0.7401949999999999,0.49592927,17.98615264892578
0.14377514,-0.8938535,0.15696402,-0.65688664,-0.47461846,1.6062251,0.32674107,-0.8690877,0.62010235,-0.020478502,3.8812527656555176
-0.39666978,2.0240061000000003,0.06604476,1.0018425,-0.8728779000000001,0.09627045,0.26644070000000003,-0.7378946,-0.17658928,0.8462166999999999,41.71726608276367
0.52199984,-0.85645163,2.2124767000000003,1.3679782,-0.30007643,-0.17793454,0.9811343,1.2585096000000002,-0.640513,-1.5328814,-8.933300018310547
-0.4417212,-0.16867436,0.8360042999999999,-0.6770181,-0.88370484,0.4955759,-1.4823402,1.8076434,-0.95798874,-2.3916054,-14.56931972503662
-0.4248872,-0.35093975,-0.020588314,-0.20146026,-1.229759,1.3975946,0.29968467,0.5362352,-1.3170165,-0.44565776,10.93575954437256
0.46041566,-0.13954204,0.25678325,-0.22847255,0.6670655,-1.5450565,-0.363312,0.2965727,0.5336951999999999,1.4929526000000002,15.903616905212402
0.11884804,0.73131496,0.083026975,-1.284953,-0.7566114,0.6274258,1.9285499,-0.6472274,-0.95253587,1.1283085,31.96592903137207
-1.7882618,-0.14255239,-1.3972135,-0.15270074,-0.6690577,-0.14551416,-0.71788657,-0.5801558000000001,-0.52106667,-1.3892031,12.11125373840332
-0.43188778,0.027775409,0.27360463,-0.03415887,-0.5523021,0.816445,1.6019219999999998,0.8941024,0.047663018,0.29392493,9.18343734741211
-1.2781614,-0.05901112,-0.18328641,-1.5252181,0.37860337,-0.49112454,0.6465608,0.23304133,1.1363455,0.7121124,17.83687973022461
0.48373312,-0.25193894,0.4606396,0.3717747,0.028765926,0.5929760000000001,2.0446923,-1.5771596,0.9945365,-0.07044993,1.9918133020401
0.35024770000000005,0.79619294,1.3037468,-1.1883421,1.0147507,-1.5905957,-0.29810807,-1.3587693,-0.16443151,2.7145743,43.57701110839844
-0.12387025,-1.5882021000000002,0.17424636,1.5736544,1.3489386,-0.29135385,-0.7961415,-2.3157372000000005,-0.34550935,0.051494325999999986,24.497711181640625
0.91200596,-0.37987465,0.47669584,-1.3672826,1.1832197,-0.064791575,-0.9356867,0.14503168,1.4069248,1.7396362,20.96945571899414
-0.88058835,1.4715071000000002,0.4393823000000001,-0.27715454,0.37838984,2.0975366,-0.3638444000000001,0.67341715,1.0791104,0.7367051,53.10123825073242
1.0553021,0.08343439,-0.17623591,-1.3755699,0.5892646,-0.11811832,0.7875691999999999,0.29773325,-0.78391063,0.19367307,4.243856906890868
0.86877847,3.3207824,-0.86492836,0.025108287000000003,0.79184467,-0.8416556999999999,1.6896950000000002,-0.34173542,0.2092689,1.7972789,20.69137191772461
0.2580303,0.59687406,-1.2091602,0.36788592,1.0716504999999998,-0.6740996,0.63658124,-1.1040558,1.3560455,-1.2684267,-2.2342658042907715
-1.1552159,0.51321393,-1.0444263,0.18566523,-1.1697476999999998,0.39879614,3.234871,0.748085,-0.09685594,-0.6497554,6.529372692108152
-0.39076018,0.09117672,0.02879281,0.9615316,0.23100433,0.41691697,-0.70283794,-0.044252966,-1.4220573,-0.84459025,14.921676635742188
0.51912975,-0.4085154,1.3851426000000002,1.4630225,0.8964163,0.3082081,-0.13859870000000002,-1.5414286,-1.5131173999999998,1.366205,47.21451187133789
0.59669566,-0.22649746,-0.3966198,0.0687281,0.06527914,2.0861356,-0.83016485,-1.1482912,0.5462573000000001,0.2759688,36.66663360595703
-1.0405313,-1.3948587,-0.3217256,0.35818067,-1.3175063,0.29469842,-0.5137019,-0.16294366,-0.85089785,-0.0016752401000000002,20.348241806030273
-1.1215067,-3.0299466,-0.03497835,0.49632007,-0.16065185,-2.2287621,-0.6233143,0.37641457,0.68764657,1.0371625,4.737345218658447
0.065688245,1.6495578000000002,-0.7884757,-0.40743807,1.092554,3.0717008,-0.393398,-2.1679816,-0.80070597,-0.3073212,42.18046188354492
-0.37891844,0.35460654,0.6627192,0.32062626,-2.1236987000000003,0.9851983,0.70747364,0.13954121,0.15654999,-0.7185361,-4.4680585861206055
0.8991575999999999,-1.0938485,0.79153925,1.6946676,-1.8164771,0.081886105,1.2666953,0.67519385,-1.3906771999999998,0.6013727,8.280221939086914
1.8396615,1.9094131,-0.24506299,-1.323302,-2.6103694,-0.15832795,-0.54130197,-0.49236014,0.27454078,0.56328195,-2.9552829265594482
-0.75769037,-1.5547234,-0.57875055,-0.64184517,-0.4512839,-1.6210608,-0.23252477,-0.32447308,-0.24701488,0.5010915,14.401765823364258
-0.6941028,-1.0544407,0.88882536,0.7795435000000001,-0.6734176,-0.075828806,-0.10575897,0.074377105,1.2557003,0.9567625,9.13180446624756
-0.1038879,-0.80414855,-0.69193965,-1.3012648,1.6079559,0.8146201,0.5636605,0.13628508,0.81130135,1.3192468000000002,21.94650650024414
-0.9550709,1.9106997,0.15083565,-0.13023028,-0.122403406,0.21465838,1.5162354999999998,0.038478587,-0.052665345,-0.35234246,11.060028076171877
0.22900282,1.3506961000000002,0.7631346,-1.0195179,0.8797075000000001,-1.0177995000000002,-0.19526006,0.8636636999999999,1.4392688,-0.8692040999999999,2.0756654739379883
-1.0709419,-0.196812,1.1892916999999998,1.5413148,-0.27377388,-0.07428828,0.7593432,0.7631859999999999,-0.8160900999999999,-0.8356764999999999,13.029050827026367
0.033292223,-0.6285769,0.32176998,-1.183768,1.9778117,-0.081280425,-0.51709336,-0.52960366,-0.49028617,0.7885045,17.643953323364258
-0.5255288,0.5768542,-1.6796296000000002,-0.60451686,-0.7876286,1.2440839,-1.3775834999999998,0.9295961,0.38741913,0.39964134,38.32040023803711
-0.87638557,-0.23729755,-0.0042626485,0.025796345,1.6548512,1.4273386,-0.7493801,0.04284933,-1.1637125,-1.3913403999999998,10.007116317749023
-1.269133,0.7162496,0.27877787,-0.32589674,1.9417492,1.1298766000000002,0.12785897,0.59574413,-0.18096045,-0.69967735,22.507247924804688
1.6635991,-0.5101114999999999,-1.6805245999999998,-0.66365635,0.33885196,-1.0100156999999998,-0.19351995,-0.34377894,0.5016878,-0.88820004,-9.913792610168457
-0.72316164,1.1713768,0.29531214,1.9828781,-0.16406235,0.27316648,-0.22552615,0.005681769000000001,0.5555654999999999,1.6184077,48.40318298339844
0.4508999,0.9347866,0.30652067,-0.25243357,0.053110145,0.019064307,1.7214828000000002,0.31415590000000004,0.25024655,-0.018114462,-2.041637897491455
1.9079987,-0.2396074,0.7699129,-0.8991100000000001,-0.250809,-0.98256564,1.4586899,0.32078759999999995,-0.14934282,2.089485,8.999730110168457
-1.2756952,1.7958231,0.3673787,-0.27876016,-0.2516694,0.27818802,2.0027406,1.5465646,-0.2688585,0.09415878,11.55689811706543
-0.6120248,-0.52190644,1.2822094,1.9355181,1.8638545,1.8209884,-1.7868726,0.9188656,-1.4159796999999998,-0.7327018,44.787696838378906
-0.07322801,-1.5679805,0.9893641,0.5207052,0.24777079,1.3341469,0.10358985,-0.5781348000000001,-0.044128336,1.0730408,30.350549697875977
0.09416704,-0.74490404,-0.13757859,-0.10105769,1.1834408,0.012416588,0.3669017000000001,-0.78909004,1.160649,0.9387951,17.64853858947754
-1.2485791000000002,-0.48008993,1.1138706,0.42145905,1.1173966,-1.7016113999999998,1.1459343000000002,-0.07356306,-0.51261574,0.38875744,39.93920516967773
0.0818684,0.06936796,0.3127865,-0.07428601,-0.52811706,-0.4101768,-0.6579058000000001,-1.1146187,-0.9566679,0.14075789,21.13305854797364
-0.5426291999999999,-0.14480032,-0.10835771,0.6243451999999999,0.87726027,-0.0023379903,0.12505412,-0.75298816,2.3580585,1.1306938999999998,31.25831794738769
-0.75827074,-0.39399356,-0.13473526,1.2264016000000002,-1.1833322,-0.7321326,1.0778962,0.09383984,0.8122981,-1.5720495,-20.1069393157959
0.7421982,0.15455410000000006,0.07496649999999999,-0.79638094,1.9102981,0.6691128000000001,-0.7987566999999999,0.75322676,-0.9955862,0.4087457000000001,4.9753451347351065
-0.5876191999999999,-0.7076594,0.4061604,-0.6284179,0.02455353,-1.2789773000000002,0.020154525,0.63717526,-1.3735124,1.924745,49.67194747924805
-0.21831605,-0.101003654,0.3094741,0.33978578,0.78372675,-0.7178379,1.2912356000000005,-0.32709083,-0.23001815,1.208903,39.73318862915039
-1.6404490000000005,-0.23561805,-0.40644705,0.5198827,-0.35148266,-0.8517992,-0.5904047,-0.017108925,-1.1369199,0.43342522,56.96545791625977
1.4147782,-0.33494627,0.46150804,-1.7274926,0.4972164000000001,-0.6796753000000001,-0.06922033,1.0785955,1.0884176,0.7751392,7.693748474121094
0.20236395,0.8537680000000001,-0.4559696,0.24083272,-0.14582768,0.67502856,-0.6357581,-1.6493304,3.5085979,0.8352563000000001,42.373443603515625
-1.5524651000000005,-0.7356106,0.5678085999999999,-0.5664388000000001,-1.3942342,-0.5317236999999999,2.1011126,-0.9980896,-0.0027272545000000003,-0.92366177,-8.332829475402832
-1.1428314,0.62767744,0.84482276,-0.77603936,-0.3039911,-1.2714702,0.24190532,-0.84543455,0.85491115,0.71794015,10.611741065979004
-1.4497963,0.27718390000000004,0.67387664,0.2395333,0.2079051,0.76979554,0.74497986,0.9139631,1.4559523,1.1827451,37.47426223754883
1.2783643999999998,0.093927205,0.12127681,-0.21127099,1.7099656000000003,-0.06365380400000001,1.2006602,-0.50726384,-0.14742893,0.22235835,6.933984279632568
-0.8567601,-1.2457929,-0.6295451999999999,0.83103615,1.2104318,-2.3339097,-0.7513236999999999,1.20705,-1.36883,0.8726771999999999,21.04237174987793
-0.70262605,0.80466145,0.023807352,0.67681575,0.5064932,-0.4596655,-0.19109568,-2.6829073,0.19988036,1.6886830000000002,64.65449523925781
1.1169249,0.71257865,0.41769007,0.20779698,1.4141393999999998,-2.4138565,1.2424798,0.2458016,-0.93690145,-0.5335397,-4.467347621917725
-1.7332699,0.024402097,0.15848081,-0.097426414,-2.256055,1.9482874,-0.5694174,-0.45642754,0.32015872,-0.96133,38.92550659179688
-0.6674894,0.5261036,-0.81920165,1.0186099,-0.19228771,-1.5056351,-0.25133836,-0.45292622,0.29826865,1.089522,19.599634170532227
1.1680558,1.6158011,0.525622,-1.64366,-0.2588679,-0.7546043,0.32010671,0.96066433,-1.2025226,0.5631390000000001,5.4080491065979
1.0697816999999998,0.9418575,-0.48442605,0.24217239,-0.5298970000000001,0.77961636,1.1333412,-1.3008792,-0.8657411,-0.37297654,-2.292327642440796
-0.9013797,-1.1132514,0.2579232,2.1847754,-0.62527263,-0.19410573,1.1140893,-0.33187622,-1.1565436000000002,0.32043064,44.79157257080078
-0.2872519,1.4517074,-0.40210494,0.53113896,-1.0108572,1.7512598,-0.6202693,-0.25674012,-0.105373845,0.81101125,51.45884323120117
1.9602661,0.90047735,-0.3787439,-1.441684,-0.44398686,0.4700041,0.98876935,1.3669271,1.3463763000000002,0.5419491999999999,1.5172477960586548
0.12700106,0.6374541,0.74645495,-0.98997605,0.4486728,0.7302645999999999,-0.16363299,-0.99706376,-1.4117917,1.1545683,45.65525436401367
-0.35186425,1.0759633999999998,-0.8774365,-0.28098005,-0.6709337,0.21585342,0.5329878,-0.02348265,-0.10877962,0.7402880000000001,11.822681427001953
0.14265835,0.60403085,0.26491547,-0.97635776,-1.4654315,2.2974453,-1.6611756000000002,0.7870292,0.09643197,-0.7689746000000001,42.04059982299805
2.015503,-0.09533569,-0.20310016,0.20696357,-1.626426,0.5819204000000001,-0.0796407,0.32148117,0.26658672,-0.5645566999999999,-6.033796787261963
0.092385896,0.023776425,-0.024966398,-0.5455238,-0.56771344,-1.516468,0.08440688,1.4135572,-0.59915906,0.6889592,7.240096569061277
-1.1733487,-0.2644078,-1.2093793,-0.4200806,1.5207683,0.89512676,1.0977197,-0.96538335,-0.43372774,-0.9990788,28.05084800720215
-2.125823,-0.67046136,-0.161662,0.7002488,0.78626823,0.23995659,1.2272173000000002,1.4759693,-0.42776594,0.14302573,44.321537017822266
-1.1464409,2.4233196,1.0072792,-1.522012,-0.48338956,1.3021193000000002,1.9316573,-1.9903268,0.19606574,0.31873897,17.405553817749027
-0.6465031,-0.84964716,-1.7831186999999995,-0.011587867,0.5122926,0.23507875,1.5814779,-0.84795874,-0.38873106,0.11425101,26.40107536315918
-1.0292009,0.43295592,0.8393223,-0.829868,-0.17836960000000002,-0.15767558,0.20963922,0.47480163,-0.9112062,-0.060054857,3.386082172393799
0.35072723,1.7567580000000005,-0.4077985,0.9830021,0.58019745,-0.7260459,-0.72172403,-1.0516987,0.33227345,-0.71370447,10.383651733398438
-1.700873,-1.9582031,-1.2438332,1.5451607,1.3913336,0.7440517,-0.94624776,-0.40740514,-0.8038633000000001,-0.4068642,33.40943145751953
-0.017816655,0.5634668,0.56628144,-0.94718087,1.0878713,0.9355572,-1.5701662,-0.6988736999999999,0.29189467,0.98079365,45.75654602050781
-0.39754853,-0.19702859,-0.39034203,-1.3647532,-0.8144215,0.13865787,0.7758670999999999,2.4110568,-0.2941458,1.7174532,16.635295867919922
0.57901263,-1.1553143999999995,-0.14668113,-0.34789786,0.72597784,-0.03302563,-1.2640266000000002,0.86561173,-0.025451303,0.07354089999999999,2.0741438865661617
1.100368,0.65607435,-0.51101583,0.24057117,0.2661524,-0.0058813784,-0.92130935,-1.0718826,-0.32381615,1.2276913,23.538442611694336
-1.4708719,1.0652353,-0.7904751999999999,-2.3703427,-0.14874749,1.0572946,0.12900215,-1.1252365,-1.0408278,1.0700256,58.46753692626953
-0.07828942,-0.5417128999999999,0.76447797,0.02561168,-0.88289756,0.32197395,-0.7469022,-0.5956388000000001,0.4173666,-0.2488625,6.407510757446289
-1.7283547,0.667061,-0.06845729,0.2542806,-0.47188202,0.092711665,-0.28310576,-2.2194898,0.5346941999999999,-2.2061167,-0.49856606125831604
1.0218176,0.5037047,-0.8214806999999998,-0.8393806,-0.8413695999999999,1.7975582,2.0053535,-0.64386076,1.2786419,1.5052183,12.482751846313475
-0.020126369,1.4750301,-1.7674124,1.0544202,0.9038548,0.4708904,-1.670204,-0.4995948,0.66594684,-1.6255826,15.720072746276855
-2.1988919,0.7537144,-0.83666486,-0.03230037,-0.084973566,0.056050356,-0.40782574,-1.4319454,0.018363837,-0.06718885,57.21283340454102
-0.22908288,2.3383923,0.9109496,1.3231077,-0.07361891,-0.10536802,-1.7835834,-2.6378846,1.5362733999999998,-0.27797657,56.69142150878906
1.6159893,-0.3432723,-2.0648642,-2.1753287,-0.0009470318,-0.76869696,-0.5243693,1.6871216,-0.25149193,0.35516718,-9.35409450531006
0.19294977,-1.6489811,-1.2451167,-0.21594658,0.1132431,-0.709233,0.5922515,-0.66462564,0.6224130999999999,-0.97876716,-12.00204372406006
-0.32170436,0.48486337,-0.37582943,0.7284387,0.018957779,1.9170754,0.63716924,-1.4284191000000002,-1.1177415000000002,0.21050185,45.18687057495117
-1.143741,-0.7756761,-0.23076946,-0.62671167,-0.21858919,0.54336965,0.23921402,0.70664066,-0.19802287,-0.8816232,-10.860353469848633
-0.9265108,-0.8505021999999999,-0.7035170000000001,0.30054837,1.2531037,0.21493624,0.6750590999999999,-0.09049928,-1.7117668,-0.4734789000000001,36.9466667175293
0.33201143,0.3419538,0.17544672,-0.3929529000000001,0.07468253,0.6159126,-1.3890857,-1.8566979,-0.8396582,1.3175013,43.95025253295898
-0.18459292,0.75136536,0.92109406,-0.02628406,-0.0423316,1.695857,-0.47153637,1.4253169,-0.85592026,-0.28095007,23.769500732421875
-1.4504172,-0.26483646,0.009289189,-0.46026376,0.6644023,1.4626055,2.6390069,0.11784991,1.1288874,1.3114442,33.800857543945305
-0.122094646,-0.55855167,-0.8612625,0.33442166,-1.6311629,-0.05109969,0.23885623,-1.910782,-1.393586,0.3618206,34.48208236694336
-0.3986467,-0.95283926,-1.2971456,-1.2728814,0.63176376,-0.77108085,-0.79225963,1.6054795,-0.74956864,1.3585328,21.403993606567386
-2.8583257,-0.35590717,-1.6715753,0.20091675,-0.38595426,-0.7086143,1.234735,-0.014268744,1.3536156,0.8619358,26.08790397644043
-0.8723353000000001,0.7109880999999999,-1.9267212,-0.8983607,0.77193606,1.3455639,0.49603462,1.0542536,-1.3322432,0.41141212,30.625751495361328
1.0731555,0.5044805,0.22020514,-1.0279815,-0.37561002,1.6984943,0.5567791999999999,0.42401564,-1.6937827,2.5313742,41.05993270874024
-0.113714345,-0.8125576,-1.0741295,1.1315973999999998,0.6716112,-0.88241386,0.9454537,0.30881804,-0.31536406,1.5907608,29.97508430480957
0.3943881,-1.5160029,0.005913575,0.20450981,0.6880168000000001,1.1598456,0.04880737,-0.93979967,1.665473,-0.56273836,14.584256172180176
-0.13547578,0.6318855,-0.39236873,0.13749352,0.49381128,0.019439325,1.2850337,1.4505172,-2.1295376,0.26863593,40.93851852416992
1.1157281,0.92600685,-0.7896859,0.21479382,1.3046774,-0.5235604,-2.4339998,0.4783313,0.7951302,0.5423725,22.20819854736328
0.6159829000000001,-1.0201658000000002,0.38737726,-0.0741328,-0.86761713,-0.18356843,1.5106034,1.4596997,-0.9619673,1.7803586999999998,34.86402130126953
-0.14554556,1.7822558000000002,-1.1937008999999998,0.6540053000000001,-1.2684026000000002,1.6750481,1.4715358,-0.27375,0.51498985,-1.8940178,-8.224411964416504
-0.6795647,-1.0041958,0.8252556000000001,-1.0975991000000005,0.9196735,-0.19399275,0.24142817,0.84597045,0.2808574,-1.1576905,-19.58879280090332
-0.11603311,0.6217603,0.52072537,0.30497196,-0.36784673,-0.34056434,-0.9235813,0.32364708,0.2774013,-0.7021243,2.242424964904785
1.691331,0.27008533,-1.514409,-0.047962017,0.3536461,0.95400554,0.13120635,-1.2325726,0.08614548,-0.03876556,-4.232810497283936
1.0926593999999998,0.4611682,-0.45654726,-0.9569942,0.6514456999999999,-0.9764457,0.073208146,1.0041183,-1.3555547,-0.06861299,-3.4109206199646
0.5432385999999999,-0.7112515,0.6674395000000001,2.4347208,1.2616,-1.319256,0.22030449,0.16149251,-1.2092912,0.2558249,12.899137496948242
-0.12053310000000005,-0.9674339,0.07412356,0.5040710999999999,0.8954148999999999,1.4948068,-0.26357794,-0.28124914,1.2726358,0.5751023000000001,31.425987243652344
-1.5915748,-0.31662783,-0.011503985,-0.3817638,-0.942822,-0.3942566,-1.0884646999999998,1.7679203,0.37908065,1.3340822,29.9006290435791
0.24232298,0.63908374,-2.026352,0.06803766,0.8697468,1.8130246,-0.255492,-0.058395922,-1.6139933000000002,1.5872569,43.67851638793945
-0.39199412,-0.15047173,1.3362503,-1.4442258999999995,-0.005981304000000001,1.4906205,0.24290726,-0.7678227,0.12538822,1.0844944,32.249279022216804
-1.1187687,0.92252266,0.39006475,-0.11727852,-2.5230494,0.11201276,1.9057515,-0.5104436,0.42904294,0.99763864,19.102487564086914
-0.35340315,-1.6636328000000002,-0.786718,1.8099269,0.42727908,0.048563797,-0.27749205,-2.303418,0.37765568,1.6520895,42.865623474121094
-1.2811481000000002,-0.3782495,-0.80234736,1.3825212,1.9089742,-0.11648984,-0.35741675,0.35421288,-0.72680944,-0.1835357,33.37850570678711
0.188041,2.5007606,-0.7619203,-0.20318657,0.63749665,0.80843985,0.1177223,-0.24766639,0.008523288,1.0992374,30.017099380493164
0.69782126,-0.5904635,0.17259912,-0.25980788,0.6715601,-0.37521654,-0.36453497,0.24954045,1.513022,1.981872,22.432144165039066
-0.47508124,0.86467654,0.4983978,0.64647806,1.1660508,-1.1087033000000002,0.021381525,-0.14286406,0.32362202,0.30853477,21.36804962158203
-1.7301124,-0.25627398,0.2985777,0.07291677,1.2860849,-0.3978573,0.8671587,-1.7189206999999995,1.5526725,0.05752871,34.70006561279297
-1.5238549,-0.10489731,-1.1023453,-0.71057844,-0.94810104,0.064153574,1.5633863,1.4547597,-1.1424598999999998,0.90305394,50.7891960144043
0.64064515,0.3975914,-0.28072026,0.69195956,-0.97802746,-0.07232826,-0.81080306,0.64009666,-0.04525588,-1.7361318,-15.642963409423828
-0.4709465,-0.29662094,0.2292175,-2.5206752,0.6079661999999999,-0.007742697,-1.8437738,1.1232041,-0.07020191,1.6738416,30.617033004760746
0.38692644,-0.2520446,-0.46055767,0.8806573000000001,1.1311102,-1.4760934,-0.22564116,0.5281794,0.0042746263,-0.41831455,-10.352543830871582
-0.85647607,0.5927695,0.15683217,-0.8561901,0.02586651,1.3050816,0.08237045,0.08654765,0.32898527,0.45918852,30.86541175842285
-1.69857,0.13309455,-0.8506471,-0.7237560000000001,1.0748041000000002,-2.3849394,-0.25598666,1.1924689,-0.6662347,0.83127075,45.40739440917969
0.6277074,0.6115008000000001,0.4924752000000001,1.2348616,0.29799983,0.5443180000000001,1.0142795,-0.52658796,1.1680780000000002,-1.1202354,0.011749356985092165
-1.7682841,0.6904134,1.8642201,-0.7851406,-0.5690371,1.6878799,0.44042072,1.6866757,-2.2090383,0.065098755,49.88505172729492
0.45248348,-1.3758483,0.22946827,2.559041,0.5420909,-0.18427438,0.34858167,-1.3108399,-0.26886562,1.5116627,44.90252304077149
0.28547925,0.68104804,0.29544818,0.99820334,-0.19223198,-1.1260489,0.7461099,-1.825397,0.7486928,-0.34214494,5.971912860870361
0.3930126,0.033978965,0.17072292,0.6752394,0.21016642,-0.7359083000000001,0.99441785,0.6733828000000001,1.0833324,1.3928077,8.025717735290527
1.1030768,0.27293965,-0.5525135,1.3487052,-0.9726634,-0.8437700999999999,-1.9101745,0.19235078,1.436809,0.0012688919,2.231853008270264
-1.0784417,2.2078764,-1.4991908,0.52382743,-1.4337158,-1.7584835,-1.1048425,1.6340172,0.26433644,-0.07243555,-7.616626262664795
-0.42505422,1.4364841,0.09576803,1.0825375,0.4288022,1.1649309,-1.2203648,-1.7198877,0.62603104,0.2147379,60.8835334777832
-0.80329937,-0.18658489,-0.3730381,0.16022728,-0.84189016,1.2402517,-0.96133804,0.9591223,1.1765492,-0.934039,21.300477981567386
-0.07326929,-0.7711960999999999,0.8543689,0.35016504,0.42802325,-0.1948623,-0.0101772845,-0.8886877000000001,-1.516931,0.28810075,27.39578056335449
-0.13172734,-0.70954835,-0.24231017,1.7676805,1.1701221000000002,1.8407686,-0.9743445,-1.1296757,0.85874563,-0.7046135,41.33028793334961
-0.55459344,1.1684253,-0.85284984,-0.18389925,0.009405204,-1.6562697,-0.26494303,0.032372624,0.3853585,0.30280066,0.7168179750442505
-0.10510306,-0.067415684,-0.18291838,0.27675912,-0.1560723,1.4395848999999998,-1.8526733,-0.99217224,-0.46029085,-1.1304361,38.40162658691406
0.13936912,-2.1114004,0.7503543,-0.7375881,0.5165763,-0.4906028,-0.38796118,0.4976175000000001,-0.8209049,-0.16668412,-10.02186393737793
0.0,0.0,0.0,1.2362335366629074,0.0,0.0,1.0782758396398404,0.06395115375932897,0.8079976992518952,0.0,-20.11694134007846
0.0,0.0,0.0,1.2287533486546554,0.0,0.0,1.0794548141424298,0.10519476789522575,0.8084189661930806,0.0,-20.052835589593887
0.0,0.0,0.8347694099125703,0.0,0.8849094294137135,0.0,0.23443159421632823,0.88665823746055,0.27234595832124014,0.0,-18.135183179594133
0.0,0.0,0.8472735796898128,0.0,0.8392183924102705,0.0,0.2252358700782221,0.940134921033433,0.26115921896252214,0.0,-18.135183179594133
0.4531867416080503,0.21369508381990857,0.0,0.841600028989281,0.0,0.0,0.0,0.6108719634040182,0.1284870689952797,0.0,-16.895680922443717
0.7715477136494631,0.0,0.7233343262234853,0.0,0.0,0.6148864886835415,0.20470761574429558,1.785999305531246,0.07156389056950213,0.0,-17.593211633090064
0.8614032958131426,0.0,1.0238122051427225,0.0,0.0,0.838225365355901,0.0,1.9034222225174293,0.0,0.0,-15.657316973445106
0.42099304682715644,0.0,1.0361802700787128,0.0,0.0,0.8561536658568152,0.0,2.1114551979557215,0.0,0.0,-15.64080531567089
0.0,0.005122566905478687,0.49326188038438906,0.0,0.0,0.32127611930191,0.0,1.4493027589721725,0.0,0.0,-15.087064711040732
0.35585998256485807,0.248599250276953,0.013105015331716596,0.3317630959117837,0.0,0.07709497483422559,0.0,0.9472939355243675,0.0,0.0,-15.087064711040732
0.4189944898677086,0.33487348678523027,0.5181461257288327,0.0,0.0,0.0,0.0,0.49352093786418116,0.0,0.0,-14.597508008149905
0.0,0.0715688556220686,0.6893735567342277,0.0,0.0,0.24066306242384314,0.0,1.1842565245306584,0.0,0.0,-14.583645548633655
0.21083701928729776,0.17272702963943978,0.16273153028760912,0.14833795809778894,0.0,0.15318671968646885,0.0,1.1037299592420813,0.0,0.0,-15.087064711040732
0.0,0.035540876396507964,0.7113629784064645,0.0,0.0,0.27889096572900873,0.0,1.2777424918273494,0.0,0.0,-14.583645548633655
0.7740382236866443,0.0,2.2868706500393623,0.42138333306068176,0.0,0.0,0.0,0.0,0.0,0.5497811041588586,-14.087764285399523
0.7728497876755994,0.0,2.3284096899893836,0.41284936151379115,0.0,0.0,0.0,0.0,0.0,0.5508535244828769,-13.99231884177368
0.0,0.0,0.18316962605629197,0.0,0.45981142670273156,0.0,0.6031277348779049,0.6387625158229603,0.609322133617825,0.0,-12.105306863341879
0.0,0.0,0.28281130881177835,0.0,0.6449136456896332,0.0,0.7023223367987881,0.6282795386138628,0.8260932119898593,0.0,-13.7520694908985
0.5578542270930007,0.06265307012357157,0.0,0.5291272900977729,0.8734577882890824,0.0,0.0,0.5739148197979657,0.41149200193163604,0.0,-11.384038772636691
0.035226309294903335,0.0,0.43418866259441147,0.5924191451886971,0.16271241503256817,0.0,0.0,0.4749364401730075,0.5296003432174817,0.0,-12.58545272070748
0.0,0.0,0.8471754982321661,0.9391421848780871,0.11869185169067999,0.0,0.0,0.38273596272095295,0.18368921047794975,0.0,-12.573496839475384
0.0,0.0,0.6026625763362718,0.942804045130884,0.30077193202903185,0.0,0.0,0.41511718971204914,0.15373396864183902,0.0,-11.336692986859743
0.0,0.0,0.0,0.0,0.5372680729626733,0.0,0.6784004491361384,0.37321441021586244,0.7834861343990713,0.0,-12.782991164223171
0.32005549588149373,0.0,0.0,0.502617318286647,0.7802137031987817,0.0,0.05631673917311397,0.11697531461121291,0.2173698574548158,0.0,-11.116437143655357
0.0,0.0,0.0,0.0,0.0,0.5315611838807718,0.22536059628801927,0.7170950317256545,0.0,0.0,-10.85642813839587
0.0,0.0,0.0,0.0,0.0,0.5457997516710503,0.2253607777275699,0.6878976803204533,0.0,0.0,-10.834045763476288
0.0,0.0,0.8481132649646167,0.3618638161935718,0.0,0.0,2.0301565712195053,0.0,1.0342663749829633,0.0,-10.306068242945807
0.0,0.0,0.879935347318933,0.36769761795107925,0.0,0.0,2.0315097822342816,0.0,1.0326976577615616,0.0,-10.365080477331226
0.5471133490439838,0.0,0.0,0.10685448387502683,0.0,0.0,0.21549878782085424,0.0,0.0,0.0,-9.8640377643196
0.5311620433550321,0.0,0.0,0.18390925281118187,0.0,0.0,0.17157036569638168,0.0,0.0,0.0,-9.8640377643196
0.0,0.0,0.0,0.0,0.0,0.6291127763072939,0.4859630713587474,0.8207307464204153,0.17036758373010918,0.0,-10.450217282534187
0.5537233137776847,0.0,0.21787460015484794,0.0,0.0,0.7261809072220043,0.7240476958431118,0.931103431305585,0.5272442552492663,0.0,-10.049371533447268
0.0,0.0,0.04812390146452705,0.0,0.0,0.249453567239745,0.06093375925574179,0.6472239237094248,0.0,0.0,-10.42427465092739
0.0,0.0,0.44180055742986213,0.0,0.28537400667473256,0.0,0.0,0.5633532215585492,0.0,0.0,-10.42427465092739
1.6324849539753306,0.0,0.0,0.0,0.11678517018150308,0.0,0.0,0.9834632656622828,0.009466784535932748,0.0,-9.625814436816333
1.5424980796389978,0.0,0.0,0.0,0.3202741368635474,0.0,0.0,0.0,0.5116289577696691,0.0,-10.858428632510945
0.5627919185965331,0.0,0.0,0.0,0.0,0.0,0.2808770728886089,0.0,0.0,0.0,-9.466122025114633
0.5715935185186919,0.0,0.0,0.0,0.0,0.0,0.2942447144132706,0.0,0.0,0.0,-9.28178649940728
1.6194543476145786,0.0,0.0,0.0,0.0,0.0,0.0,1.6796116315486764,0.0,0.35300957604665695,-9.412843014323888
1.6213155516848567,0.0,0.0,0.0,0.0,0.0,0.0,1.6899302977853528,0.0,0.35247947716222616,-9.341269287220417
0.5198266974848615,0.0,2.2122571508801014,1.3608758709724522,0.0,0.0,0.9963405756047976,1.275048243402369,0.0,0.0,-8.929155716188314
0.532405062450109,0.0,2.2117077039261943,1.3645378473563818,0.0,0.0,0.997255184314926,1.2489647397915489,0.0,0.0,-8.92678340373919
0.0,0.0,0.5699225380155943,0.0,0.0,0.0,2.1007404209612335,0.0,0.0015997744209699633,0.0,-8.328447592627088
0.0,0.0,0.671092372025086,0.0,0.0,0.0,2.077113302484367,0.0,0.3538740185309843,0.0,-9.238725917733653
0.0,1.7793817900588975,0.0,0.6369026125218248,0.0,1.669993446252225,1.4800078845544669,0.0,0.5129710816580224,0.0,-8.206815046060937
0.0,1.7731234502714726,0.0,0.6605777617287204,0.0,1.693631077572346,1.464116442391363,0.0,0.5124602790526306,0.0,-8.200440993338187
1.0350848109144657,0.0,0.0,0.0,0.00016801848185370866,1.0067067909795877,3.008302062097896,0.0,0.5640746661010216,0.0,-8.140930482960625
1.0205458802931302,0.0,0.0,0.0,0.0,1.0004897232066672,3.028298346547372,0.0,0.5682154103383232,0.0,-8.186217020397041
0.07735473290779042,0.3754570485431671,0.45922433723587214,0.0,0.0,0.0,0.5504446370862336,0.0,0.7754700494886057,0.0,-7.642120732793039
0.09594238613378653,0.35473074266391463,0.46092604428856554,0.0,0.0,0.0,0.5566056037633433,0.0,0.7690235367163313,0.0,-7.732872213466424
0.0,2.2193889804374765,0.0,0.5230579756800967,0.0,0.0,0.0,1.6341587964920812,0.2707271506553833,0.0,-7.5326129482727415
0.0,2.2021482601857527,0.0,0.5035673578372843,0.0,0.0,0.0,1.6383364408890824,0.2537098918158369,0.0,-7.613268037816843
1.042571480641015,0.12266268867272734,0.32456028543310633,0.0,0.5747634124983956,0.0,0.0,1.363901609924338,0.0,0.0,-7.4873503819141725
1.0387373390415855,0.11859197175742046,0.33414224797393444,0.0,0.5624159931114363,0.0,0.0,1.3267848497928907,0.0,0.0,-7.616887618544628
0.0,0.0,0.0,0.0,0.8652731765634574,0.14665271772678043,1.4817158047525594,0.0,0.9909634133239362,0.0,-6.808327536622577
0.0,0.0,0.0,0.0,0.87297697628733,0.14954751790118137,1.485344195584958,0.0,0.992580084105749,0.0,-6.784257194396716
0.0,2.6154102319044727,0.03178211475939263,0.0,0.8684418501632913,0.0,1.19523316006237,2.271785399525258,0.0,0.0,-6.757964724745035
0.0,2.6236787277548874,0.017786385177776257,0.0,0.8616307198922312,0.0,1.215670387913475,2.2982039567312675,0.0,0.0,-6.862464988961064
0.6066327115424189,0.07499215273386428,0.0,0.0,0.7221293590347986,0.0,0.0,1.0852091048778394,0.0,0.0,-7.174224773229288
0.16223972377361293,0.03709741016011049,0.0,0.0,0.8821611174386448,0.16211272642972266,0.0,0.8367761632038856,0.2743058686377327,0.0,-6.819372400644418
0.0,0.0,0.0,0.29113412374184855,0.0,0.0,0.0,0.18502211319717435,0.7222326846901439,0.0,-6.420953213067376
0.0,0.0,0.0,0.30348033502627475,0.0,0.0,0.0,0.179014289409032,0.7195225781345452,0.0,-6.390193045073306
2.02345468182515,0.0,0.0,0.21120204397130907,0.0,0.5901537513884016,0.0,0.32908107067891784,0.2748026061251644,0.0,-5.99503601393743
2.026035826818831,0.0,0.0,0.20529634172206687,0.0,0.5808861434348769,0.0,0.32465241420419677,0.27023619303988794,0.0,-6.074471316496974
0.06243740144907878,0.0,0.0,0.4450208251898927,0.0,0.0,0.07301060872271933,0.5150268051461836,0.27734858427526954,1.5216524045305184,-6.025298604172731
0.06109679533907107,0.0,0.0,0.468580568504779,0.0,0.0,0.0439756196180205,0.5387442606486602,0.2941955490022143,1.5002847145530578,-5.985216927097986
0.0,0.0,0.0,0.0,0.0,0.24365386104707826,0.0,0.0,0.4366203436039918,0.0,-5.84919119690203
0.0,0.0,0.0,0.17151852098595444,0.0,0.0,0.0,0.1352356190105323,0.692457178581374,0.0,-6.144086394746865
1.2126651356550127,0.0,0.6454692402764565,0.5961095804023739,0.1968768796083579,0.863219276025484,0.0,0.40412004437419347,0.0,0.0,-5.796262149875084
1.2276382444570522,0.0,0.6474938381276797,0.5905518172102617,0.21281974137304446,0.8615214065151399,0.0,0.4055524767694036,0.0,0.0,-5.855069683153005
0.019258426094166368,0.0,0.0,1.7103717729446972,0.06922622885145849,0.0,0.3642647604324012,0.0,0.2479263896431515,0.0,-5.082783438514353
0.028469798241116704,0.0,0.0,1.7151517516437351,0.06321370162431247,0.0,0.3599163793313635,0.0,0.22615254658488015,0.0,-5.095086173290779
0.3710799427331488,1.2916618104395965,0.0,0.061090043067631584,0.0,1.838566306755265,0.8894029459756687,3.219016659215499,0.2807669615774955,0.8047859999564949,-5.188707940511372
0.38874256098096793,1.2850774469618786,0.0,0.07539780258717678,0.0,1.8528764614135498,0.8793201752772862,3.2167099996822412,0.2616812641168252,0.8137786433973259,-5.030941957248493
0.0,0.0,0.0,0.0,0.210391619943673,0.0,0.3012916549964262,0.0,2.1179137513320483,0.0,-4.650092827966577
0.0,0.0,0.0,0.0,0.2080117637474768,0.0,0.2743458969238135,0.0,2.1126670728574335,0.0,-4.681760048448322
0.0,0.34723135405397887,0.6671652106718524,0.3189184937346118,0.0,0.9908258968197373,0.6970500660490748,0.14400272484079865,0.1518846289820499,0.0,-4.516092816299444
0.0,0.3629337363912651,0.6634120952656412,0.305763431652839,0.0,0.975746048477759,0.7060580306433498,0.12920124037735994,0.15145444479565376,0.0,-4.506879883095348
1.1051411878364659,0.7044583854247671,0.41707106402953587,0.20800722875429759,1.4347286287982615,0.0,1.2514706398431672,0.2593643849857598,0.0,0.0,-4.460042368430068
1.1201542319137476,0.7089272910526367,0.4328592045571593,0.20774731360964074,1.414835912959196,0.0,1.2447141707595533,0.23214103027589164,0.0,0.0,-4.432293296052841
1.6839167379625128,0.2716681956775236,0.0,0.0,0.3588273730035955,0.9578336748367581,0.1339989484575412,0.0,0.09665026980331178,0.0,-4.284099436302174
1.6993324184281189,0.2652977330549221,0.0,0.0,0.3380713260275982,0.9608737607260159,0.1378750855153636,0.0,0.08662959499932033,0.0,-4.259899355063417
2.496740378147079,0.0,0.0,0.0,0.0,0.0,0.0,0.0,0.0,0.0,-4.121792018583555
2.5150258737528963,0.0,0.0,0.0,0.0,0.0,0.0,0.0,0.0,0.0,-4.135795306706825
0.14381781630962076,0.21809536190012566,0.0,0.012066947231401337,0.6862300980655186,0.21387916420579678,0.1615469073762308,0.0,0.25452566585089864,0.0,-3.4982292538290016
0.0,0.0,0.0,1.5855865182611253,0.11126736222551248,0.0,0.3104195034109922,0.0,0.1595980864287898,0.0,-4.405703886989149
1.1023948438819033,0.4715030991940284,0.0,0.0,0.6571316917621696,0.0,0.060347189321049294,1.0091621071149903,0.0,0.0,-3.330024202422201
1.1018997626263138,0.4769865111094413,0.0,0.0,0.6478378325938833,0.0,0.07227903043445773,0.9844743590877325,0.0,0.0,-3.414225895160348
0.07204998402515952,0.0,0.0,0.1918972466326757,0.0,0.0,0.0,0.0,0.7590593690022507,0.2605334795338999,-3.2994176204757277
0.08064644520492831,0.0,0.0,0.17293032558340743,0.0,0.0,0.0,0.0,0.7685940551951086,0.26080288308001687,-3.2801916130814863
0.38317667701234076,0.21398663905781587,0.0,0.0,0.7908646415429806,0.4981494176379959,0.3156729596230231,0.0,0.6301929580905992,0.0,-3.1906480581371155
0.4246582070357358,0.24205806950583686,0.0,0.6335326880367449,0.25526105821381595,0.1690973121438289,0.0,0.7806638777745347,0.44703074745001015,0.0,-2.9624209141011595
1.8391723398182154,1.9116054122590864,0.0,0.0,0.0,0.0,0.0,0.0,0.27594789832497185,0.5583495148220442,-2.967629220230932
1.8362280235562864,1.9086713264336053,0.0,0.0,0.0,0.0,0.0,0.0,0.2700390104287692,0.576448776147697,-2.908650301496277
0.4723012551054835,1.0062597118946146,1.325787984241637,1.6370625598886446,0.0,0.0,0.0,1.1516543081194195,1.1153241071721292,0.0,-2.078308833412498
0.45795448331167854,0.7308356984346369,0.7129444871412174,1.3142809510215718,0.0,0.0,0.0,1.0738616896051532,0.8626040601804528,0.0,-2.078308833412498
0.6382182083483348,0.4810202171199406,0.0,0.006608435023715498,0.2777771574788648,0.6112181655357395,0.6317359878334026,0.0,0.05214967922819613,0.0,-2.6698933807277583
0.7795930064844161,0.9385420119165254,0.0,0.010255637338310614,0.0,0.42299962541406605,1.4091160612193236,0.0,0.0,0.0,-2.159732441410935
0.24072401039491584,0.6146730602744245,0.0,0.35569293447331507,1.0846735004297863,0.0,0.6300966670494091,0.0,1.358433419740561,0.0,-2.213946187514714
0.2540802919633405,0.5959616553923694,0.0,0.36792837248066707,1.0830016558097197,0.0,0.6332305800246414,0.0,1.3587735627132136,0.0,-2.2161845227305457
0.4330222837063392,0.7710794723608465,0.08528050552474739,0.0,0.21380862191226294,0.12690339111485285,1.411495513339582,0.1861589404017883,0.33257837909677335,0.0,-2.4917194260745834
0.38651846762180847,0.3452393586451554,0.0,0.0,0.6318225390160755,0.4074177981826229,0.6051468631277288,0.0,0.5467425145904409,0.0,-2.4917194260745834
0.0,0.7603446372483673,0.0,0.0,0.0,0.0,0.0,0.0,0.49484843152921737,0.0,-1.9258160646113054
0.07921492485500503,0.44989995338655087,0.0,0.3000208285844793,0.0,0.0,0.0,0.3725924055320673,0.44825283514119274,0.0,-2.258276896007875
1.2770697650272393,0.6944456669667479,0.43979390654288264,0.0,0.8143442232509184,0.0,0.8109377656373564,2.228607394832928,1.215008755714984,0.2868383280226783,-1.7540789845563252
1.2859812659833174,0.7049962168153401,0.4653137112646438,0.0,0.8155069276215926,0.0,0.803674534615629,2.233233339423854,1.1923857819680974,0.2837006767471642,-1.7668830020230768
0.4669209185016471,0.9029700016732432,1.095958978297852,1.5160127704173547,0.0,0.0,0.0,1.1224804647687276,1.0205488546697006,0.0,-2.078308833412498
0.46743192266565425,1.0286741435916131,1.3680695499506468,1.6624797940100797,0.0,0.0,0.0,1.1722198965745585,1.1339243129944578,0.0,-1.6573747124195484
1.8521577670888147,0.31758415157474423,0.0,0.0,0.4458411875961711,0.13202570671036715,0.13974866593096072,0.0,0.0,0.0,-1.503268036125146
1.863044354985291,0.3411217806414464,0.0,0.0,0.43426030741047233,0.134886538363417,0.1360685350491624,0.0,0.0,0.0,-1.5260505262637019
1.0836179525792953,0.9332541668234073,0.0,0.2542293007113111,0.0,0.7899501319772474,1.1471091374777445,0.0,0.0,0.0,-2.3400020821693595
0.2838516578138104,0.0,0.0,0.0,0.0,0.0,0.5181644351327431,0.0,0.38724925434300195,0.0,-10.555133938032704
0.35663930835839686,0.04752198109270016,0.0,0.0,0.8141626788543929,0.029953355629039127,0.0,0.9356546272125301,0.10479765998880408,0.0,-7.174224773229288
2.4943288701976924,0.0,0.0,0.0,0.0,0.0,0.0,0.0,0.0,0.0,-4.184689244753448
0.462224218019068,0.8128044846131663,0.8953324966094847,1.4103438046094325,0.0,0.0,0.0,1.097013507172398,0.9378159316315193,0.0,-2.078308833412498
1.2854521282281064,0.6984589100072843,0.4721894788421623,0.0,0.8158124104173315,0.0,0.8118258253752788,2.2228301414998053,1.2139153323942138,0.28861697544093284,-1.6840887523790287
0.0,0.0,0.5613222592398558,0.0,0.0,0.0,2.1091123922677983,0.0,0.0,0.0,-8.326611668994008
0.0,0.03381330067294891,0.7124173920003611,0.0,0.0,0.2807240298955861,0.0,1.282225232493543,0.0,0.0,-14.583645548633655
0.0,0.0,0.0,0.0,0.20466865566469247,0.0,0.28774834899634427,0.0,2.1200572942227396,0.0,-4.691427193186376
0.7923823910254892,0.28548025691794254,0.0,0.0,0.2566161811643294,0.0,0.0,0.40738422000440966,1.1873285879104145,0.0,-12.314580846141787
0.5249023792561568,0.0,2.2168061114442352,1.3585671464110936,0.0,0.0,0.9757245936395397,1.2484097272339418,0.0,0.0,-8.889865493870639
0.005131689805862871,0.0,0.9396877746016264,0.0,0.0,0.6823413524837595,0.0,1.9650062584121761,0.0,0.0,-15.64080531567089
1.0555637084767668,0.10725775264565623,0.32438328156492113,0.0,0.5604082327852558,0.0,0.0,1.3421143303824825,0.0,0.0,-7.569235873754786
0.0,0.0,0.0,0.0,0.0,0.6174157627234353,0.45230174910647064,0.805166661599663,0.12011203174566565,0.0,-10.450217282534187
1.8585706180159849,0.3282855419975939,0.0,0.0,0.45187109657176044,0.1328931305897169,0.15924300438939826,0.0,0.0,0.0,-1.6015416315132152
0.0,0.0,0.0,0.30005490942756263,0.0,0.0,0.0,0.16300459330018438,0.7321112766534217,0.0,-6.388843772706459
0.0,0.0,0.0,1.0839214594098847,0.0,0.0,0.5743764243153499,0.23946975435312484,0.5836775902174743,0.0,-17.59625017220616
0.0,0.0,0.0,0.0,0.0,0.5572010552874788,0.25967080099703954,0.7178357989084947,0.0,0.0,-10.917508887556982
0.2237807255778369,0.0866827070774488,0.23147344922761293,0.41471286277592434,0.18970294656053516,0.0,0.0,0.5169021419983343,0.6957029244165301,0.0,-12.58545272070748
0.0,2.6259110097004537,0.03664064086205866,0.0,0.862940231470101,0.0,1.1972303373320816,2.298771669887119,0.0,0.0,-6.808120389759651
0.0,0.0,0.0,0.0,0.8729236782483554,0.13347888533848648,1.4828208510483258,0.0,0.9847964164917036,0.0,-6.836442173113339
0.37849891009090336,0.19072301184349014,0.0,0.0,0.7875545875956144,0.5160445980676487,0.31600529183597226,0.0,0.6184603802345104,0.0,-3.157187801853929
0.0352902599757558,0.0,0.0,1.7094541198607294,0.06554318934320795,0.0,0.34836092653791556,0.0,0.23070095475498925,0.0,-5.171128904527817
0.5767660023138405,0.0,0.0,0.0,0.0,0.0,0.3003601152817047,0.0,0.0,0.0,-9.348782870276917
0.0,0.0,0.8463127183175299,0.944330117429707,0.1111871139604399,0.0,0.0,0.3904732426062464,0.19319965341234913,0.0,-13.075105676221822
1.0365281180334092,0.0,0.0,0.0,0.0,0.982497593779856,3.002531383021453,0.0,0.573370652499025,0.0,-8.181632149524292
0.2679130369722737,0.5881047195025055,0.0,0.3593939196494179,1.070874718241666,0.0,0.640693728331364,0.0,1.3459266365575782,0.0,-2.1780808650012875
0.04133924218628954,0.0,0.0,0.4493411787190552,0.0,0.0,0.05906562205412223,0.5441592061544408,0.29602506641305404,1.5108079301494148,-6.03100669520232
0.0,0.0,0.0,0.0,0.0,0.19842115014802963,0.0,0.0,0.4781711691961141,0.0,-6.144086394746865
0.5894609191677618,0.3826050960827716,0.0,0.0,0.0,0.0,0.0,0.607567724261833,0.0,0.0,-15.10242734677158
0.4967058677158834,0.0,0.0,0.35035410090516184,0.16862751179372093,0.0,0.07668124139605131,0.0,0.0,0.0,-9.8640377643196
0.4036973028570564,1.2800122289150089,0.0,0.06270596504007737,0.0,1.8429954612901729,0.8809548301571648,3.201485696922342,0.27246728369665807,0.8008031671696108,-5.0549023548917145
0.0,2.2037940015109934,0.0,0.5275467618661506,0.0,0.0,0.0,1.6447887888860226,0.2597529545184581,0.0,-7.621796728029542
0.0,0.0,0.8397483523582608,0.0,0.0,0.5152663807380093,0.0,1.8121155618231346,0.0,0.0,-14.637859134320347
