acceleration,Attribute3,Attribute4,Attribute6,Attribute7,Attribute8,Attribute9,Attribute10,Attribute11,Attribute12,Attribute13,Attribute14,Attribute1_nominal1,Attribute1_nominal2,Attribute1_nominal3,Attribute1_nominal4,Attribute1_nominal5,Attribute1_nominal6,Attribute2_nominal7,Attribute2_nominal8,Attribute5_nominal10,Attribute5_nominal11,Attribute5_nominal9
9.0,1998,100,11.8,0.609,9999.0,9999.0,208,1.14,28.4,33.6,3.3289999999999997,1,0,0,0,0,0,1,0,0,0,1
10.4,2351,110,12.9,0.9159999999999999,9999.0,9999.0,190,1.32,26.8,33.5,3.536,1,0,0,0,0,0,1,0,0,1,0
8.6,2793,142,12.0,0.6629999999999999,9999.0,9999.0,228,1.67,32.3,38.9,3.2,0,1,0,0,0,0,1,0,0,0,1
13.7,1998,84,17.7,0.85,9999.0,9999.0,175,0.92,26.8,35.9,3.233,1,0,0,0,0,0,1,0,0,1,0
12.5,1793,81,14.1,9999.0,9999.0,9999.0,188,0.85,45.7,40.6,2.6830000000000003,1,0,0,0,0,0,1,0,0,0,1
6.1,5987,290,6.8,0.63,3.2,4.5,250,0.888,47.6,54.2,2.2,0,1,0,0,0,0,1,0,0,0,1
11.6,1781,92,14.5,0.633,9999.0,7.5,198,1.7,30.5,32.8,3.545,0,0,1,0,0,0,1,0,0,0,1
8.6,1781,110,11.8,0.653,9999.0,6.0,217,1.17,14.5,37.4,3.11,1,0,0,0,0,0,1,0,0,0,1
8.2,3199,165,10.5,0.621,3.7,5.8,240,0.883,30.7,48.5,2.548,0,1,0,0,0,0,1,0,0,0,1
18.1,2765,72,22.9,9999.0,9999.0,9999.0,135,0.86,21.4,49.1,2.758,0,0,0,0,1,0,0,1,1,0,0
12.5,1753,55,22.6,0.675,9999.0,9999.0,184,1.13,15.1,45.4,2.399,1,0,0,0,0,0,0,1,0,0,1
14.0,2982,92,19.0,9999.0,9999.0,9999.0,160,1.55,22.1,42.1,3.4360000000000004,0,0,1,0,0,0,0,1,1,0,0
11.7,1595,74,16.0,0.633,9999.0,7.7,188,1.113,28.2,30.2,3.8510000000000004,1,0,0,0,0,0,1,0,0,0,1
7.7,1795,107,10.0,0.648,9999.0,9999.0,212,9999.0,49.1,9999.0,9999.0,0,1,0,0,0,0,1,0,0,0,1
8.0,2959,150,10.1,9999.0,9999.0,9999.0,225,0.768,44.4,46.5,2.488,1,0,0,0,0,0,1,0,0,0,1
13.6,998,50,17.0,9999.0,9999.0,9999.0,155,0.884,28.7,29.2,3.7,1,0,0,0,0,0,1,0,0,0,1
11.5,1595,74,15.6,0.654,9999.0,9999.0,188,1.41,30.1,32.2,3.613,1,0,0,0,0,0,1,0,0,0,1
10.7,2351,110,13.7,1004.0,9999.0,9999.0,190,0.98,28.5,38.0,3.113,1,0,0,0,0,0,1,0,0,1,0
8.4,1969,114,12.0,9999.0,9999.0,9999.0,215,1.4,35.7,33.4,3.4,1,0,0,0,0,0,1,0,0,0,1
10.9,1998,84,13.5,0.617,9999.0,9999.0,191,0.96,43.3,39.1,2.7119999999999997,1,0,0,0,0,0,1,0,0,0,1
10.6,1951,100,14.9,0.629,9999.0,9999.0,206,1.114,15.9,46.2,2.6,0,1,0,0,0,0,0,1,0,0,1
10.0,2387,100,13.0,9999.0,9999.0,9999.0,197,1.36,17.7,47.5,2.371,1,0,0,0,0,0,0,1,0,0,1
12.3,1781,110,15.3,0.831,9999.0,9999.0,189,0.82,21.2,41.9,2.8,1,0,0,0,0,0,1,0,0,1,0
15.1,999,40,21.2,0.88,9999.0,9999.0,142,0.914,19.4,28.2,3.551,1,0,0,0,0,0,1,0,0,0,1
14.2,2088,80,19.1,0.741,9999.0,9999.0,184,0.976,17.3,43.9,2.647,1,0,0,0,0,0,0,1,0,0,1
8.0,1781,132,10.7,0.6729999999999999,9999.0,9999.0,227,1.65,15.8,35.5,3.259,0,0,1,0,0,0,1,0,0,0,1
9.8,1948,102,12.8,0.6659999999999999,9999.0,9999.0,210,1.94,38.2,32.0,3.628,1,0,0,0,0,0,1,0,0,0,1
13.9,1793,85,14.8,9999.0,9999.0,9999.0,178,1.76,38.5,28.8,3.878,1,0,0,0,0,0,1,0,0,0,1
8.1,2946,140,10.5,0.6859999999999999,9999.0,9999.0,230,1.11,32.7,38.0,3.17,1,0,0,0,0,0,1,0,0,0,1
7.2,2157,156,8.5,9999.0,9999.0,9999.0,228,1.26,54.8,30.9,3.7110000000000003,1,0,0,0,0,0,1,0,0,0,1
11.7,1998,113,12.2,9999.0,9999.0,9999.0,205,0.78,45.5,44.5,2.66,1,0,0,0,0,0,1,0,0,0,1
7.3,2492,140,9.5,0.639,9999.0,9999.0,230,1.33,41.2,35.3,3.242,1,0,0,0,0,0,1,0,0,0,1
28.5,1896,50,34.1,1094.0,9999.0,16.8,132,1.51,13.6,34.0,3.486,1,0,0,0,0,0,0,1,0,1,0
14.1,1324,47,18.0,9999.0,9999.0,9999.0,150,0.7609999999999999,22.9,37.9,2.625,1,0,0,0,0,0,1,0,0,0,1
6.5,4966,225,8.0,0.621,3.2,4.7,250,0.86,36.6,52.8,2.3409999999999997,0,1,0,0,0,0,1,0,0,0,1
19.5,1297,37,25.6,0.662,9999.0,9999.0,143,0.87,18.7,35.4,2.93,1,0,0,0,0,0,1,0,0,0,1
11.0,1998,100,15.4,0.71,5.0,8.1,198,0.882,30.7,40.8,2.9,0,1,0,0,0,0,1,0,0,0,1
11.5,1896,74,15.6,0.643,9999.0,9999.0,183,0.955,16.9,47.9,2.2119999999999997,1,0,0,0,0,0,0,1,0,0,1
8.6,2393,121,11.2,0.65,9999.0,6.1,222,0.978,27.3,37.8,3.68,1,0,0,0,0,0,1,0,0,0,1
11.6,1991,110,13.3,0.609,9999.0,9999.0,205,9999.0,9999.0,9999.0,9999.0,1,0,0,0,0,0,1,0,0,0,1
18.0,1689,44,24.3,0.69,6.8,11.8,152,0.8170000000000001,16.5,51.7,2.123,1,0,0,0,0,0,0,1,0,0,1
10.7,1995,105,13.4,0.61,9999.0,9999.0,202,0.912,38.8,36.9,3.26,1,0,0,0,0,0,1,0,0,0,1
11.5,2461,103,15.5,9999.0,9999.0,9999.0,200,1.6,24.3,47.2,2.59,1,0,0,0,0,0,0,1,0,0,1
11.4,1595,74,15.5,9999.0,9999.0,9999.0,188,1.41,30.1,32.2,3.613,1,0,0,0,0,0,1,0,0,0,1
11.2,1600,85,13.7,0.693,9999.0,9999.0,193,0.9570000000000001,24.1,33.1,3.2260000000000004,1,0,0,0,0,0,1,0,0,0,1
9.6,2324,110,13.3,0.667,9999.0,6.6,215,1.6,25.3,35.6,3.259,0,0,1,0,0,0,1,0,0,0,1
10.4,1998,94,13.5,9999.0,9999.0,9999.0,170,9999.0,9999.0,9999.0,3.823,0,0,1,0,0,0,1,0,1,0,0
9.6,1781,110,11.8,0.65,9999.0,6.8,214,0.79,16.8,47.5,2.443,1,0,0,0,0,0,1,0,0,0,1
9.9,1991,85,14.2,0.6579999999999999,9999.0,9999.0,198,0.795,42.7,41.5,2.7319999999999998,1,0,0,0,0,0,1,0,0,0,1
11.0,1731,85,14.9,9999.0,9999.0,9999.0,195,0.9570000000000001,34.4,37.0,2.9410000000000003,1,0,0,0,0,0,1,0,0,0,1
11.2,1590,71,13.5,9999.0,9999.0,9999.0,175,0.853,23.6,34.2,3.88,1,0,0,0,0,0,1,0,0,0,1
8.4,2793,142,10.5,0.659,9999.0,6.0,232,1.19,27.0,38.0,3.42,0,1,0,0,0,0,1,0,0,0,1
11.2,1896,81,15.3,9999.0,9999.0,9999.0,193,1.32,17.2,45.1,2.576,1,0,0,0,0,0,0,1,0,0,1
9.4,2324,110,12.4,0.6779999999999999,9999.0,6.6,216,1.3,28.5,35.0,3.3,1,0,0,0,0,0,1,0,0,0,1
14.0,2982,92,19.1,9999.0,9999.0,9999.0,160,1.1,28.4,44.0,3.238,0,0,1,0,0,0,0,1,1,0,0
10.8,1499,66,13.4,9999.0,9999.0,9999.0,170,0.84,28.1,34.1,3.16,1,0,0,0,0,0,1,0,0,0,1
10.9,1242,59,15.8,9999.0,9999.0,9999.0,172,1.13,29.4,34.0,3.1180000000000003,1,0,0,0,0,0,1,0,0,0,1
6.5,4966,225,8.0,0.616,3.1,4.6,250,9999.0,9999.0,9999.0,2.3409999999999997,0,1,0,0,0,0,1,0,0,0,1
12.9,1984,85,15.4,0.6779999999999999,9999.0,8.8,192,1.15,23.2,36.4,3.1919999999999997,1,0,0,0,0,0,1,0,0,0,1
15.8,1998,94,16.2,9999.0,9999.0,9999.0,163,0.8590000000000001,42.6,35.1,3.488,0,0,0,0,1,0,1,0,1,0,0
9.5,1988,114,11.9,9999.0,9999.0,9999.0,215,1.28,34.8,33.7,3.397,0,1,0,0,0,0,1,0,0,0,1
14.7,1905,55,20.7,0.634,9999.0,9999.0,162,0.9440000000000001,18.0,37.3,2.9210000000000003,1,0,0,0,0,0,0,1,0,0,1
10.0,1747,83,14.4,9999.0,9999.0,9999.0,199,1.61,34.4,32.3,3.4,1,0,0,0,0,0,1,0,0,0,1
5.2,3947,168,6.3,9999.0,9999.0,9999.0,235,1.72,37.9,39.8,2.8760000000000003,0,1,0,0,0,0,1,0,0,0,1
8.4,2295,142,10.1,0.68,4.1,5.7,230,1.35,21.7,41.9,2.7680000000000002,0,1,0,0,0,0,1,0,0,0,1
7.4,3199,160,8.9,0.617,3.5,5.3,240,0.927,28.8,45.4,2.548,0,1,0,0,0,0,1,0,0,0,1
9.3,1795,86,13.4,9999.0,9999.0,9999.0,193,0.96,24.3,36.5,3.13,1,0,0,0,0,0,1,0,0,0,1
19.1,1896,81,20.7,0.884,9999.0,9999.0,169,0.98,21.6,41.6,2.7939999999999996,1,0,0,0,0,0,0,1,0,1,0
11.7,1896,81,14.9,0.639,9999.0,7.7,191,0.975,24.5,47.2,2.459,1,0,0,0,0,0,0,1,0,0,1
13.8,3200,121,17.2,1088.0,9999.0,9999.0,170,9999.0,9999.0,9999.0,2.863,0,0,1,0,0,0,0,1,1,0,0
6.7,3996,209,7.7,9999.0,9999.0,9999.0,251,0.812,45.9,50.7,2.448,0,1,0,0,0,0,1,0,0,0,1
7.3,4266,205,8.8,0.621,3.6,5.3,250,0.83,36.6,52.8,2.3409999999999997,0,1,0,0,0,0,1,0,0,0,1
12.4,1991,100,12.2,0.6579999999999999,9999.0,9999.0,195,0.7979999999999999,47.4,42.1,2.676,1,0,0,0,0,0,1,0,0,0,1
10.5,2198,106,15.1,0.685,9999.0,9999.0,210,1.11,30.1,35.0,3.315,0,1,0,0,0,0,1,0,0,0,1
8.8,2295,142,10.9,0.64,4.1,5.9,230,1.38,21.7,41.8,2.7680000000000002,0,1,0,0,0,0,1,0,0,0,1
14.0,1389,66,14.4,0.6579999999999999,9999.0,9999.0,163,0.71,29.5,38.8,2.655,1,0,0,0,0,0,1,0,0,0,1
17.5,599,40,18.3,9999.0,7.7,11.4,135,0.72,29.5,35.7,2.9330000000000003,0,1,0,0,0,0,1,0,0,0,1
10.5,2792,128,13.2,0.884,9999.0,9999.0,199,0.978,33.1,35.1,3.2680000000000002,1,0,0,0,0,0,1,0,0,1,0
11.0,1598,88,14.5,0.639,9999.0,9999.0,200,0.988,38.6,32.1,3.531,1,0,0,0,0,0,1,0,0,0,1
11.4,1995,81,15.4,0.532,9999.0,9999.0,195,1.181,17.1,41.3,2.7310000000000003,1,0,0,0,0,0,0,1,0,0,1
10.9,1997,108,12.5,9999.0,9999.0,9999.0,200,0.862,53.7,38.6,2.9160000000000004,1,0,0,0,0,0,1,0,0,0,1
7.0,4172,228,7.9,0.675,9999.0,5.0,250,0.7879999999999999,35.7,52.9,2.339,0,0,1,0,0,0,1,0,0,0,1
10.5,2435,103,14.4,9999.0,9999.0,9999.0,205,0.851,32.7,42.3,2.8,1,0,0,0,0,0,1,0,0,0,1
11.2,2362,115,13.9,9999.0,9999.0,9999.0,180,0.79,42.1,40.7,2.9819999999999998,1,0,0,0,0,0,1,0,0,1,0
5.8,3947,168,6.5,9999.0,9999.0,9999.0,235,0.935,43.5,45.7,2.615,0,1,0,0,0,0,1,0,0,0,1
9.0,2496,110,12.6,0.629,9999.0,6.4,220,1.3,12.8,53.4,2.174,1,0,0,0,0,0,0,1,0,0,1
8.3,2962,147,10.4,9999.0,9999.0,9999.0,235,1.6,25.4,44.3,2.6519999999999997,1,0,0,0,0,0,1,0,0,0,1
11.9,1595,74,16.6,0.6779999999999999,9999.0,9999.0,188,1.45,30.0,32.1,3.613,1,0,0,0,0,0,1,0,0,0,1
10.1,1951,100,14.6,0.659,9999.0,6.9,207,1.11,16.2,47.0,2.5,0,1,0,0,0,0,0,1,0,0,1
8.9,2685,125,12.2,9999.0,9999.0,9999.0,230,0.97,15.0,56.4,2.1,0,1,0,0,0,0,0,1,0,0,1
9.9,2496,110,14.9,0.657,9999.0,6.6,216,1.76,12.1,50.2,2.36,0,0,1,0,0,0,0,1,0,0,1
9.7,1948,103,12.4,9999.0,9999.0,9999.0,205,0.97,35.9,35.2,3.93,1,0,0,0,0,0,1,0,0,0,1
12.2,1895,87,15.2,0.5770000000000001,9999.0,8.6,202,1.15,42.5,36.2,3.2,0,1,0,0,0,0,1,0,0,0,1
12.5,1498,63,16.4,9999.0,9999.0,9999.0,172,0.833,24.2,35.6,2.965,1,0,0,0,0,0,1,0,0,0,1
15.0,1781,66,18.0,0.6509999999999999,9999.0,9.8,171,0.986,21.5,31.5,3.361,1,0,0,0,0,0,1,0,0,0,1
8.1,1781,132,9.9,0.653,9999.0,9999.0,228,1.18,17.9,37.3,3.11,1,0,0,0,0,0,1,0,0,0,1
8.8,2979,170,11.9,9999.0,9999.0,9999.0,202,9999.0,9999.0,9999.0,3.75,0,0,1,0,0,0,1,0,1,0,0
11.0,1581,76,13.8,9999.0,9999.0,9999.0,184,0.9840000000000001,32.3,32.5,3.2560000000000002,1,0,0,0,0,0,1,0,0,0,1
16.1,1498,55,18.0,9999.0,9999.0,9999.0,150,0.8240000000000001,23.6,36.4,2.847,1,0,0,0,0,0,1,0,0,0,1
5.8,4172,250,7.2,0.748,9999.0,4.2,250,0.92,27.5,38.8,3.1,0,0,1,0,0,0,1,0,0,0,1
18.8,1296,61,17.5,9999.0,9999.0,9999.0,140,0.8240000000000001,35.4,27.8,4.4,0,0,1,0,0,0,1,0,1,0,0
11.1,1984,85,14.8,0.6559999999999999,9999.0,9999.0,196,1.75,21.4,35.0,3.313,1,0,0,0,0,0,1,0,0,0,1
14.6,1397,60,17.5,0.713,6.1,9.7,167,0.858,29.0,38.9,2.7110000000000003,1,0,0,0,0,0,1,0,0,0,1
9.1,2324,110,12.6,0.645,9999.0,6.6,217,0.7979999999999999,27.3,45.3,2.563,1,0,0,0,0,0,1,0,0,0,1
12.5,1991,100,13.2,0.772,9999.0,9999.0,189,0.774,47.4,42.1,2.676,1,0,0,0,0,0,1,0,0,0,1
6.8,4565,224,8.3,9999.0,9999.0,9999.0,240,0.83,50.5,49.8,2.5269999999999997,1,0,0,0,0,0,1,0,0,0,1
11.0,1984,85,14.6,0.633,9999.0,7.3,195,1.7,18.7,35.0,3.313,1,0,0,0,0,0,1,0,0,0,1
10.8,1998,94,13.9,0.589,9999.0,9999.0,195,0.98,42.8,39.8,2.835,1,0,0,0,0,0,1,0,0,0,1
11.2,3350,137,12.9,9999.0,9999.0,9999.0,177,0.662,49.3,51.4,2.33,1,0,0,0,0,0,1,0,0,1,0
15.0,1299,63,14.6,9999.0,9999.0,9999.0,155,0.884,31.2,29.2,3.611,1,0,0,0,0,0,1,0,0,0,1
7.4,1781,132,9.4,0.677,9999.0,5.5,228,1.182,17.4,35.1,3.3,1,0,0,0,0,0,1,0,0,0,1
5.9,6750,312,7.9,9999.0,9999.0,9999.0,270,1.44,43.0,64.6,2.18,0,1,0,0,0,0,1,0,0,0,1
16.4,1149,43,19.7,0.6829999999999999,9999.0,9999.0,150,1.12,25.9,25.9,3.867,1,0,0,0,0,0,1,0,0,0,1
18.8,2461,85,22.6,1094.0,9999.0,12.5,162,1.67,15.1,33.7,3.59,0,0,1,0,0,0,1,0,0,1,0
14.4,1388,55,20.3,0.675,9999.0,9999.0,171,0.963,26.2,35.5,3.69,1,0,0,0,0,0,1,0,0,0,1
8.1,3697,191,8.6,0.675,9999.0,6.1,250,0.773,34.9,53.9,2.294,1,0,0,0,0,0,1,0,0,0,1
14.4,1870,72,18.4,9999.0,9999.0,9999.0,173,9999.0,9999.0,9999.0,9999.0,1,0,0,0,0,0,0,1,0,0,1
10.1,1998,108,14.6,0.888,9999.0,9999.0,195,1.5,20.6,36.6,3.2319999999999998,1,0,0,0,0,0,1,0,0,1,0
16.4,998,40,20.9,0.6509999999999999,9999.0,9999.0,150,0.843,29.3,29.7,3.4,1,0,0,0,0,0,1,0,0,0,1
14.9,1361,55,18.9,0.672,9999.0,9999.0,168,0.8740000000000001,26.7,35.0,3.116,1,0,0,0,0,0,1,0,0,0,1
10.9,2362,115,13.7,9999.0,9999.0,9999.0,185,0.8220000000000001,34.4,40.2,3.21,1,0,0,0,0,0,1,0,0,1,0
7.1,2671,169,9.6,0.613,9999.0,5.1,245,1.1,13.9,41.8,2.812,0,0,1,0,0,0,1,0,0,0,1
10.7,2295,107,15.4,0.884,9999.0,9999.0,192,1.38,18.9,33.6,3.49,1,0,0,0,0,0,1,0,0,1,0
11.6,1598,81,14.0,9999.0,9999.0,9999.0,175,0.795,37.6,36.7,2.99,1,0,0,0,0,0,1,0,0,0,1
10.6,1762,81,13.6,0.64,9999.0,9999.0,195,1.21,34.0,34.7,3.138,1,0,0,0,0,0,1,0,0,0,1
8.3,2771,142,11.4,0.679,9999.0,5.9,232,1.25,27.2,37.7,3.68,0,0,1,0,0,0,1,0,0,0,1
12.4,1895,77,16.7,0.597,9999.0,9999.0,200,1.5,21.2,35.9,3.2,0,1,0,0,0,0,1,0,0,0,1
8.4,1994,125,11.7,0.9009999999999999,9999.0,9999.0,198,0.9570000000000001,24.7,36.9,3.286,0,0,1,0,0,0,1,0,1,0,0
10.0,1598,81,13.6,9999.0,9999.0,9999.0,195,1.8,31.6,32.3,3.37,1,0,0,0,0,0,1,0,0,0,1
8.3,1969,114,10.9,9999.0,9999.0,9999.0,211,0.96,36.7,34.3,3.1719999999999997,1,0,0,0,0,0,1,0,0,0,1
9.6,2498,120,10.9,9999.0,9999.0,9999.0,215,0.8759999999999999,48.1,42.7,2.6839999999999997,1,0,0,0,0,0,1,0,0,0,1
5.0,2174,197,6.8,9999.0,9999.0,9999.0,257,1.58,35.6,37.4,3.1889999999999996,0,1,0,0,0,0,1,0,0,0,1
14.5,1598,55,19.7,0.609,9999.0,9999.0,170,0.836,20.9,39.1,2.968,1,0,0,0,0,0,1,0,0,0,1
10.9,1896,81,14.7,0.706,9999.0,7.4,190,1.54,16.9,45.1,2.4,1,0,0,0,0,0,0,1,0,0,1
13.9,1905,66,19.9,0.68,9999.0,9999.0,177,1.99,17.3,40.3,2.818,1,0,0,0,0,0,0,1,0,0,1
13.8,1296,62,13.9,9999.0,9999.0,9999.0,165,0.848,47.6,29.9,3.437,1,0,0,0,0,0,1,0,0,0,1
17.4,989,41,21.2,9999.0,9999.0,9999.0,135,0.879,26.6,29.5,3.535,0,0,1,0,0,0,1,0,0,0,1
13.9,2184,66,20.9,9999.0,9999.0,9999.0,165,1.66,17.6,38.7,2.883,1,0,0,0,0,0,0,1,0,1,0
9.6,1988,96,12.5,0.645,9999.0,9999.0,201,1.1,36.6,36.2,3.114,1,0,0,0,0,0,1,0,0,0,1
8.6,2494,125,10.3,0.6859999999999999,9999.0,9999.0,225,0.856,38.2,47.8,2.397,0,1,0,0,0,0,1,0,0,0,1
13.8,1299,63,15.7,9999.0,9999.0,9999.0,155,0.722,38.2,35.8,2.9810000000000003,1,0,0,0,0,0,1,0,0,0,1
14.5,1598,55,20.1,0.629,9999.0,9999.0,170,0.836,20.9,39.1,2.968,1,0,0,0,0,0,1,0,0,0,1
11.7,1998,94,14.5,9999.0,9999.0,9999.0,180,0.847,42.4,39.4,2.835,1,0,0,0,0,0,1,0,0,1,0
5.4,3996,267,6.1,9999.0,9999.0,9999.0,250,0.8220000000000001,41.1,49.4,2.5,0,1,0,0,0,0,1,0,0,0,1
10.8,1975,102,11.8,0.693,9999.0,9999.0,187,0.7879999999999999,52.0,39.5,2.7260000000000004,1,0,0,0,0,0,1,0,0,0,1
13.0,1896,66,18.9,0.654,9999.0,9999.0,181,0.9990000000000001,17.2,45.3,2.562,1,0,0,0,0,0,0,1,0,0,1
12.5,1753,66,18.8,0.675,9999.0,9999.0,184,0.97,17.5,47.4,2.298,1,0,0,0,0,0,0,1,0,0,1
9.9,2498,120,11.3,9999.0,9999.0,9999.0,205,0.835,48.1,42.7,2.6839999999999997,1,0,0,0,0,0,1,0,0,0,1
18.0,899,29,25.3,9999.0,9999.0,9999.0,150,0.955,18.3,28.5,3.47,1,0,0,0,0,0,1,0,0,0,1
5.3,4941,294,5.9,0.6729999999999999,9999.0,3.8,250,0.8340000000000001,33.9,45.4,2.615,0,1,0,0,0,0,1,0,0,0,1
11.3,1781,92,12.9,0.639,9999.0,7.9,197,1.0,37.7,32.8,3.5380000000000003,1,0,0,0,0,0,1,0,0,0,1
13.9,1905,66,18.2,0.6759999999999999,9999.0,9999.0,177,1.82,17.5,40.9,2.6639999999999997,1,0,0,0,0,0,0,1,0,0,1
13.2,1241,54,19.0,0.643,9999.0,9999.0,166,0.998,20.1,27.7,3.847,1,0,0,0,0,0,1,0,0,0,1
10.5,2497,110,13.5,0.68,4.4,7.1,200,0.9329999999999999,18.5,48.7,2.3819999999999997,0,1,0,0,0,0,0,1,0,0,1
15.0,1587,65,18.6,0.691,9999.0,9999.0,178,1.16,21.1,31.3,3.4810000000000003,1,0,0,0,0,0,1,0,0,0,1
11.0,2198,106,15.7,0.726,9999.0,9999.0,202,1.68,30.1,35.0,3.315,0,1,0,0,0,0,1,0,0,0,1
14.7,1341,55,18.0,0.67,9999.0,9999.0,163,0.861,24.0,35.0,3.11,1,0,0,0,0,0,1,0,0,0,1
8.3,2435,147,9999.0,0.669,9999.0,9999.0,220,0.787,17.9,46.6,2.484,1,0,0,0,0,0,1,0,0,0,1
9.2,2597,125,11.7,9999.0,9999.0,9999.0,235,1.73,33.7,39.8,2.96,0,1,0,0,0,0,1,0,0,0,1
9.2,1998,114,12.6,9999.0,9999.0,9999.0,212,1.11,31.0,32.3,3.5980000000000003,1,0,0,0,0,0,1,0,0,0,1
12.5,1731,85,15.2,9999.0,9999.0,9999.0,190,1.3,38.5,34.5,3.162,1,0,0,0,0,0,1,0,0,0,1
15.2,1124,44,20.7,0.65,9999.0,9999.0,158,0.8740000000000001,23.3,32.3,3.33,1,0,0,0,0,0,1,0,0,0,1
9.3,3474,153,11.3,9999.0,9999.0,9999.0,215,0.758,42.8,54.6,2.156,1,0,0,0,0,0,1,0,0,0,1
10.2,1598,88,13.5,9999.0,9999.0,9999.0,195,1.11,34.2,30.6,3.4589999999999996,1,0,0,0,0,0,1,0,0,0,1
14.5,1595,74,17.2,0.581,9999.0,9.9,186,1.57,31.6,33.2,3.498,1,0,0,0,0,0,1,0,0,0,1
11.5,1598,66,15.3,0.627,9999.0,9999.0,187,1.133,28.1,33.0,3.233,1,0,0,0,0,0,1,0,0,0,1
7.1,4172,220,8.3,0.748,9999.0,5.1,250,0.752,36.2,53.6,2.193,0,0,1,0,0,0,1,0,0,0,1
9.9,1781,110,14.2,0.679,9999.0,6.8,214,1.57,13.8,35.5,3.259,0,0,1,0,0,0,1,0,0,0,1
7.1,3969,203,8.8,0.581,9999.0,9999.0,250,0.843,46.2,50.3,2.459,0,1,0,0,0,0,1,0,0,0,1
11.6,1998,95,14.8,9999.0,9999.0,9999.0,207,1.25,32.2,38.1,3.46,0,1,0,0,0,0,1,0,0,0,1
11.7,1587,65,15.8,0.65,9999.0,9999.0,185,0.99,24.9,33.4,3.196,1,0,0,0,0,0,1,0,0,0,1
19.5,2461,75,25.1,1094.0,9999.0,12.9,153,1.7,19.4,40.8,2.8989999999999996,1,0,0,0,0,0,0,1,0,1,0
10.0,2496,110,13.3,0.653,9999.0,6.8,210,1.37,15.4,50.6,2.294,1,0,0,0,0,0,0,1,0,0,1
5.7,2671,195,7.9,0.629,9999.0,3.9,250,1.47,14.9,41.2,2.812,0,0,1,0,0,0,1,0,0,0,1
10.7,1781,110,13.2,0.613,9999.0,7.7,213,0.8170000000000001,16.2,45.7,2.531,1,0,0,0,0,0,1,0,0,0,1
12.2,1597,70,15.7,9999.0,9999.0,9999.0,169,0.78,41.8,43.4,2.4,1,0,0,0,0,0,1,0,0,0,1
10.5,1598,88,14.1,0.639,9999.0,9999.0,200,1.14,35.0,31.3,3.625,1,0,0,0,0,0,1,0,0,0,1
11.9,1598,75,14.3,0.713,5.5,8.2,180,0.8809999999999999,31.0,38.9,2.7110000000000003,1,0,0,0,0,0,1,0,0,0,1
22.3,2351,82,21.8,1151.0,9999.0,9999.0,142,0.799,23.2,39.5,3.82,0,1,0,0,0,0,1,0,0,1,0
13.4,1390,55,19.5,0.706,9999.0,8.8,167,1.4,30.1,32.1,3.298,1,0,0,0,0,0,1,0,0,0,1
15.5,1995,60,22.3,0.557,9999.0,9999.0,178,0.973,12.3,42.5,2.7,1,0,0,0,0,0,0,1,0,0,1
8.5,1948,118,11.0,9999.0,9999.0,9999.0,215,1.83,16.0,38.9,2.8,1,0,0,0,0,0,1,0,0,0,1
12.8,1896,81,16.6,0.6779999999999999,9999.0,8.4,190,0.941,24.5,48.7,2.386,1,0,0,0,0,0,0,1,0,0,1
11.8,1840,74,17.7,0.772,9999.0,9999.0,175,0.8759999999999999,27.1,36.3,3.0,1,0,0,0,0,0,1,0,0,1,0
15.1,1910,55,20.8,9999.0,9999.0,9999.0,165,1.35,22.4,38.0,2.8,1,0,0,0,0,0,0,1,0,0,1
9.3,1747,106,11.6,9999.0,9999.0,9999.0,209,0.995,27.4,32.3,3.4,1,0,0,0,0,0,1,0,0,0,1
10.2,2598,110,12.9,0.7020000000000001,9999.0,7.0,209,1.81,29.1,35.2,3.259,1,0,0,0,0,0,1,0,0,0,1
15.4,1297,44,20.2,0.677,9999.0,9999.0,155,0.85,21.9,36.5,2.7289999999999996,1,0,0,0,0,0,1,0,0,0,1
16.1,1296,61,17.4,9999.0,9999.0,9999.0,145,0.98,27.6,26.2,4.7,0,0,1,0,0,0,1,0,1,0,0
7.4,4266,205,8.2,0.696,3.6,5.3,250,0.895,30.8,48.6,2.3819999999999997,0,1,0,0,0,0,1,0,0,0,1
19.3,2477,73,24.5,9999.0,9999.0,9999.0,136,1.2,12.5,34.2,3.9589999999999996,0,0,0,0,1,0,0,1,1,0,0
8.9,2446,129,11.8,9999.0,9999.0,9999.0,212,0.9890000000000001,31.7,35.1,3.3,1,0,0,0,0,0,1,0,0,0,1
8.7,1781,110,12.8,0.653,9999.0,5.9,215,1.59,13.8,35.6,3.259,0,0,1,0,0,0,1,0,0,0,1
15.0,1896,66,21.3,0.6779999999999999,9999.0,9.9,177,1.67,16.0,44.2,2.6260000000000003,0,0,1,0,0,0,0,1,0,0,1
9.9,2771,142,11.3,0.675,9999.0,6.9,233,0.767,32.8,50.6,2.443,1,0,0,0,0,0,1,0,0,0,1
10.4,1834,90,13.3,9999.0,9999.0,9999.0,190,0.968,30.6,35.7,3.52,1,0,0,0,0,0,1,0,0,1,0
15.9,1762,74,16.5,0.691,9999.0,9999.0,170,0.765,34.1,37.0,2.9410000000000003,1,0,0,0,0,0,1,0,0,0,1
10.8,1998,94,14.2,9999.0,9999.0,9999.0,180,0.966,35.2,34.5,3.234,1,0,0,0,0,0,1,0,0,1,0
9.1,2435,121,12.4,0.639,9999.0,9999.0,220,0.758,50.7,48.4,2.41,1,0,0,0,0,0,1,0,0,0,1
9.2,1747,96,12.3,9999.0,9999.0,9999.0,205,0.986,34.3,33.0,3.4,1,0,0,0,0,0,1,0,0,0,1
10.4,1910,77,15.7,9999.0,9999.0,9999.0,185,1.55,17.6,43.8,2.416,1,0,0,0,0,0,0,1,0,0,1
10.2,1396,76,13.6,9999.0,9999.0,9999.0,185,0.929,37.3,33.2,3.215,1,0,0,0,0,0,1,0,0,0,1
16.5,1905,55,20.9,0.634,9999.0,9999.0,168,0.9790000000000001,18.0,37.3,2.9210000000000003,1,0,0,0,0,0,0,1,0,0,1
11.0,1796,85,13.9,0.589,9999.0,9999.0,195,0.9420000000000001,34.1,38.3,3.28,1,0,0,0,0,0,1,0,0,0,1
9.3,2457,115,12.8,9999.0,9999.0,9999.0,203,0.9940000000000001,30.7,36.5,3.71,0,0,1,0,0,0,1,0,0,0,1
12.0,1991,85,14.2,0.6579999999999999,9999.0,9999.0,185,0.727,47.7,42.4,2.676,1,0,0,0,0,0,1,0,0,0,1
11.8,1998,97,15.2,0.741,9999.0,9999.0,198,1.37,32.7,34.7,3.344,1,0,0,0,0,0,1,0,0,0,1
5.7,5341,260,7.5,9999.0,9999.0,9999.0,266,0.9590000000000001,56.0,46.2,2.822,0,1,0,0,0,0,1,0,0,0,1
17.3,1361,55,17.8,0.65,9999.0,9999.0,160,0.615,41.9,47.3,2.2569999999999997,1,0,0,0,0,0,1,0,0,0,1
10.2,2494,125,12.9,0.6729999999999999,9999.0,9999.0,222,0.81,35.2,49.8,2.4,0,1,0,0,0,0,1,0,0,0,1
11.2,1597,66,15.8,9999.0,9999.0,9999.0,181,0.8909999999999999,30.7,33.8,3.153,1,0,0,0,0,0,1,0,0,0,1
12.0,1998,100,15.0,0.64,5.0,7.7,204,1.18,27.9,36.4,3.175,0,1,0,0,0,0,1,0,0,0,1
17.4,2664,92,20.8,9999.0,9999.0,9999.0,158,0.991,22.1,44.3,3.0,0,0,0,0,1,0,0,1,1,0,0
9.8,1840,84,14.2,0.5920000000000001,9999.0,9999.0,194,0.937,33.1,34.5,3.157,1,0,0,0,0,0,1,0,0,0,1
11.7,1587,65,15.8,0.65,9999.0,9999.0,185,0.99,24.9,33.4,3.196,1,0,0,0,0,0,1,0,0,0,1
10.2,2799,150,11.6,0.7070000000000001,4.5,7.0,217,0.927,26.0,41.1,2.864,0,0,1,0,0,0,1,0,0,0,1
19.0,2903,93,20.2,9999.0,9999.0,9999.0,167,0.961,25.6,48.2,2.58,1,0,0,0,0,0,0,1,0,1,0
17.7,1896,50,23.9,9999.0,9999.0,9999.0,160,0.99,17.5,38.5,3.26,1,0,0,0,0,0,0,1,0,0,1
10.5,2771,142,11.8,0.679,9999.0,7.6,227,0.775,31.6,48.8,2.372,0,0,1,0,0,0,1,0,0,0,1
11.3,1597,70,14.8,9999.0,9999.0,9999.0,180,0.92,34.9,35.6,2.9789999999999996,1,0,0,0,0,0,1,0,0,0,1
11.2,1998,108,13.8,0.639,9999.0,9999.0,208,0.976,28.9,40.2,2.8510000000000004,1,0,0,0,0,0,1,0,0,0,1
13.3,1998,97,14.3,0.7040000000000001,9999.0,9999.0,193,0.92,42.8,38.9,2.9160000000000004,1,0,0,0,0,0,1,0,0,0,1
6.5,4966,220,8.1,0.616,3.1,4.6,250,9999.0,9999.0,9999.0,2.3409999999999997,0,1,0,0,0,0,1,0,0,0,1
10.2,1998,102,12.6,9999.0,9999.0,9999.0,196,9999.0,9999.0,9999.0,9999.0,1,0,0,0,0,0,1,0,0,0,1
7.7,1781,132,9.4,9999.0,9999.0,9999.0,229,1.82,17.0,38.5,3.7,1,0,0,0,0,0,1,0,0,0,1
15.0,989,41,19.9,9999.0,9999.0,9999.0,140,0.8859999999999999,25.8,30.4,3.2,1,0,0,0,0,0,1,0,0,0,1
9.5,2799,150,11.6,0.65,4.2,6.3,232,1.63,23.8,38.3,3.112,0,1,0,0,0,0,1,0,0,0,1
12.8,1998,84,15.9,0.696,9999.0,9999.0,182,1.18,53.2,30.4,3.818,1,0,0,0,0,0,1,0,0,0,1
10.9,2362,115,13.5,9999.0,9999.0,9999.0,185,0.843,33.5,39.2,3.21,1,0,0,0,0,0,1,0,0,1,0
16.5,1870,47,24.0,0.617,9999.0,9999.0,160,1.0,17.1,35.6,2.968,1,0,0,0,0,0,0,1,0,0,1
12.0,2497,96,17.4,0.685,9999.0,9999.0,200,0.9840000000000001,19.8,45.1,2.622,0,1,0,0,0,0,0,1,0,0,1
7.3,3996,209,8.2,9999.0,9999.0,9999.0,240,0.777,45.9,50.7,2.448,0,1,0,0,0,0,1,0,0,0,1
21.5,2461,65,27.8,1094.0,9999.0,13.2,150,1.44,14.1,39.9,2.965,1,0,0,0,0,0,0,1,0,1,0
10.5,2498,125,13.6,0.685,9999.0,9999.0,223,0.958,37.4,38.8,3.51,0,1,0,0,0,0,1,0,0,0,1
16.0,1199,48,22.0,0.629,9999.0,9999.0,165,0.8140000000000001,27.6,36.2,2.968,1,0,0,0,0,0,1,0,0,0,1
11.8,1398,71,15.3,9999.0,9999.0,9999.0,185,0.956,32.6,32.3,3.37,1,0,0,0,0,0,1,0,0,0,1
14.5,1343,48,19.6,9999.0,9999.0,9999.0,152,0.91,20.1,33.7,3.1289999999999996,1,0,0,0,0,0,1,0,0,0,1
10.5,1896,85,15.1,0.629,9999.0,9999.0,200,1.5,17.7,47.6,2.439,1,0,0,0,0,0,0,1,0,0,1
15.9,1297,44,21.8,0.662,9999.0,9999.0,155,0.878,18.6,35.3,2.93,1,0,0,0,0,0,1,0,0,0,1
15.8,2172,85,21.1,9999.0,9999.0,9999.0,157,0.893,19.6,40.9,3.283,0,0,0,0,1,0,0,1,1,0,0
15.1,999,40,21.2,0.7959999999999999,9999.0,9999.0,142,0.914,19.4,28.2,3.551,1,0,0,0,0,0,1,0,0,0,1
12.5,1799,90,14.9,0.68,5.3,8.0,190,0.9420000000000001,31.9,36.7,3.167,0,1,0,0,0,0,1,0,0,0,1
11.2,1598,79,15.8,9999.0,9999.0,9999.0,182,9999.0,9999.0,9999.0,9999.0,1,0,0,0,0,0,1,0,0,0,1
11.5,1896,81,16.8,0.645,9999.0,7.5,190,0.9279999999999999,18.3,49.4,2.352,1,0,0,0,0,0,0,1,0,0,1
12.2,1994,92,15.5,9999.0,9999.0,9999.0,180,0.813,35.5,39.5,2.852,0,0,1,0,0,0,1,0,0,0,1
8.3,2926,135,11.9,0.68,9999.0,9999.0,225,1.28,21.1,54.7,2.136,0,1,0,0,0,0,0,1,0,0,1
7.2,2295,145,9.0,0.632,3.5,4.9,240,1.33,19.8,42.2,2.7,0,1,0,0,0,0,1,0,0,0,1
11.5,1998,74,17.4,0.6579999999999999,9999.0,9999.0,185,1.7,17.2,45.9,2.455,1,0,0,0,0,0,0,1,0,0,1
13.1,1998,85,19.4,0.884,9999.0,9999.0,177,0.945,17.6,34.1,3.49,1,0,0,0,0,0,1,0,0,1,0
12.8,1905,66,17.3,0.657,9999.0,9999.0,178,1.9,17.5,40.8,2.6689999999999996,1,0,0,0,0,0,0,1,0,0,1
9.0,1998,98,12.7,9999.0,9999.0,9999.0,185,0.7909999999999999,20.8,43.3,2.517,1,0,0,0,0,0,1,0,0,0,1
12.8,1896,66,17.7,0.706,9999.0,8.5,176,1.3,19.3,46.8,2.2640000000000002,1,0,0,0,0,0,0,1,0,0,1
6.2,3387,221,6.5,0.5820000000000001,9999.0,9999.0,275,0.9440000000000001,39.8,42.8,2.7,0,1,0,0,0,0,1,0,0,0,1
10.7,1994,92,14.8,0.855,9999.0,9999.0,179,0.9129999999999999,30.9,35.0,3.576,0,0,1,0,0,0,1,0,1,0,0
17.4,1896,81,20.8,0.831,9999.0,11.9,169,0.971,21.8,41.9,2.786,1,0,0,0,0,0,0,1,0,1,0
12.5,1595,74,14.9,9999.0,9999.0,9999.0,184,1.42,32.7,31.5,3.361,1,0,0,0,0,0,1,0,0,0,1
13.3,1997,100,14.0,0.9159999999999999,9999.0,9999.0,175,0.763,43.1,38.2,3.97,1,0,0,0,0,0,1,0,0,1,0
8.7,2446,129,11.0,9999.0,9999.0,9999.0,218,1.7,32.0,35.5,3.3,1,0,0,0,0,0,1,0,0,0,1
11.0,1975,102,11.8,0.677,9999.0,9999.0,195,0.9,47.5,36.1,2.9760000000000004,1,0,0,0,0,0,1,0,0,0,1
10.0,1598,81,13.1,9999.0,9999.0,9999.0,195,1.8,31.6,32.3,3.37,1,0,0,0,0,0,1,0,0,0,1
15.0,2953,116,20.1,9999.0,9999.0,9999.0,160,9999.0,9999.0,9999.0,3.7230000000000003,0,0,0,0,1,0,0,1,1,0,0
7.1,2793,141,9.5,0.677,9999.0,9999.0,229,1.17,39.0,39.0,2.964,0,1,0,0,0,0,1,0,0,0,1
10.4,1493,84,12.2,9999.0,9999.0,9999.0,192,0.7609999999999999,46.1,38.8,2.7289999999999996,1,0,0,0,0,0,1,0,0,0,1
11.2,1762,81,15.3,0.589,9999.0,9999.0,190,0.9670000000000001,22.6,35.1,3.2119999999999997,1,0,0,0,0,0,1,0,0,0,1
8.5,2494,125,11.8,0.629,9999.0,9999.0,228,1.75,31.9,38.6,3.1,0,1,0,0,0,0,1,0,0,0,1
9.6,1747,106,12.1,0.639,9999.0,9999.0,210,0.977,27.2,33.1,3.431,1,0,0,0,0,0,1,0,0,0,1
17.5,1242,44,20.2,9999.0,9999.0,9999.0,150,0.63,26.9,45.2,2.3,1,0,0,0,0,0,1,0,0,0,1
7.5,5379,240,9.8,0.9209999999999999,9999.0,9999.0,225,0.799,48.9,56.3,2.315,0,1,0,0,0,0,1,0,0,0,1
9.7,1997,100,12.6,9999.0,9999.0,9999.0,210,0.948,38.0,36.9,3.52,1,0,0,0,0,0,1,0,0,0,1
20.9,997,37,28.0,0.6629999999999999,9999.0,9999.0,148,1.19,19.9,29.0,3.6460000000000004,1,0,0,0,0,0,1,0,0,0,1
11.9,1997,100,12.8,9999.0,9999.0,9999.0,200,0.851,44.2,39.2,2.878,1,0,0,0,0,0,1,0,0,0,1
14.6,1997,102,13.4,9999.0,9999.0,9999.0,170,0.757,41.6,38.7,3.0,1,0,0,0,0,0,1,0,0,1,0
12.8,989,41,17.6,9999.0,9999.0,9999.0,140,0.838,25.8,32.1,3.29,1,0,0,0,0,0,1,0,0,0,1
13.9,1396,66,16.9,9999.0,9999.0,9999.0,172,0.8440000000000001,35.3,31.8,3.3280000000000003,1,0,0,0,0,0,1,0,0,0,1
11.9,1895,77,15.3,0.647,9999.0,9999.0,190,1.14,20.9,35.4,3.2,0,1,0,0,0,0,1,0,0,0,1
11.5,1598,66,16.0,0.637,9999.0,9999.0,184,1.94,32.8,33.6,3.1710000000000003,1,0,0,0,0,0,1,0,0,0,1
13.4,2198,100,16.6,9999.0,9999.0,9999.0,165,0.915,18.6,34.7,3.872,0,0,0,0,1,0,1,0,1,0,0
9.0,2688,125,12.6,0.629,3.9,6.6,225,0.99,14.2,54.1,2.173,0,1,0,0,0,0,0,1,0,0,1
7.3,3996,209,8.6,9999.0,9999.0,9999.0,240,0.779,45.8,50.5,2.448,0,1,0,0,0,0,1,0,0,0,1
5.9,5439,260,6.7,0.71,3.0,4.2,250,0.95,34.9,50.2,2.3409999999999997,0,1,0,0,0,0,1,0,0,0,1
9.5,2393,121,13.3,0.657,9999.0,6.6,218,1.18,25.7,35.7,3.2439999999999998,0,0,1,0,0,0,1,0,0,0,1
10.7,1896,85,15.5,0.653,9999.0,9999.0,196,1.29,17.7,47.6,2.439,1,0,0,0,0,0,0,1,0,0,1
10.5,1896,81,13.9,9999.0,9999.0,9999.0,193,1.59,17.1,45.6,2.4,1,0,0,0,0,0,0,1,0,0,1
8.9,2946,140,11.5,0.741,9999.0,9999.0,228,1.18,33.7,37.4,3.64,1,0,0,0,0,0,1,0,0,0,1
9.6,2496,110,14.0,0.653,9999.0,6.4,212,0.996,12.8,53.2,2.182,0,0,1,0,0,0,0,1,0,0,1
7.4,2671,184,9.8,9999.0,9999.0,9999.0,236,9999.0,9999.0,9999.0,3.194,0,0,1,0,0,0,1,0,0,0,1
31.7,2477,59,30.8,1151.0,9999.0,9999.0,135,0.8109999999999999,19.6,42.7,2.8539999999999996,0,1,0,0,0,0,0,1,0,1,0
14.2,1299,50,17.9,9999.0,9999.0,9999.0,155,0.873,23.9,29.6,3.477,0,0,1,0,0,0,1,0,0,0,1
8.7,3199,165,10.0,0.745,3.9,5.9,230,0.89,29.2,46.2,2.548,0,1,0,0,0,0,1,0,0,0,1
11.8,1398,71,14.7,9999.0,9999.0,9999.0,185,0.956,32.6,32.3,3.37,1,0,0,0,0,0,1,0,0,0,1
10.6,1998,94,13.5,0.532,9999.0,9999.0,200,0.9309999999999999,42.8,39.8,2.835,1,0,0,0,0,0,1,0,0,0,1
4.8,3586,294,4.8,9999.0,9999.0,9999.0,295,1.1,38.7,31.6,3.7739999999999996,0,1,0,0,0,0,1,0,0,0,1
9.7,1781,92,12.6,0.639,9999.0,6.5,202,1.28,34.9,32.8,3.545,1,0,0,0,0,0,1,0,0,0,1
9.6,2496,132,13.8,9999.0,9999.0,9999.0,205,9999.0,9999.0,9999.0,2.1590000000000003,0,0,1,0,0,0,0,1,0,0,1
17.1,2496,101,21.3,9999.0,9999.0,9999.0,157,0.7170000000000001,29.9,52.1,2.583,0,0,1,0,0,0,0,1,1,0,0
17.2,599,40,18.3,9999.0,7.0,11.4,135,0.72,29.5,35.7,2.9330000000000003,0,1,0,0,0,0,1,0,0,0,1
12.8,989,41,17.6,9999.0,9999.0,9999.0,140,0.838,25.8,32.1,3.29,1,0,0,0,0,0,1,0,0,0,1
13.3,1595,74,15.6,0.706,9999.0,8.9,183,1.14,33.5,32.2,3.286,1,0,0,0,0,0,1,0,0,0,1
9.7,2496,132,12.7,0.698,9999.0,9999.0,219,1.47,15.9,52.3,2.214,0,0,1,0,0,0,0,1,0,0,1
7.9,1781,132,9.9,0.716,9999.0,5.8,222,1.151,17.4,35.1,3.3,1,0,0,0,0,0,1,0,0,0,1
9.3,1998,108,13.5,0.639,9999.0,9999.0,215,1.1440000000000001,21.5,35.4,3.233,1,0,0,0,0,0,1,0,0,0,1
8.9,4266,200,10.5,1061.0,4.2,6.3,210,0.7759999999999999,32.7,47.1,2.875,0,0,1,0,0,0,1,0,1,0,0
22.3,2351,82,21.5,1151.0,9999.0,9999.0,142,0.799,23.2,39.5,3.82,0,1,0,0,0,0,1,0,0,1,0
10.7,2398,125,12.8,0.682,4.4,7.1,215,0.8440000000000001,24.4,43.2,2.7,0,1,0,0,0,0,1,0,0,0,1
11.8,1590,85,13.2,9999.0,9999.0,9999.0,190,0.958,44.9,31.5,3.364,1,0,0,0,0,0,1,0,0,0,1
10.4,3378,131,13.1,9999.0,9999.0,9999.0,180,0.99,31.2,39.5,3.63,0,0,1,0,0,0,1,0,1,0,0
11.5,1389,66,15.1,0.552,9999.0,9999.0,190,0.988,30.6,32.0,3.3289999999999997,1,0,0,0,0,0,1,0,0,0,1
8.9,1781,110,11.9,0.581,9999.0,6.1,223,1.45,15.7,37.4,3.11,1,0,0,0,0,0,1,0,0,0,1
17.9,1896,66,24.9,0.884,9999.0,9999.0,160,0.983,14.5,40.7,2.8539999999999996,1,0,0,0,0,0,0,1,0,1,0
4.7,3495,280,4.8,9999.0,9999.0,9999.0,295,0.871,67.3,41.1,2.983,0,1,0,0,0,0,1,0,0,0,1
15.4,1498,65,18.0,9999.0,9999.0,9999.0,175,0.84,41.7,41.7,2.615,1,0,0,0,0,0,1,0,0,0,1
9.8,2771,128,11.2,0.7020000000000001,9999.0,6.8,218,1.72,26.5,37.0,3.11,1,0,0,0,0,0,1,0,0,0,1
9.7,4966,218,10.8,1.44,9999.0,9999.0,190,9999.0,9999.0,9999.0,3.635,0,0,1,0,0,0,1,0,1,0,0
15.0,1598,55,20.7,0.645,9999.0,9999.0,165,0.8109999999999999,20.9,39.1,2.968,1,0,0,0,0,0,1,0,0,0,1
9.5,2799,150,11.7,0.65,4.2,6.5,228,1.23,24.8,39.1,3.46,0,1,0,0,0,0,1,0,0,0,1
13.9,2184,66,20.9,9999.0,9999.0,9999.0,165,1.66,17.6,38.7,2.883,1,0,0,0,0,0,0,1,0,1,0
12.0,1995,74,17.8,0.589,9999.0,9999.0,188,0.943,17.4,46.4,2.55,1,0,0,0,0,0,0,1,0,0,1
9.2,2393,121,12.0,0.613,9999.0,6.5,222,1.11,27.3,36.6,3.162,1,0,0,0,0,0,1,0,0,0,1
15.0,1998,84,18.1,0.85,9999.0,9999.0,170,0.759,36.4,41.5,2.8,1,0,0,0,0,0,1,0,0,1,0
13.5,1598,74,15.5,0.629,9999.0,9999.0,178,0.774,36.1,38.3,3.28,1,0,0,0,0,0,1,0,0,0,1
11.0,1598,78,15.9,9999.0,9999.0,9999.0,175,0.6970000000000001,32.9,43.3,2.517,1,0,0,0,0,0,1,0,0,0,1
4.5,3586,294,4.7,9999.0,9999.0,9999.0,295,1.1,38.7,31.6,3.7739999999999996,0,1,0,0,0,0,1,0,0,0,1
15.0,2172,85,20.4,9999.0,9999.0,9999.0,156,0.888,19.6,40.9,3.283,0,0,0,0,1,0,0,1,1,0,0
5.7,5439,260,6.3,0.629,2.9,4.2,250,0.95,34.9,50.2,2.3409999999999997,0,1,0,0,0,0,1,0,0,0,1
11.2,1590,71,12.8,9999.0,9999.0,9999.0,175,0.853,23.6,34.2,3.88,1,0,0,0,0,0,1,0,0,0,1
8.4,3199,165,10.7,0.65,3.7,5.7,238,1.22,26.4,41.6,2.864,0,1,0,0,0,0,1,0,0,0,1
10.5,1796,85,14.1,0.645,9999.0,9999.0,195,1.35,28.3,34.9,3.3289999999999997,1,0,0,0,0,0,1,0,0,0,1
9.1,2946,140,10.5,0.693,9999.0,9999.0,220,1.297,48.6,29.5,3.886,1,0,0,0,0,0,1,0,0,0,1
11.5,1781,92,15.5,0.667,9999.0,7.5,196,1.48,23.6,32.3,3.5989999999999998,0,0,1,0,0,0,1,0,0,0,1
11.0,2497,123,11.8,0.61,9999.0,9999.0,210,0.865,49.6,40.5,2.926,1,0,0,0,0,0,1,0,0,0,1
15.0,1498,63,17.0,9999.0,9999.0,9999.0,161,0.6990000000000001,31.0,39.7,2.659,1,0,0,0,0,0,1,0,0,0,1
15.9,989,41,17.8,9999.0,9999.0,9999.0,140,1.98,32.3,24.5,3.966,1,0,0,0,0,0,1,0,0,0,1
14.1,1361,55,18.7,0.634,9999.0,9999.0,175,0.98,24.8,32.4,3.287,1,0,0,0,0,0,1,0,0,0,1
8.5,2498,125,11.1,0.557,9999.0,9999.0,230,1.62,27.0,37.3,3.1,1,0,0,0,0,0,1,0,0,0,1
14.7,1361,55,18.7,0.672,9999.0,9999.0,165,0.858,26.7,35.0,3.116,1,0,0,0,0,0,1,0,0,0,1
15.0,1299,63,15.2,9999.0,9999.0,9999.0,155,0.884,31.2,29.2,3.611,1,0,0,0,0,0,1,0,0,0,1
15.8,1997,80,20.8,0.888,9999.0,9999.0,173,0.996,13.6,43.4,2.727,1,0,0,0,0,0,0,1,0,1,0
12.5,1299,55,17.2,9999.0,9999.0,9999.0,170,0.8740000000000001,21.8,32.4,3.258,1,0,0,0,0,0,1,0,0,0,1
6.8,5379,240,8.5,0.7070000000000001,9999.0,9999.0,250,0.882,49.2,56.7,2.2,0,1,0,0,0,0,1,0,0,0,1
13.3,3301,116,15.3,9999.0,9999.0,9999.0,175,0.7390000000000001,39.2,50.4,2.41,1,0,0,0,0,0,1,0,0,1,0
15.0,1686,55,21.3,0.5770000000000001,9999.0,9999.0,175,0.812,15.8,49.0,2.379,1,0,0,0,0,0,0,1,0,0,1
10.6,2946,140,12.0,0.85,9999.0,9999.0,203,0.728,48.5,48.5,2.496,1,0,0,0,0,0,1,0,0,1,0
10.7,1984,85,14.2,0.6509999999999999,9999.0,7.2,193,0.996,21.7,35.9,2.952,1,0,0,0,0,0,1,0,0,0,1
17.0,1199,48,19.6,0.66,9999.0,9999.0,155,0.82,35.6,33.8,3.49,1,0,0,0,0,0,1,0,0,0,1
13.3,1799,90,15.3,0.68,5.7,8.8,187,0.885,34.1,38.4,3.21,0,1,0,0,0,0,1,0,0,0,1
15.5,1995,60,20.9,0.609,9999.0,9999.0,170,0.885,21.9,44.7,2.6,1,0,0,0,0,0,0,1,0,0,1
13.0,1870,66,20.2,9999.0,9999.0,9999.0,180,1.16,21.2,41.7,2.614,1,0,0,0,0,0,0,1,0,0,1
11.2,2151,105,15.7,0.685,4.3,7.2,202,0.968,18.9,49.7,2.3819999999999997,0,1,0,0,0,0,0,1,0,0,1
8.5,2799,145,9.7,0.68,3.9,5.7,230,1.3,24.6,39.5,2.9360000000000004,0,1,0,0,0,0,1,0,0,0,1
12.7,1781,92,13.7,0.654,9999.0,9999.0,197,1.0,37.7,32.8,3.5380000000000003,1,0,0,0,0,0,1,0,0,0,1
9.8,1589,73,13.5,9999.0,9999.0,9999.0,180,0.96,28.9,33.1,3.2,1,0,0,0,0,0,1,0,0,0,1
12.1,1998,97,16.0,0.9420000000000001,9999.0,9999.0,186,0.976,31.2,34.6,3.352,1,0,0,0,0,0,1,0,0,1,0
8.6,2393,121,11.2,0.632,9999.0,6.1,222,0.978,27.3,37.8,3.68,1,0,0,0,0,0,1,0,0,0,1
20.6,2351,82,21.5,1151.0,9999.0,9999.0,155,1.21,16.7,33.7,3.6,0,1,0,0,0,0,1,0,0,1,0
8.5,2498,125,10.8,0.557,9999.0,9999.0,230,1.62,27.0,37.3,3.1,1,0,0,0,0,0,1,0,0,0,1
8.9,2799,150,10.3,0.6509999999999999,4.0,5.8,230,0.883,25.8,45.7,2.573,0,1,0,0,0,0,1,0,0,0,1
8.3,1797,124,9.6,9999.0,9999.0,9999.0,223,0.9740000000000001,49.8,30.1,3.6180000000000003,1,0,0,0,0,0,1,0,0,0,1
9.4,2497,120,14.0,0.6940000000000001,9999.0,9999.0,215,1.1909999999999998,17.2,45.1,2.6,0,1,0,0,0,0,0,1,0,0,1
12.3,1984,85,14.5,0.6509999999999999,9999.0,8.5,189,1.12,24.6,34.6,3.64,1,0,0,0,0,0,1,0,0,0,1
9.9,2387,100,14.9,9999.0,9999.0,9999.0,202,0.955,17.1,52.9,2.188,1,0,0,0,0,0,0,1,0,0,1
6.3,5786,270,7.0,0.616,3.0,4.5,250,9999.0,9999.0,9999.0,2.3409999999999997,0,1,0,0,0,0,1,0,0,0,1
13.9,3275,110,17.7,9999.0,9999.0,9999.0,166,0.7709999999999999,31.1,44.9,3.8,0,0,0,0,1,0,1,0,1,0,0
12.6,2986,108,17.2,0.9420000000000001,9999.0,9999.0,168,0.763,40.1,44.1,2.7460000000000004,1,0,0,0,0,0,1,0,0,1,0
15.4,1762,81,16.4,0.6659999999999999,9999.0,9999.0,184,0.65,57.0,51.4,2.2569999999999997,1,0,0,0,0,0,1,0,0,0,1
6.5,1998,162,8.1,9999.0,9999.0,9999.0,250,0.986,23.7,44.1,2.539,1,0,0,0,0,0,1,0,0,0,1
13.0,1896,66,18.7,9999.0,9999.0,9999.0,180,0.993,17.2,45.3,2.562,1,0,0,0,0,0,0,1,0,0,1
10.3,1747,96,13.5,9999.0,9999.0,9999.0,201,0.996,30.2,32.0,3.625,1,0,0,0,0,0,1,0,0,0,1
4.0,5707,390,4.2,9999.0,9999.0,9999.0,335,1.9,70.1,43.3,2.7880000000000003,0,0,1,0,0,0,1,0,0,0,1
6.2,4398,210,7.8,0.6729999999999999,9999.0,9999.0,250,0.94,36.2,51.2,2.332,0,1,0,0,0,0,1,0,0,0,1
9.3,1747,106,12.7,9999.0,9999.0,9999.0,205,0.987,27.1,31.9,3.529,1,0,0,0,0,0,1,0,0,0,1
10.4,1834,90,13.3,9999.0,9999.0,9999.0,190,0.968,30.6,35.7,3.52,1,0,0,0,0,0,1,0,0,1,0
15.4,1762,74,14.9,0.657,9999.0,9999.0,177,0.7659999999999999,35.5,38.5,2.8,1,0,0,0,0,0,1,0,0,0,1
16.0,1199,48,21.6,0.609,9999.0,9999.0,165,0.8140000000000001,27.6,36.2,2.968,1,0,0,0,0,0,1,0,0,0,1
8.5,2172,85,16.1,9999.0,9999.0,9999.0,200,1.4,15.7,44.7,2.521,1,0,0,0,0,0,0,1,0,0,1
13.5,1896,66,19.5,0.6559999999999999,9999.0,9999.0,178,0.987,17.2,45.1,2.576,1,0,0,0,0,0,0,1,0,0,1
12.0,1994,92,15.4,0.855,9999.0,9999.0,167,0.7340000000000001,36.4,40.6,3.81,0,0,1,0,0,0,1,0,1,0,0
8.5,2435,142,11.6,9999.0,9999.0,9999.0,220,1.19,14.5,38.9,2.975,0,0,1,0,0,0,1,0,0,0,1
9.5,1795,86,12.3,9999.0,9999.0,9999.0,185,0.9790000000000001,22.8,34.4,3.15,1,0,0,0,0,0,1,0,0,0,1
12.6,1762,81,16.2,0.6659999999999999,9999.0,9999.0,189,0.871,36.2,39.5,2.9410000000000003,1,0,0,0,0,0,1,0,0,0,1
11.7,1595,74,16.4,0.6559999999999999,9999.0,9999.0,187,1.39,30.0,32.1,3.613,1,0,0,0,0,0,1,0,0,0,1
15.9,1242,55,17.6,0.662,9999.0,9999.0,162,0.767,27.8,40.6,2.523,1,0,0,0,0,0,1,0,0,0,1
10.2,4966,218,11.3,1.44,9999.0,9999.0,190,9999.0,9999.0,9999.0,3.635,0,0,1,0,0,0,1,0,1,0,0
13.4,1998,97,16.0,0.915,9999.0,9999.0,186,0.958,31.8,35.3,3.352,1,0,0,0,0,0,1,0,0,1,0
13.1,1299,63,14.7,9999.0,9999.0,9999.0,165,0.768,38.2,35.8,2.9810000000000003,1,0,0,0,0,0,1,0,0,0,1
8.8,1969,114,11.4,0.639,9999.0,9999.0,216,0.973,32.4,34.7,3.3710000000000004,1,0,0,0,0,0,1,0,0,0,1
5.4,3387,221,6.6,0.5820000000000001,9999.0,9999.0,280,1.23,40.8,40.3,2.8930000000000002,0,0,1,0,0,0,1,0,0,0,1
12.7,1242,55,17.6,0.662,9999.0,9999.0,170,1.29,26.8,31.8,3.228,1,0,0,0,0,0,1,0,0,0,1
4.7,3495,280,4.8,9999.0,9999.0,9999.0,295,0.871,67.3,41.1,2.983,0,1,0,0,0,0,1,0,0,0,1
5.9,1795,88,7.7,9999.0,9999.0,9999.0,202,0.988,26.9,37.2,3.12,0,1,0,0,0,0,1,0,0,0,1
10.9,2324,110,13.1,0.645,9999.0,7.9,211,0.74,30.8,47.5,2.443,1,0,0,0,0,0,1,0,0,0,1
12.8,1498,59,17.9,9999.0,9999.0,9999.0,170,0.91,18.5,34.3,3.75,1,0,0,0,0,0,1,0,0,0,1
13.4,1998,97,16.0,0.915,9999.0,9999.0,186,0.958,31.8,35.3,3.352,1,0,0,0,0,0,1,0,0,1,0
12.4,1597,83,12.8,9999.0,9999.0,9999.0,175,0.757,46.4,38.5,2.7,1,0,0,0,0,0,1,0,0,0,1
11.0,1796,85,13.9,0.629,9999.0,9999.0,195,0.9420000000000001,34.1,38.3,3.28,1,0,0,0,0,0,1,0,0,0,1
10.2,2496,110,15.4,0.679,9999.0,6.9,214,1.66,12.1,50.2,2.36,0,0,1,0,0,0,0,1,0,0,1
10.7,1994,92,13.4,0.6629999999999999,9999.0,9999.0,181,0.818,35.5,39.5,2.852,0,0,1,0,0,0,1,0,0,0,1
13.5,1587,65,16.8,0.691,9999.0,9999.0,178,0.99,23.5,35.0,3.116,1,0,0,0,0,0,1,0,0,0,1
11.3,1834,88,14.8,9999.0,9999.0,9999.0,163,0.88,31.9,35.3,3.5589999999999997,0,0,1,0,0,0,1,0,1,0,0
10.6,1998,94,13.7,0.532,9999.0,9999.0,200,0.9309999999999999,42.8,39.8,2.835,1,0,0,0,0,0,1,0,0,0,1
12.3,1597,70,16.4,0.6829999999999999,9999.0,9999.0,175,0.9840000000000001,28.7,34.2,3.218,0,0,1,0,0,0,1,0,0,0,1
8.1,2771,142,10.3,0.613,9999.0,5.7,236,0.992,28.6,39.6,2.9189999999999996,1,0,0,0,0,0,1,0,0,0,1
10.5,1781,110,15.0,0.831,9999.0,9999.0,194,1.29,14.2,34.3,3.49,1,0,0,0,0,0,1,0,0,1,0
16.6,1905,66,21.0,0.711,9999.0,9999.0,173,0.986,25.9,43.9,2.613,1,0,0,0,0,0,0,1,0,0,1
12.2,1581,76,14.7,9999.0,9999.0,9999.0,180,0.789,41.6,39.7,2.687,1,0,0,0,0,0,1,0,0,0,1
11.8,1489,65,16.7,9999.0,9999.0,9999.0,173,0.924,31.1,34.0,3.22,1,0,0,0,0,0,1,0,0,0,1
14.5,1995,60,20.4,0.609,9999.0,9999.0,175,0.97,15.6,41.9,2.7680000000000002,1,0,0,0,0,0,0,1,0,0,1
6.9,2935,124,8.4,9999.0,9999.0,9999.0,226,1.5,33.9,39.8,2.8760000000000003,0,1,0,0,0,0,1,0,0,0,1
13.3,3301,116,16.2,9999.0,9999.0,9999.0,175,0.7120000000000001,40.6,52.3,2.41,1,0,0,0,0,0,1,0,0,1,0
8.3,3226,145,11.1,0.629,3.7,5.7,230,1.25,22.3,53.4,2.22,0,1,0,0,0,0,0,1,0,0,1
13.3,1896,81,17.0,0.688,9999.0,9.2,188,1.65,22.0,42.5,2.7,1,0,0,0,0,0,0,1,0,0,1
15.4,989,41,20.4,9999.0,9999.0,9999.0,145,0.91,26.3,30.9,3.375,1,0,0,0,0,0,1,0,0,0,1
15.1,1905,66,23.7,0.9420000000000001,9999.0,9999.0,160,1.28,15.7,38.9,3.42,1,0,0,0,0,0,0,1,0,1,0
10.1,1590,77,13.3,9999.0,9999.0,9999.0,190,0.8240000000000001,36.1,37.2,2.8489999999999998,1,0,0,0,0,0,1,0,0,0,1
12.8,3947,136,9999.0,9999.0,9999.0,9999.0,170,0.687,39.9,52.1,2.583,0,0,1,0,0,0,1,0,1,0,0
13.5,1598,74,15.2,0.609,9999.0,9999.0,178,0.774,36.1,38.3,3.28,1,0,0,0,0,0,1,0,0,0,1
12.8,1896,81,16.8,0.633,9999.0,8.4,190,0.94,24.6,48.7,2.383,1,0,0,0,0,0,0,1,0,0,1
11.5,1598,74,15.2,0.629,9999.0,9999.0,188,1.4,26.8,31.2,3.7,1,0,0,0,0,0,1,0,0,0,1
19.9,1905,51,23.2,0.973,9999.0,9999.0,142,0.868,15.3,35.6,3.95,1,0,0,0,0,0,0,1,0,0,1
10.5,1834,92,14.3,9999.0,9999.0,9999.0,200,0.982,29.5,37.0,2.9410000000000003,1,0,0,0,0,0,1,0,0,0,1
10.7,1747,96,14.0,9999.0,9999.0,9999.0,201,0.996,30.2,32.0,3.625,1,0,0,0,0,0,1,0,0,0,1
9.8,2398,125,12.1,0.608,4.2,6.5,224,0.879,24.4,43.2,2.7,0,1,0,0,0,0,1,0,0,0,1
9.9,2290,125,12.4,9999.0,9999.0,9999.0,220,0.865,22.7,46.2,2.6,1,0,0,0,0,0,1,0,0,0,1
6.0,3387,221,6.4,0.5820000000000001,9999.0,9999.0,275,0.9440000000000001,39.8,42.8,2.7,0,0,1,0,0,0,1,0,0,0,1
13.1,4164,150,16.3,9999.0,9999.0,9999.0,175,9999.0,9999.0,9999.0,3.137,0,0,1,0,0,0,0,1,1,0,0
13.0,1985,96,13.5,9999.0,9999.0,9999.0,190,0.79,46.2,39.4,2.9,1,0,0,0,0,0,1,0,0,0,1
11.8,3494,158,12.9,9999.0,9999.0,9999.0,180,0.823,24.2,40.5,3.388,0,0,0,0,1,0,1,0,1,0,0
11.4,1984,85,15.1,0.6779999999999999,9999.0,7.6,195,1.66,21.4,35.2,3.31,1,0,0,0,0,0,1,0,0,0,1
10.7,2446,129,11.2,9999.0,9999.0,9999.0,210,0.7290000000000001,44.9,47.2,2.426,1,0,0,0,0,0,1,0,0,0,1
21.7,1968,62,28.1,1094.0,9999.0,12.9,144,0.986,14.9,34.0,3.486,1,0,0,0,0,0,1,0,0,1,0
14.4,1762,66,17.7,0.973,9999.0,9999.0,160,0.82,21.9,39.0,2.8,1,0,0,0,0,0,1,0,0,0,1
11.2,1590,84,12.3,9999.0,9999.0,9999.0,170,0.431,55.2,60.7,1.746,1,0,0,0,0,0,1,0,0,0,1
7.9,2946,140,10.1,0.6659999999999999,9999.0,9999.0,230,1.339,49.2,29.9,3.886,1,0,0,0,0,0,1,0,0,0,1
10.5,1598,88,13.8,9999.0,9999.0,9999.0,197,1.21,34.2,30.6,3.4589999999999996,1,0,0,0,0,0,1,0,0,0,1
18.4,2461,75,26.0,1094.0,9999.0,12.1,155,1.24,10.6,35.7,3.315,0,0,1,0,0,0,0,1,0,1,0
14.7,1997,100,17.5,0.9520000000000001,9999.0,9999.0,172,0.769,44.4,38.6,3.138,1,0,0,0,0,0,1,0,0,0,1
13.7,1595,74,16.6,0.6779999999999999,9999.0,9.2,185,1.6,32.3,31.2,3.727,1,0,0,0,0,0,1,0,0,0,1
6.0,3239,250,7.1,9999.0,9999.0,9999.0,250,0.972,28.5,44.7,2.673,0,1,0,0,0,0,1,0,0,0,1
14.1,1324,47,16.9,9999.0,9999.0,9999.0,150,0.7609999999999999,22.9,37.9,2.625,1,0,0,0,0,0,1,0,0,0,1
6.3,5786,270,7.3,0.621,3.0,4.5,250,0.97,47.5,50.1,2.3409999999999997,0,1,0,0,0,0,1,0,0,0,1
10.4,2496,110,14.0,0.65,9999.0,7.1,212,1.47,15.4,50.6,2.294,0,0,1,0,0,0,0,1,0,0,1
15.1,999,40,21.2,0.7959999999999999,9999.0,9999.0,142,0.914,19.4,28.2,3.551,1,0,0,0,0,0,1,0,0,0,1
10.3,1588,80,13.8,9999.0,9999.0,9999.0,190,0.925,38.5,34.2,3.215,1,0,0,0,0,0,1,0,0,0,1
9.6,1998,113,11.9,9999.0,9999.0,9999.0,210,0.983,30.7,32.9,3.531,1,0,0,0,0,0,1,0,0,0,1
15.0,1349,55,18.7,9999.0,9999.0,9999.0,166,0.86,24.3,35.7,2.965,1,0,0,0,0,0,1,0,0,0,1
8.9,1747,96,11.0,9999.0,9999.0,9999.0,200,0.982,33.6,32.3,3.4,1,0,0,0,0,0,1,0,0,0,1
11.5,1598,79,15.6,0.621,9999.0,9999.0,195,0.93,30.2,36.5,3.1830000000000003,1,0,0,0,0,0,1,0,0,0,1
11.2,2362,115,13.9,9999.0,9999.0,9999.0,180,0.81,41.1,39.7,2.9819999999999998,1,0,0,0,0,0,1,0,0,1,0
11.8,1398,71,14.6,9999.0,9999.0,9999.0,185,0.956,32.6,32.3,3.37,1,0,0,0,0,0,1,0,0,0,1
13.1,3275,110,17.6,9999.0,9999.0,9999.0,172,0.938,24.2,38.2,3.532,0,0,0,0,1,0,1,0,1,0,0
12.9,1390,70,17.6,9999.0,9999.0,9999.0,173,9999.0,9999.0,9999.0,9999.0,1,0,0,0,0,0,1,0,0,0,1
12.2,1998,93,16.2,9999.0,9999.0,9999.0,170,0.878,35.4,32.3,3.575,0,1,0,0,0,0,1,0,0,1,0
17.0,796,38,20.4,9999.0,9999.0,9999.0,144,0.9329999999999999,26.4,26.1,3.7,1,0,0,0,0,0,1,0,0,0,1
10.4,1834,92,13.6,9999.0,9999.0,9999.0,200,1.42,30.9,34.9,3.228,1,0,0,0,0,0,1,0,0,0,1
18.8,1296,61,17.5,9999.0,9999.0,9999.0,140,0.8240000000000001,35.4,27.8,4.4,0,0,1,0,0,0,1,0,1,0,0
11.6,1850,100,14.1,9999.0,9999.0,9999.0,198,0.8540000000000001,53.7,38.6,2.9160000000000004,1,0,0,0,0,0,1,0,0,0,1
8.4,2295,142,10.2,0.68,3.9,6.0,227,1.1,22.6,42.8,2.714,0,1,0,0,0,0,1,0,0,0,1
13.7,1598,66,16.4,0.637,9999.0,9999.0,170,0.7390000000000001,45.9,46.0,2.319,1,0,0,0,0,0,1,0,0,0,1
15.0,1296,44,18.9,9999.0,9999.0,9999.0,155,0.82,19.6,31.5,3.266,1,0,0,0,0,0,1,0,0,0,1
11.1,2351,110,12.2,9999.0,9999.0,9999.0,205,0.9520000000000001,34.3,39.2,2.878,1,0,0,0,0,0,1,0,0,0,1
17.5,1361,55,20.5,0.973,9999.0,9999.0,150,0.863,24.1,31.6,3.4819999999999998,1,0,0,0,0,0,1,0,0,0,1
6.7,1781,165,8.9,0.716,9999.0,4.8,237,1.5,17.7,38.3,3.24,0,0,1,0,0,0,1,0,0,0,1
9.0,1998,100,12.0,0.629,9999.0,9999.0,208,1.14,28.4,33.6,3.3289999999999997,1,0,0,0,0,0,1,0,0,0,1
16.8,1905,55,21.7,0.623,9999.0,9999.0,168,0.98,18.0,37.3,2.923,1,0,0,0,0,0,0,1,0,0,1
15.4,1984,85,19.3,0.831,9999.0,10.6,177,1.39,18.4,34.1,3.49,1,0,0,0,0,0,1,0,0,1,0
14.0,1199,48,18.9,0.66,9999.0,9999.0,163,0.7509999999999999,29.5,38.8,2.655,1,0,0,0,0,0,1,0,0,0,1
5.8,3217,247,6.7,9999.0,9999.0,9999.0,270,1.14,36.9,41.6,2.763,0,1,0,0,0,0,1,0,0,0,1
10.3,1588,80,13.8,9999.0,9999.0,9999.0,190,0.925,38.5,34.2,3.215,1,0,0,0,0,0,1,0,0,0,1
10.7,2446,129,12.0,9999.0,9999.0,9999.0,210,0.7290000000000001,44.9,47.2,2.426,1,0,0,0,0,0,1,0,0,0,1
12.9,1600,85,14.6,0.7440000000000001,9999.0,9999.0,177,0.742,28.2,39.1,2.7260000000000004,1,0,0,0,0,0,1,0,0,0,1
8.1,2771,142,10.6,0.613,9999.0,5.7,230,3.353,6.1,11.4,1.125,1,0,0,0,0,0,1,0,0,0,1
7.5,2793,142,10.6,0.6509999999999999,9999.0,9999.0,240,1.73,33.8,40.7,2.9,0,1,0,0,0,0,1,0,0,0,1
10.1,2457,115,12.2,9999.0,9999.0,9999.0,205,0.9329999999999999,35.2,39.2,2.852,0,0,1,0,0,0,1,0,0,0,1
9.2,2926,135,13.6,0.6629999999999999,9999.0,9999.0,220,1.8,22.8,50.9,2.464,0,1,0,0,0,0,0,1,0,0,1
5.2,3387,221,6.2,0.5820000000000001,9999.0,9999.0,280,1.23,40.8,40.3,2.8930000000000002,0,0,1,0,0,0,1,0,0,0,1
12.2,1422,55,17.5,0.659,9999.0,9999.0,170,0.9390000000000001,21.6,45.3,2.2640000000000002,1,0,0,0,0,0,0,1,0,0,1
13.5,1762,66,16.9,0.623,9999.0,9999.0,182,0.9790000000000001,22.3,37.2,2.929,1,0,0,0,0,0,1,0,0,0,1
7.0,2793,142,9.8,0.594,9999.0,9999.0,242,1.114,32.8,39.5,2.9,0,1,0,0,0,0,1,0,0,0,1
13.2,1324,54,19.5,9999.0,9999.0,9999.0,164,0.9670000000000001,28.2,30.8,3.423,1,0,0,0,0,0,1,0,0,0,1
7.1,2319,184,8.4,0.669,9999.0,9999.0,250,1.145,20.8,42.0,2.8,1,0,0,0,0,0,1,0,0,0,1
8.8,1969,114,11.4,0.639,9999.0,9999.0,216,0.983,29.1,34.3,3.3710000000000004,1,0,0,0,0,0,1,0,0,0,1
12.7,1870,72,17.9,9999.0,9999.0,9999.0,174,9999.0,9999.0,9999.0,9999.0,1,0,0,0,0,0,0,1,0,0,1
9.2,2496,110,13.0,0.653,9999.0,6.5,216,1.11,12.8,53.4,2.174,1,0,0,0,0,0,0,1,0,0,1
12.2,1997,100,13.3,9999.0,9999.0,9999.0,190,0.754,47.3,42.0,2.6839999999999997,1,0,0,0,0,0,1,0,0,0,1
14.1,2088,80,20.2,0.9420000000000001,9999.0,9999.0,175,1.1,14.3,40.7,2.911,1,0,0,0,0,0,0,1,0,1,0
12.7,1597,66,17.3,0.64,9999.0,9999.0,177,0.878,23.2,36.6,2.891,1,0,0,0,0,0,1,0,0,0,1
10.7,2496,110,14.2,0.657,9999.0,7.3,212,0.927,17.4,57.2,2.23,1,0,0,0,0,0,0,1,0,0,1
10.7,2946,140,11.8,0.741,9999.0,9999.0,225,1.21,42.5,40.1,2.9,1,0,0,0,0,0,1,0,0,0,1
9.1,1781,110,12.2,0.688,9999.0,6.3,217,1.17,15.7,37.4,3.11,1,0,0,0,0,0,1,0,0,0,1
12.2,1896,85,16.1,0.067,9999.0,9999.0,192,0.948,19.5,50.6,2.294,1,0,0,0,0,0,0,1,0,0,1
12.6,1581,76,17.1,0.7390000000000001,9999.0,9999.0,170,0.9690000000000001,29.5,30.5,3.721,1,0,0,0,0,0,1,0,0,1,0
13.8,1598,79,16.2,9999.0,9999.0,9999.0,180,9999.0,9999.0,9999.0,9999.0,1,0,0,0,0,0,1,0,0,0,1
7.7,1998,162,9.4,9999.0,9999.0,9999.0,235,0.934,23.5,43.8,2.6439999999999997,1,0,0,0,0,0,1,0,0,0,1
11.8,1994,92,15.1,9999.0,9999.0,9999.0,188,0.85,35.5,39.5,2.852,0,0,1,0,0,0,1,0,0,0,1
12.0,1995,74,17.6,0.609,9999.0,9999.0,188,0.943,17.4,46.4,2.55,1,0,0,0,0,0,0,1,0,0,1
9.0,2435,125,11.9,9999.0,9999.0,9999.0,220,0.97,40.8,39.8,2.975,1,0,0,0,0,0,1,0,0,0,1
9.9,2387,100,14.0,0.639,9999.0,9999.0,203,1.84,18.8,46.8,2.423,1,0,0,0,0,0,0,1,0,0,1
11.0,1997,100,13.8,0.9159999999999999,9999.0,9999.0,185,0.9209999999999999,34.5,33.5,3.536,1,0,0,0,0,0,1,0,0,1,0
9.3,2393,121,12.9,0.613,9999.0,6.4,220,1.28,25.7,35.7,3.2439999999999998,0,0,1,0,0,0,1,0,0,0,1
15.0,1686,55,21.3,0.609,9999.0,9999.0,170,0.925,15.3,41.8,2.698,1,0,0,0,0,0,0,1,0,0,1
14.9,2982,92,20.1,9999.0,9999.0,9999.0,160,1.124,20.8,39.5,3.63,0,0,1,0,0,0,0,1,1,0,0
13.2,3200,121,16.1,1088.0,9999.0,9999.0,170,9999.0,9999.0,9999.0,2.863,0,0,1,0,0,0,0,1,1,0,0
9.3,2793,142,11.6,0.6729999999999999,9999.0,9999.0,229,0.794,37.0,52.4,2.272,0,1,0,0,0,0,1,0,0,0,1
13.2,1951,85,17.6,0.609,9999.0,9999.0,190,9999.0,9999.0,9999.0,9999.0,1,0,0,0,0,0,0,1,0,0,1
13.1,1997,100,17.4,0.9520000000000001,9999.0,9999.0,179,0.835,35.3,36.9,3.2760000000000002,1,0,0,0,0,0,1,0,0,0,1
17.3,1896,50,23.2,0.706,9999.0,11.2,158,0.97,18.4,38.8,2.7319999999999998,1,0,0,0,0,0,0,1,0,0,1
15.7,2996,130,18.1,1.65,9999.0,9999.0,163,1.85,11.5,34.1,4.31,0,0,1,0,0,0,0,1,1,0,0
4.8,2174,225,5.4,9999.0,9999.0,9999.0,261,1.92,40.1,37.4,3.1889999999999996,0,1,0,0,0,0,1,0,0,0,1
9.0,2496,132,12.9,0.723,9999.0,9999.0,221,1.42,11.9,53.0,2.182,0,0,1,0,0,0,0,1,0,0,1
6.0,3387,221,6.2,0.5820000000000001,9999.0,9999.0,275,0.9440000000000001,39.8,42.8,2.7,0,1,0,0,0,0,1,0,0,0,1
12.5,2151,85,17.9,0.586,4.7,8.5,199,0.87,12.1,54.5,2.173,0,1,0,0,0,0,0,1,0,0,1
13.6,1581,76,16.1,9999.0,9999.0,9999.0,187,0.795,42.8,40.9,2.6919999999999997,1,0,0,0,0,0,1,0,0,0,1
19.5,1297,37,25.2,0.662,9999.0,9999.0,143,0.87,18.7,35.4,2.93,1,0,0,0,0,0,1,0,0,0,1
11.2,2362,115,13.8,9999.0,9999.0,9999.0,180,0.81,41.1,39.7,2.9819999999999998,1,0,0,0,0,0,1,0,0,1,0
16.3,1390,44,24.1,0.706,9999.0,10.3,155,1.27,23.7,32.1,3.298,1,0,0,0,0,0,1,0,0,0,1
13.8,1998,98,13.0,9999.0,9999.0,9999.0,180,0.78,43.1,43.1,2.6,1,0,0,0,0,0,1,0,0,0,1
13.8,2500,85,21.3,9999.0,9999.0,9999.0,175,0.996,16.7,43.9,2.755,1,0,0,0,0,0,0,1,0,1,0
6.9,3498,180,8.9,0.6729999999999999,9999.0,9999.0,250,1.57,36.8,40.8,2.9,0,1,0,0,0,0,1,0,0,0,1
12.1,1998,94,13.8,9999.0,9999.0,9999.0,167,9999.0,9999.0,9999.0,3.145,0,0,1,0,0,0,1,0,1,0,0
14.0,1324,46,20.8,9999.0,9999.0,9999.0,151,0.9259999999999999,23.4,32.6,3.157,1,0,0,0,0,0,1,0,0,0,1
13.5,1199,55,17.4,0.866,9999.0,9999.0,155,0.9129999999999999,29.1,30.3,3.4,1,0,0,0,0,0,1,0,0,0,1
20.5,1998,61,24.1,9999.0,9999.0,9999.0,145,1.57,14.8,34.3,3.573,0,0,0,0,1,0,0,1,1,0,0
12.1,1988,96,13.9,0.6970000000000001,9999.0,9999.0,186,0.82,39.5,41.4,2.75,1,0,0,0,0,0,1,0,0,0,1
8.6,1998,113,11.1,9999.0,9999.0,9999.0,210,1.17,30.9,31.8,3.431,1,0,0,0,0,0,1,0,0,0,1
7.5,1781,132,8.9,0.639,9999.0,5.6,228,1.16,18.6,37.5,3.56,1,0,0,0,0,0,1,0,0,0,1
12.5,1998,98,13.6,9999.0,9999.0,9999.0,192,0.895,56.0,39.7,2.9410000000000003,1,0,0,0,0,0,1,0,0,0,1
11.0,1985,113,11.6,9999.0,9999.0,9999.0,205,0.946,38.7,39.4,2.9,1,0,0,0,0,0,1,0,0,0,1
9.9,1997,108,12.3,9999.0,9999.0,9999.0,210,1.43,38.6,33.6,3.3569999999999998,1,0,0,0,0,0,1,0,0,0,1
9.9,1948,102,13.3,0.693,9999.0,9999.0,200,1.41,38.2,32.0,3.628,1,0,0,0,0,0,1,0,0,0,1
10.5,1948,100,14.5,0.654,9999.0,9999.0,207,0.713,49.6,48.4,2.41,1,0,0,0,0,0,1,0,0,0,1
8.2,2997,163,10.2,9999.0,9999.0,9999.0,230,0.9390000000000001,36.0,42.2,2.722,0,1,0,0,0,0,1,0,0,0,1
9.3,1998,94,13.5,0.532,9999.0,9999.0,205,1.89,38.3,34.8,3.234,1,0,0,0,0,0,1,0,0,0,1
6.3,1994,160,8.0,0.6629999999999999,9999.0,9999.0,231,0.9990000000000001,34.5,41.3,2.886,0,0,1,0,0,0,1,0,0,0,1
11.0,1998,100,13.0,0.597,4.7,7.1,208,1.38,27.9,36.4,3.175,0,1,0,0,0,0,1,0,0,0,1
10.1,2393,121,11.7,0.653,9999.0,7.3,216,0.757,30.8,47.5,2.443,1,0,0,0,0,0,1,0,0,0,1
7.3,1998,162,9.3,9999.0,9999.0,9999.0,243,0.965,23.5,43.8,2.6439999999999997,1,0,0,0,0,0,1,0,0,0,1
10.5,1834,92,14.1,9999.0,9999.0,9999.0,200,0.982,29.5,37.0,2.9410000000000003,1,0,0,0,0,0,1,0,0,0,1
12.3,1793,82,14.0,9999.0,9999.0,9999.0,185,0.8109999999999999,43.3,39.3,2.6830000000000003,1,0,0,0,0,0,1,0,0,0,1
15.0,1597,73,16.3,9999.0,9999.0,9999.0,185,0.85,37.9,37.9,2.878,1,0,0,0,0,0,1,0,0,0,1
13.9,1793,85,15.4,9999.0,9999.0,9999.0,178,0.767,45.4,40.4,2.764,1,0,0,0,0,0,1,0,0,0,1
12.9,1998,66,21.2,0.772,9999.0,9999.0,170,0.958,16.7,44.4,2.455,1,0,0,0,0,0,0,1,0,1,0
9.4,1998,114,12.6,9999.0,9999.0,9999.0,212,0.812,34.3,40.2,2.9,1,0,0,0,0,0,1,0,0,0,1
12.5,2429,110,16.0,9999.0,9999.0,9999.0,180,0.7809999999999999,35.7,43.9,2.755,1,0,0,0,0,0,1,0,0,1,0
14.6,1396,55,17.4,9999.0,9999.0,9999.0,165,0.74,24.1,37.2,2.8489999999999998,1,0,0,0,0,0,1,0,0,0,1
7.4,1997,148,9.7,9999.0,9999.0,9999.0,235,1.76,21.1,36.4,3.75,1,0,0,0,0,0,1,0,0,0,1
4.9,4997,227,4.8,9999.0,9999.0,9999.0,271,1.6,45.2,48.7,2.416,0,1,0,0,0,0,1,0,0,0,1
9.0,2496,132,12.3,0.723,9999.0,9999.0,219,1.47,15.9,52.3,2.214,1,0,0,0,0,0,0,1,0,0,1
16.0,2874,88,22.5,1482.0,9999.0,9999.0,137,0.9990000000000001,17.7,36.1,3.7,0,0,0,0,1,0,0,1,1,0,0
8.7,2290,125,12.2,9999.0,9999.0,9999.0,225,0.924,15.6,44.3,2.673,1,0,0,0,0,0,1,0,0,0,1
5.6,3996,267,6.6,9999.0,9999.0,9999.0,250,0.8220000000000001,41.1,49.4,2.5,0,1,0,0,0,0,1,0,0,0,1
12.5,1799,85,15.2,0.557,9999.0,9999.0,198,0.985,33.1,37.2,3.28,1,0,0,0,0,0,1,0,0,0,1
7.8,3996,184,10.3,9999.0,9999.0,9999.0,250,1.38,23.7,60.2,2.53,0,1,0,0,0,0,0,1,0,0,1
10.6,1850,100,13.9,9999.0,9999.0,9999.0,205,1.18,38.6,33.6,3.3569999999999998,1,0,0,0,0,0,1,0,0,0,1
10.0,3497,149,12.9,1088.0,9999.0,9999.0,190,0.9390000000000001,31.3,40.5,3.522,0,0,1,0,0,0,1,0,1,0,0
10.2,1998,98,13.5,9999.0,9999.0,9999.0,206,1.76,40.7,35.4,3.298,1,0,0,0,0,0,1,0,0,0,1
8.2,2926,135,11.4,0.639,9999.0,9999.0,227,1.37,21.1,54.7,2.136,0,1,0,0,0,0,0,1,0,0,1
13.3,1396,66,16.1,9999.0,9999.0,9999.0,175,0.853,35.5,32.1,3.3280000000000003,1,0,0,0,0,0,1,0,0,0,1
5.2,5665,253,5.8,9999.0,9999.0,9999.0,274,9999.0,9999.0,9999.0,1.7,0,1,0,0,0,0,1,0,0,0,1
11.9,1595,74,16.4,0.6779999999999999,9999.0,7.8,188,1.45,30.0,32.1,3.613,1,0,0,0,0,0,1,0,0,0,1
10.3,1793,82,13.6,9999.0,9999.0,9999.0,195,1.39,34.2,32.3,3.264,1,0,0,0,0,0,1,0,0,0,1
9.5,2398,125,11.2,0.68,4.4,6.5,216,0.9259999999999999,24.6,39.5,2.9360000000000004,0,1,0,0,0,0,1,0,0,0,1
8.5,1985,136,9.7,9999.0,9999.0,9999.0,230,1.15,21.5,39.4,2.9,1,0,0,0,0,0,1,0,0,0,1
8.5,1985,136,9.7,9999.0,9999.0,9999.0,230,1.15,21.5,39.4,2.9,1,0,0,0,0,0,1,0,0,0,1
8.8,2496,132,12.5,0.698,9999.0,9999.0,223,1.51,11.9,53.0,2.182,0,0,1,0,0,0,0,1,0,0,1
12.8,1997,80,18.6,0.711,9999.0,9999.0,186,1.6,15.2,46.2,2.478,1,0,0,0,0,0,0,1,0,0,1
10.3,1747,83,13.6,9999.0,9999.0,9999.0,190,1.7,35.6,32.5,3.2560000000000002,1,0,0,0,0,0,1,0,0,0,1
10.0,2498,125,13.7,0.726,9999.0,9999.0,220,1.27,24.6,35.7,3.315,0,1,0,0,0,0,1,0,0,0,1
9.1,2497,120,13.2,0.6509999999999999,9999.0,9999.0,219,1.93,22.0,50.1,2.363,0,1,0,0,0,0,0,1,0,0,1
15.5,993,40,19.0,9999.0,9999.0,9999.0,140,1.9,40.4,25.2,3.9,1,0,0,0,0,0,1,0,0,0,1
12.4,1493,84,12.2,9999.0,9999.0,9999.0,172,0.733,51.4,36.1,2.932,1,0,0,0,0,0,1,0,0,0,1
11.6,1598,81,14.0,9999.0,9999.0,9999.0,175,0.795,37.6,36.7,2.99,1,0,0,0,0,0,1,0,0,0,1
12.4,1834,92,13.4,9999.0,9999.0,9999.0,200,0.9279999999999999,36.8,39.2,2.878,1,0,0,0,0,0,1,0,0,0,1
4.9,4997,227,4.7,9999.0,9999.0,9999.0,271,1.6,45.2,48.7,2.416,0,1,0,0,0,0,1,0,0,0,1
11.2,1988,114,12.0,9999.0,9999.0,9999.0,205,0.855,45.9,38.7,2.9930000000000003,0,1,0,0,0,0,1,0,0,0,1
11.5,1598,66,16.3,0.617,9999.0,9999.0,184,1.6,32.8,34.7,3.74,1,0,0,0,0,0,1,0,0,0,1
13.4,1998,97,16.0,0.888,9999.0,9999.0,186,0.972,33.0,34.8,3.43,1,0,0,0,0,0,1,0,0,1,0
10.9,1998,98,13.2,9999.0,9999.0,9999.0,195,0.9670000000000001,32.9,34.2,3.264,1,0,0,0,0,0,1,0,0,0,1
11.5,1598,66,16.7,0.563,9999.0,9999.0,187,1.79,29.6,34.7,3.77,1,0,0,0,0,0,1,0,0,0,1
11.4,1242,59,15.6,9999.0,9999.0,9999.0,172,0.987,32.0,34.8,3.84,1,0,0,0,0,0,1,0,0,0,1
12.8,1997,80,18.3,0.721,9999.0,9999.0,185,0.9840000000000001,14.8,47.0,2.5,1,0,0,0,0,0,0,1,0,0,1
8.2,1781,110,11.7,0.639,9999.0,5.8,215,1.71,15.6,35.2,3.2960000000000003,0,0,1,0,0,0,1,0,0,0,1
10.0,2962,155,11.2,0.726,9999.0,9999.0,230,0.9159999999999999,42.9,41.8,2.8,0,1,0,0,0,0,1,0,0,0,1
10.4,1910,77,15.2,9999.0,9999.0,9999.0,187,1.227,12.3,38.1,2.8,1,0,0,0,0,0,0,1,0,0,1
7.3,1985,147,9.0,9999.0,9999.0,9999.0,235,9999.0,9999.0,9999.0,9999.0,1,0,0,0,0,0,1,0,0,0,1
16.5,1686,44,22.0,0.639,9999.0,9999.0,155,0.973,19.6,36.2,2.842,1,0,0,0,0,0,0,1,0,0,1
14.5,2188,83,19.6,0.85,9999.0,9999.0,175,0.946,15.9,41.1,2.9,1,0,0,0,0,0,0,1,0,1,0
13.3,1689,66,16.8,0.736,5.5,8.7,168,0.833,15.3,48.0,2.199,1,0,0,0,0,0,0,1,0,0,1
14.5,1598,74,16.9,0.557,9999.0,9999.0,178,0.797,35.1,37.2,3.28,1,0,0,0,0,0,1,0,0,0,1
13.1,1984,85,15.2,0.6559999999999999,9999.0,9999.0,192,1.7,22.7,34.5,3.364,1,0,0,0,0,0,1,0,0,0,1
15.5,1397,50,21.3,0.6629999999999999,9999.0,9999.0,160,0.927,18.8,34.5,3.113,1,0,0,0,0,0,1,0,0,0,1
8.7,1998,108,11.0,0.563,9999.0,9999.0,215,1.85,36.3,33.0,3.333,1,0,0,0,0,0,1,0,0,0,1
16.7,2088,80,19.5,0.741,9999.0,9999.0,180,1.14,21.8,41.3,2.8680000000000003,1,0,0,0,0,0,0,1,0,0,1
5.4,5439,255,6.1,0.649,3.0,4.1,250,0.925,34.1,49.1,2.3409999999999997,0,1,0,0,0,0,1,0,0,0,1
12.0,1995,74,17.8,0.629,9999.0,9999.0,188,0.943,17.4,46.4,2.55,1,0,0,0,0,0,0,1,0,0,1
9.4,2393,121,12.4,0.657,9999.0,6.7,220,1.2,27.3,36.6,3.162,1,0,0,0,0,0,1,0,0,0,1
8.8,1898,92,11.7,0.736,4.2,5.8,198,1.1,36.2,35.6,3.88,1,0,0,0,0,0,1,0,0,0,1
10.6,2496,110,14.4,0.653,9999.0,7.2,208,1.27,15.4,50.6,2.294,0,0,1,0,0,0,0,1,0,0,1
15.0,1349,55,18.5,9999.0,9999.0,9999.0,166,0.86,24.3,35.7,2.965,1,0,0,0,0,0,1,0,0,0,1
12.5,2151,85,18.2,0.586,4.5,7.8,197,0.9440000000000001,14.2,49.7,2.3819999999999997,0,1,0,0,0,0,0,1,0,0,1
11.6,1998,103,14.5,0.85,9999.0,9999.0,185,0.9359999999999999,28.9,36.6,3.233,1,0,0,0,0,0,1,0,0,1,0
8.2,1781,110,10.7,0.639,9999.0,5.8,217,1.11,16.7,37.7,3.84,1,0,0,0,0,0,1,0,0,0,1
11.5,1390,74,14.5,0.6829999999999999,9999.0,9999.0,185,1.7,34.8,30.6,3.4589999999999996,1,0,0,0,0,0,1,0,0,0,1
14.9,2982,92,20.2,9999.0,9999.0,9999.0,160,1.1,28.4,44.0,3.238,0,0,1,0,0,0,0,1,1,0,0
15.6,1343,48,20.0,9999.0,9999.0,9999.0,145,0.784,16.8,37.0,2.855,1,0,0,0,0,0,1,0,0,0,1
15.8,1997,80,20.8,0.888,9999.0,9999.0,173,0.996,13.6,43.4,2.727,1,0,0,0,0,0,0,1,0,1,0
5.4,3201,236,5.7,0.773,9999.0,9999.0,250,0.9259999999999999,28.2,36.5,3.2,0,1,0,0,0,0,1,0,0,0,1
13.0,1870,72,18.9,0.696,9999.0,9999.0,177,1.76,16.7,41.1,2.822,1,0,0,0,0,0,0,1,0,0,1
6.7,1797,140,8.0,9999.0,9999.0,9999.0,233,1.19,51.5,28.9,3.766,1,0,0,0,0,0,1,0,0,0,1
13.8,1595,74,16.9,0.6559999999999999,9999.0,9999.0,182,1.13,33.3,32.1,3.617,1,0,0,0,0,0,1,0,0,0,1
8.1,2793,142,10.1,0.594,9999.0,9999.0,237,0.848,36.0,50.8,2.278,0,1,0,0,0,0,1,0,0,0,1
12.5,1299,55,18.1,9999.0,9999.0,9999.0,164,0.79,24.0,34.6,3.62,1,0,0,0,0,0,1,0,0,0,1
10.8,1598,75,13.9,0.713,5.0,7.4,180,0.9179999999999999,31.8,37.3,2.826,1,0,0,0,0,0,1,0,0,0,1
9.3,2494,118,11.3,9999.0,9999.0,9999.0,205,0.8,40.1,42.7,2.6839999999999997,1,0,0,0,0,0,1,0,0,0,1
11.0,1731,85,15.3,9999.0,9999.0,9999.0,195,0.9570000000000001,34.4,37.0,2.9410000000000003,1,0,0,0,0,0,1,0,0,0,1
8.4,2946,140,11.1,0.639,9999.0,9999.0,233,1.133,33.7,37.4,3.64,1,0,0,0,0,0,1,0,0,0,1
12.2,1840,84,14.4,9999.0,9999.0,9999.0,175,0.723,41.8,40.3,2.71,1,0,0,0,0,0,1,0,0,0,1
14.7,1998,94,14.7,9999.0,9999.0,9999.0,172,1.18,32.4,31.9,3.842,0,0,0,0,1,0,1,0,1,0,0
15.4,1762,74,15.0,0.657,9999.0,9999.0,177,0.7659999999999999,35.5,38.5,2.8,1,0,0,0,0,0,1,0,0,0,1
15.6,1896,66,20.0,0.581,9999.0,10.1,177,1.4,22.0,42.5,2.7,1,0,0,0,0,0,0,1,0,0,1
13.5,1598,74,15.5,0.589,9999.0,9999.0,178,0.774,36.1,38.3,3.28,1,0,0,0,0,0,1,0,0,0,1
10.7,1994,92,14.9,9999.0,9999.0,9999.0,194,0.995,29.4,34.8,3.237,0,0,1,0,0,0,1,0,0,0,1
15.1,1396,66,17.2,9999.0,9999.0,9999.0,172,0.853,44.9,31.5,3.364,1,0,0,0,0,0,1,0,0,0,1
12.3,2184,81,16.3,9999.0,9999.0,9999.0,185,0.895,19.5,51.7,2.195,1,0,0,0,0,0,0,1,0,0,1
11.1,1597,66,16.4,9999.0,9999.0,9999.0,178,0.919,34.1,32.3,3.375,1,0,0,0,0,0,1,0,0,0,1
16.5,1870,47,23.6,0.637,9999.0,9999.0,168,1.5,17.1,35.6,2.968,1,0,0,0,0,0,0,1,0,0,1
15.3,1361,55,19.4,0.679,9999.0,9999.0,165,0.858,26.7,35.0,3.116,1,0,0,0,0,0,1,0,0,0,1
9.6,1991,100,12.2,0.6579999999999999,9999.0,9999.0,208,0.986,37.4,36.4,3.99,1,0,0,0,0,0,1,0,0,0,1
8.4,2771,142,10.7,0.679,9999.0,6.1,234,0.9840000000000001,28.6,39.6,2.9189999999999996,1,0,0,0,0,0,1,0,0,0,1
7.9,1781,132,9.5,0.65,9999.0,9999.0,231,1.31,17.9,37.3,3.11,1,0,0,0,0,0,1,0,0,0,1
11.3,1998,100,13.5,0.68,4.9,7.3,200,0.9940000000000001,30.3,36.6,3.175,0,1,0,0,0,0,1,0,0,0,1
9.9,1991,110,12.4,0.594,9999.0,9999.0,221,1.117,27.8,33.5,3.5,0,1,0,0,0,0,1,0,0,0,1
12.9,1597,70,17.0,0.7040000000000001,9999.0,9999.0,171,0.961,28.7,34.2,3.218,0,0,1,0,0,0,1,0,0,0,1
12.5,1299,63,14.8,9999.0,9999.0,9999.0,160,0.845,21.8,31.5,3.346,1,0,0,0,0,0,1,0,0,0,1
10.4,1895,87,14.0,0.769,9999.0,9999.0,196,1.41,31.6,34.2,3.4,0,1,0,0,0,0,1,0,0,0,1
9.3,2771,142,10.5,0.65,9999.0,6.6,233,0.777,32.4,50.0,2.294,0,0,1,0,0,0,1,0,0,0,1
10.7,2496,110,14.7,0.679,9999.0,7.4,210,0.9179999999999999,17.4,57.2,2.23,1,0,0,0,0,0,0,1,0,0,1
11.9,1595,74,15.6,0.6509999999999999,9999.0,8.0,185,1.9,27.2,31.6,3.4,1,0,0,0,0,0,1,0,0,0,1
11.2,1598,79,15.8,9999.0,9999.0,9999.0,182,9999.0,9999.0,9999.0,9999.0,1,0,0,0,0,0,1,0,0,0,1
8.6,2435,125,11.4,0.624,9999.0,9999.0,215,0.853,41.0,41.3,2.8,1,0,0,0,0,0,1,0,0,0,1
11.0,2498,125,13.9,0.726,9999.0,9999.0,212,0.9109999999999999,37.4,38.8,3.51,0,1,0,0,0,0,1,0,0,0,1
7.3,1855,147,9.0,9999.0,9999.0,9999.0,235,1.2,19.3,41.9,2.763,1,0,0,0,0,0,1,0,0,0,1
9.8,2959,150,10.1,9999.0,9999.0,9999.0,220,0.75,60.3,46.6,2.484,1,0,0,0,0,0,1,0,0,0,1
9.7,1948,103,12.6,9999.0,9999.0,9999.0,205,0.97,35.9,35.2,3.93,1,0,0,0,0,0,1,0,0,0,1
9.6,2946,140,10.7,0.7070000000000001,9999.0,9999.0,225,0.961,45.2,42.6,2.6910000000000003,1,0,0,0,0,0,1,0,0,0,1
11.0,1590,85,12.9,9999.0,9999.0,9999.0,192,0.9,38.6,33.9,3.1289999999999996,1,0,0,0,0,0,1,0,0,0,1
19.3,1896,66,25.1,0.831,9999.0,11.9,160,0.983,14.5,40.7,2.8539999999999996,1,0,0,0,0,0,0,1,0,1,0
12.9,1840,74,17.1,0.772,9999.0,9999.0,180,0.838,32.2,39.0,2.97,1,0,0,0,0,0,1,0,0,0,1
11.2,1896,81,15.7,0.654,9999.0,9999.0,193,1.32,17.2,45.1,2.576,1,0,0,0,0,0,0,1,0,0,1
9.5,2351,110,12.5,9999.0,9999.0,9999.0,205,1.9,29.6,36.9,3.52,1,0,0,0,0,0,1,0,0,0,1
13.8,1998,98,13.6,9999.0,9999.0,9999.0,180,0.78,43.1,43.1,2.6,1,0,0,0,0,0,1,0,0,0,1
13.6,998,50,17.0,9999.0,9999.0,9999.0,155,0.884,28.7,29.2,3.7,1,0,0,0,0,0,1,0,0,0,1
11.5,1997,99,14.1,0.728,9999.0,9999.0,201,0.9540000000000001,33.1,35.1,3.36,1,0,0,0,0,0,1,0,0,0,1
11.0,2792,128,13.4,0.884,9999.0,9999.0,195,0.996,38.8,33.7,3.3960000000000004,1,0,0,0,0,0,1,0,0,1,0
9.5,2498,125,11.1,0.557,9999.0,9999.0,227,0.9470000000000001,36.0,41.3,2.8,1,0,0,0,0,0,1,0,0,0,1
4.9,2671,280,5.8,0.6940000000000001,9999.0,9999.0,250,0.993,20.2,41.3,2.812,0,0,1,0,0,0,1,0,0,0,1
11.7,1590,67,14.8,9999.0,9999.0,9999.0,165,0.777,28.3,35.4,3.16,1,0,0,0,0,0,1,0,0,0,1
11.0,1998,98,13.1,9999.0,9999.0,9999.0,180,1.172,18.5,28.4,3.832,1,0,0,0,0,0,1,0,0,0,1
7.4,2687,162,8.1,0.598,9999.0,9999.0,245,0.9840000000000001,37.3,38.9,2.975,0,1,0,0,0,0,1,0,0,0,1
6.8,5439,255,8.5,1061.0,3.3,4.8,235,0.98,30.5,47.1,2.875,0,0,1,0,0,0,1,0,1,0,0
14.8,1997,66,20.9,0.6659999999999999,9999.0,9999.0,172,0.99,15.8,43.4,2.674,1,0,0,0,0,0,0,1,0,0,1
21.3,1870,40,25.6,0.914,9999.0,9999.0,135,0.8590000000000001,18.9,39.3,2.733,1,0,0,0,0,0,0,1,0,0,1
14.2,1998,97,9999.0,0.636,9999.0,9999.0,203,0.992,45.0,37.2,3.1189999999999998,1,0,0,0,0,0,1,0,0,0,1
13.5,1905,66,17.5,0.691,9999.0,9999.0,175,1.7,17.5,40.9,2.6639999999999997,1,0,0,0,0,0,0,1,0,0,1
10.0,1796,85,13.7,0.589,9999.0,9999.0,200,1.62,28.3,34.9,3.3289999999999997,1,0,0,0,0,0,1,0,0,0,1
11.3,1781,92,15.0,0.602,9999.0,7.3,202,1.8,23.6,32.3,3.5989999999999998,0,0,1,0,0,0,1,0,0,0,1
15.4,1498,65,17.5,9999.0,9999.0,9999.0,175,0.84,41.7,41.7,2.615,1,0,0,0,0,0,1,0,0,0,1
14.9,2792,103,18.3,1094.0,9999.0,9.8,170,0.871,35.6,43.3,2.7310000000000003,1,0,0,0,0,0,1,0,0,1,0
10.1,1998,108,14.6,0.9420000000000001,9999.0,9999.0,195,1.6,20.5,36.6,3.237,1,0,0,0,0,0,1,0,0,1,0
10.0,1997,100,13.1,9999.0,9999.0,9999.0,200,0.93,38.0,36.9,3.52,1,0,0,0,0,0,1,0,0,0,1
10.5,2148,105,14.0,9999.0,9999.0,9999.0,215,1.5,18.5,48.7,2.3819999999999997,0,1,0,0,0,0,0,1,0,0,1
8.5,3253,174,9.8,9999.0,9999.0,9999.0,225,0.75,43.9,47.3,2.616,0,1,0,0,0,0,1,0,0,0,1
6.7,4172,250,7.0,0.748,9999.0,4.9,250,0.865,31.6,41.3,2.823,0,0,1,0,0,0,1,0,0,0,1
13.7,1275,55,16.0,0.6509999999999999,9999.0,9999.0,170,0.7290000000000001,30.9,38.9,2.69,1,0,0,0,0,0,1,0,0,0,1
9.9,2959,150,10.7,9999.0,9999.0,9999.0,218,0.743,60.3,46.6,2.484,1,0,0,0,0,0,1,0,0,0,1
16.8,1716,44,21.9,0.659,9999.0,10.8,157,0.92,19.5,41.4,2.4659999999999997,1,0,0,0,0,0,0,1,0,0,1
14.2,1361,55,17.3,0.65,9999.0,9999.0,170,0.96,26.1,34.1,3.1289999999999996,1,0,0,0,0,0,1,0,0,0,1
9.3,1747,106,11.8,0.639,9999.0,9999.0,210,0.977,27.2,33.1,3.431,1,0,0,0,0,0,1,0,0,0,1
7.0,2793,142,9.8,0.597,9999.0,5.1,240,1.15,32.8,39.5,2.9,0,1,0,0,0,0,1,0,0,0,1
17.2,1149,43,22.0,0.914,9999.0,9999.0,142,0.87,17.1,31.1,3.4560000000000004,1,0,0,0,0,0,1,0,0,0,1
7.3,1855,147,8.8,9999.0,9999.0,9999.0,235,1.2,19.3,41.9,2.763,1,0,0,0,0,0,1,0,0,0,1
8.3,2671,169,9.3,0.613,9999.0,5.9,244,0.772,18.8,54.5,2.1590000000000003,1,0,0,0,0,0,1,0,0,0,1
13.5,1595,74,16.4,0.654,9999.0,9999.0,184,1.54,32.4,31.2,3.737,1,0,0,0,0,0,1,0,0,0,1
12.5,1995,74,18.3,0.645,9999.0,9999.0,183,0.9179999999999999,17.4,46.4,2.55,1,0,0,0,0,0,0,1,0,0,1
6.8,2290,165,8.0,9999.0,9999.0,9999.0,250,1.6,20.9,42.9,2.673,1,0,0,0,0,0,1,0,0,0,1
12.8,1595,74,15.3,0.639,9999.0,8.6,183,1.52,32.3,31.1,3.737,1,0,0,0,0,0,1,0,0,0,1
13.8,2999,117,17.4,9999.0,9999.0,9999.0,160,0.9129999999999999,22.8,44.9,3.53,0,0,0,0,1,0,0,1,1,0,0
8.9,2446,129,11.2,9999.0,9999.0,9999.0,212,0.9890000000000001,31.7,35.1,3.3,1,0,0,0,0,0,1,0,0,0,1
7.1,3996,203,8.1,9999.0,9999.0,9999.0,240,0.8170000000000001,47.8,48.1,2.483,0,1,0,0,0,0,1,0,0,0,1
12.0,1998,94,13.1,9999.0,9999.0,9999.0,167,9999.0,9999.0,9999.0,3.145,0,0,1,0,0,0,1,0,1,0,0
11.0,1796,85,13.7,0.609,9999.0,9999.0,195,0.9420000000000001,34.1,38.3,3.28,1,0,0,0,0,0,1,0,0,0,1
8.9,2972,138,12.2,9999.0,9999.0,9999.0,225,0.772,37.5,48.6,2.436,1,0,0,0,0,0,1,0,0,0,1
10.2,1589,73,13.9,9999.0,9999.0,9999.0,175,0.693,37.1,42.1,2.516,1,0,0,0,0,0,1,0,0,0,1
7.3,2959,141,10.1,9999.0,9999.0,9999.0,225,1.24,45.2,39.2,2.853,1,0,0,0,0,0,1,0,0,0,1
12.7,1840,84,15.8,0.772,9999.0,9999.0,170,0.74,39.6,38.3,2.847,1,0,0,0,0,0,1,0,0,1,0
17.4,989,41,21.2,9999.0,9999.0,9999.0,135,0.879,26.6,29.5,3.535,0,0,1,0,0,0,1,0,0,0,1
11.8,2792,128,13.4,0.831,9999.0,7.9,199,0.978,33.1,35.1,3.2680000000000002,1,0,0,0,0,0,1,0,0,1,0
8.5,2495,125,11.1,0.6970000000000001,9999.0,9999.0,215,0.9,36.5,38.2,2.9,1,0,0,0,0,0,1,0,0,0,1
10.8,1910,77,15.5,9999.0,9999.0,9999.0,185,1.26,13.3,45.1,2.416,1,0,0,0,0,0,0,1,0,0,1
12.8,1299,56,16.3,0.866,9999.0,9999.0,155,0.93,30.7,30.3,3.346,1,0,0,0,0,0,1,0,0,0,1
13.0,1995,74,17.8,0.557,9999.0,9999.0,195,1.66,13.5,42.5,2.7,1,0,0,0,0,0,0,1,0,0,1
9.2,3199,165,10.5,0.7070000000000001,3.8,6.1,225,0.87,29.2,46.2,2.548,0,0,1,0,0,0,1,0,0,0,1
11.6,1998,103,14.9,9999.0,9999.0,9999.0,187,0.946,28.9,36.6,3.233,1,0,0,0,0,0,1,0,0,1,0
12.8,1769,84,15.6,9999.0,9999.0,9999.0,173,0.778,27.1,39.7,2.8369999999999997,1,0,0,0,0,0,1,0,0,0,1
11.8,2351,110,14.6,1004.0,9999.0,9999.0,185,0.9490000000000001,26.6,35.5,3.338,0,0,1,0,0,0,1,0,0,1,0
13.9,2151,75,18.9,0.6829999999999999,5.5,9.0,179,0.935,14.4,45.6,2.548,0,1,0,0,0,0,0,1,0,0,1
8.2,2988,147,9.7,9999.0,9999.0,9999.0,230,0.9279999999999999,33.7,38.7,3.37,1,0,0,0,0,0,1,0,0,0,1
11.2,1769,83,15.8,0.588,9999.0,9999.0,191,0.9490000000000001,22.8,35.9,3.157,1,0,0,0,0,0,1,0,0,0,1
8.6,3697,191,9.0,0.675,9999.0,6.2,250,0.773,34.9,53.9,2.294,0,0,1,0,0,0,1,0,0,0,1
13.3,1895,77,15.8,0.647,9999.0,9999.0,185,0.981,26.8,35.6,3.2,0,1,0,0,0,0,1,0,0,0,1
12.7,1997,80,21.1,0.915,9999.0,9999.0,175,1.4,13.6,43.5,2.718,1,0,0,0,0,0,0,1,0,1,0
11.0,1762,81,15.1,0.532,9999.0,9999.0,195,0.992,22.6,35.1,3.2119999999999997,1,0,0,0,0,0,1,0,0,0,1
14.5,1498,65,18.0,0.5920000000000001,9999.0,9999.0,164,0.779,39.6,38.3,2.847,1,0,0,0,0,0,1,0,0,0,1
14.0,2999,117,18.3,9999.0,9999.0,9999.0,160,0.9129999999999999,22.8,44.9,3.53,0,0,0,0,1,0,0,1,1,0,0
11.0,1998,100,12.5,0.645,9999.0,9999.0,195,0.843,38.3,41.3,2.8,1,0,0,0,0,0,1,0,0,0,1
13.0,1587,77,16.7,9999.0,9999.0,9999.0,185,1.5,33.5,33.5,3.2560000000000002,1,0,0,0,0,0,1,0,0,0,1
11.7,3947,136,15.4,9999.0,9999.0,9999.0,170,0.6890000000000001,29.8,52.0,2.6,0,0,1,0,0,0,1,0,1,0,0
7.2,2319,176,8.4,0.624,9999.0,9999.0,240,1.22,30.1,46.0,2.5140000000000002,1,0,0,0,0,0,1,0,0,0,1
12.9,2351,110,13.1,0.9159999999999999,9999.0,9999.0,180,0.856,33.5,38.2,3.97,1,0,0,0,0,0,1,0,0,1,0
20.5,1998,61,23.5,9999.0,9999.0,9999.0,124,0.862,15.6,36.0,3.573,0,0,0,0,1,0,0,1,1,0,0
14.1,1390,44,20.3,0.659,9999.0,9.1,160,0.973,21.0,35.0,2.8680000000000003,1,0,0,0,0,0,1,0,0,0,1
11.5,1998,100,13.4,0.597,5.1,7.7,205,0.925,31.5,40.3,2.872,0,1,0,0,0,0,1,0,0,0,1
12.2,1998,66,19.2,0.5920000000000001,9999.0,9999.0,178,0.9470000000000001,27.8,47.0,2.319,1,0,0,0,0,0,0,1,0,0,1
6.8,6750,298,8.5,0.9209999999999999,9999.0,9999.0,249,9999.0,9999.0,9999.0,2.18,0,1,0,0,0,0,1,0,0,0,1
11.3,1896,81,16.5,0.6779999999999999,9999.0,7.9,193,1.32,17.2,45.1,2.576,1,0,0,0,0,0,0,1,0,0,1
12.9,1397,60,17.0,0.713,5.2,8.1,170,0.91,29.8,37.3,2.826,1,0,0,0,0,0,1,0,0,0,1
15.5,1998,94,16.0,9999.0,9999.0,9999.0,172,0.9990000000000001,32.4,31.9,3.842,0,0,0,0,1,0,1,0,1,0,0
8.4,1855,147,9.0,9999.0,9999.0,9999.0,225,0.9229999999999999,29.0,44.3,2.611,1,0,0,0,0,0,1,0,0,0,1
10.7,1793,85,15.0,9999.0,9999.0,9999.0,185,0.941,37.0,34.2,3.264,1,0,0,0,0,0,1,0,0,0,1
9.9,2387,99,13.8,9999.0,9999.0,9999.0,200,1.22,19.6,48.9,2.374,1,0,0,0,0,0,0,1,0,0,1
13.6,1299,50,17.3,9999.0,9999.0,9999.0,155,0.873,23.9,29.6,3.477,0,0,1,0,0,0,1,0,0,0,1
14.8,1762,66,19.7,0.6659999999999999,9999.0,9999.0,178,0.92,22.1,39.5,2.9410000000000003,1,0,0,0,0,0,1,0,0,0,1
9.5,1781,110,12.8,0.613,9999.0,6.6,217,1.2,14.5,37.3,3.11,1,0,0,0,0,0,1,0,0,0,1
12.6,1242,59,16.3,9999.0,9999.0,9999.0,165,0.62,38.0,54.8,1.9609999999999999,1,0,0,0,0,0,1,0,0,0,1
14.5,1598,74,17.7,0.557,9999.0,9999.0,178,0.797,35.1,37.2,3.28,1,0,0,0,0,0,1,0,0,0,1
5.8,2671,195,8.1,0.653,9999.0,4.0,250,1.47,14.9,41.2,2.812,0,0,1,0,0,0,1,0,0,0,1
8.7,1794,105,10.5,9999.0,9999.0,9999.0,205,0.888,34.7,36.1,3.1260000000000003,1,0,0,0,0,0,1,0,0,0,1
8.7,1587,87,10.4,0.604,9999.0,9999.0,205,1.14,39.6,30.6,3.3489999999999998,1,0,0,0,0,0,1,0,0,0,1
15.0,1995,74,22.6,0.685,9999.0,9999.0,186,1.48,13.6,41.3,2.812,0,1,0,0,0,0,0,1,0,0,1
10.4,1834,92,13.2,9999.0,9999.0,9999.0,200,1.42,30.9,34.9,3.228,1,0,0,0,0,0,1,0,0,0,1
11.9,1498,65,17.7,0.5920000000000001,9999.0,9999.0,177,0.9940000000000001,31.1,32.4,3.366,1,0,0,0,0,0,1,0,0,0,1
10.4,1895,87,14.8,0.5770000000000001,9999.0,7.2,206,1.9,31.7,34.3,3.4,0,1,0,0,0,0,1,0,0,0,1
12.7,1997,80,21.1,0.915,9999.0,9999.0,175,1.4,13.6,43.5,2.718,1,0,0,0,0,0,0,1,0,1,0
14.3,2497,100,21.0,9999.0,9999.0,9999.0,162,0.77,23.7,52.1,2.5839999999999996,0,0,1,0,0,0,0,1,1,0,0
12.5,1997,80,18.8,0.6859999999999999,9999.0,9999.0,191,1.33,15.2,46.2,2.478,1,0,0,0,0,0,0,1,0,0,1
8.8,3226,145,11.8,0.726,4.1,6.2,227,1.12,22.3,53.4,2.22,0,1,0,0,0,0,0,1,0,0,1
8.0,1998,113,10.5,9999.0,9999.0,9999.0,213,1.14,32.4,32.3,3.4,1,0,0,0,0,0,1,0,0,0,1
6.9,4172,228,7.7,0.675,9999.0,4.9,250,0.7879999999999999,35.7,52.9,2.339,0,0,1,0,0,0,1,0,0,0,1
14.3,1753,55,19.1,0.662,9999.0,9999.0,168,1.143,14.7,36.7,2.93,1,0,0,0,0,0,0,1,0,0,1
12.6,2188,83,17.8,0.696,9999.0,9999.0,185,0.941,18.5,45.7,2.5,1,0,0,0,0,0,0,1,0,0,1
10.3,1493,84,11.9,9999.0,9999.0,9999.0,188,0.745,46.1,38.8,2.7289999999999996,1,0,0,0,0,0,1,0,0,0,1
13.2,1870,66,18.5,9999.0,9999.0,9999.0,180,1.255,17.9,33.7,3.228,1,0,0,0,0,0,0,1,0,0,1
4.3,5474,357,4.7,9999.0,2.3,3.5,317,1.14,49.2,41.0,2.9589999999999996,0,1,0,0,0,0,1,0,0,0,1
7.4,2492,140,9.8,0.639,9999.0,9999.0,230,1.13,42.0,36.0,3.242,1,0,0,0,0,0,1,0,0,0,1
10.4,2151,105,14.5,0.608,4.4,7.0,213,0.9309999999999999,16.0,54.5,2.173,0,1,0,0,0,0,0,1,0,0,1
15.1,1762,74,15.1,0.71,9999.0,9999.0,172,0.774,34.1,37.0,2.9410000000000003,1,0,0,0,0,0,1,0,0,0,1
11.9,1795,88,15.7,1.02,9999.0,9999.0,165,0.642,25.4,46.3,2.7260000000000004,0,0,1,0,0,0,1,0,1,0,0
11.9,1587,81,15.3,0.589,9999.0,9999.0,190,0.929,37.6,34.1,3.37,1,0,0,0,0,0,1,0,0,0,1
5.6,5665,253,5.9,9999.0,9999.0,9999.0,274,9999.0,9999.0,9999.0,2.1919999999999997,0,1,0,0,0,0,1,0,0,0,1
11.5,1598,74,14.9,0.609,9999.0,9999.0,188,0.898,30.0,34.9,3.3289999999999997,1,0,0,0,0,0,1,0,0,0,1
11.3,1896,81,15.1,0.6509999999999999,9999.0,7.6,190,1.15,16.9,45.1,2.4,1,0,0,0,0,0,0,1,0,0,1
8.8,1985,113,11.6,9999.0,9999.0,9999.0,210,0.95,29.6,42.2,2.673,1,0,0,0,0,0,1,0,0,0,1
15.1,2088,80,18.7,0.636,9999.0,9999.0,188,1.59,21.8,41.3,2.8680000000000003,1,0,0,0,0,0,0,1,0,0,1
8.3,2962,147,10.7,9999.0,9999.0,9999.0,235,1.23,31.3,45.9,2.6,1,0,0,0,0,0,1,0,0,0,1
4.7,4941,294,5.5,0.772,9999.0,9999.0,250,0.855,33.0,44.3,2.799,0,1,0,0,0,0,1,0,0,0,1
12.5,1870,72,18.2,0.621,9999.0,9999.0,185,1.124,16.7,41.1,2.822,1,0,0,0,0,0,0,1,0,0,1
12.5,1781,92,14.2,0.581,9999.0,8.5,201,1.44,29.1,33.2,3.498,1,0,0,0,0,0,1,0,0,0,1
11.6,1795,88,15.7,0.609,9999.0,9999.0,195,9999.0,9999.0,9999.0,3.572,1,0,0,0,0,0,1,0,0,0,1
8.0,1985,136,9.7,9999.0,9999.0,9999.0,230,0.992,17.3,42.2,2.673,1,0,0,0,0,0,1,0,0,0,1
8.2,2498,120,10.8,9999.0,9999.0,9999.0,225,1.42,38.7,37.5,3.52,1,0,0,0,0,0,1,0,0,0,1
10.7,1595,74,14.4,9999.0,9999.0,9999.0,188,1.84,27.4,31.0,3.4210000000000003,1,0,0,0,0,0,1,0,0,0,1
13.8,2792,128,14.3,0.831,9999.0,9.4,193,0.987,38.8,33.7,3.3989999999999996,0,0,1,0,0,0,1,0,0,1,0
11.7,1587,81,15.1,0.532,9999.0,9999.0,195,0.9540000000000001,37.6,34.1,3.37,1,0,0,0,0,0,1,0,0,0,1
8.2,1595,118,9.2,9999.0,9999.0,9999.0,207,0.92,56.1,29.6,3.733,1,0,0,0,0,0,1,0,0,0,1
10.5,1896,81,14.7,0.639,9999.0,7.2,194,1.49,17.2,44.5,2.66,1,0,0,0,0,0,0,1,0,0,1
11.3,1590,85,13.5,9999.0,9999.0,9999.0,188,0.9690000000000001,38.8,30.8,3.4410000000000003,1,0,0,0,0,0,1,0,0,0,1
11.3,1596,74,15.1,0.645,9999.0,9999.0,185,0.8690000000000001,30.0,35.5,3.69,1,0,0,0,0,0,1,0,0,0,1
10.9,2494,106,13.3,9999.0,9999.0,9999.0,165,0.7290000000000001,27.7,36.5,3.449,0,0,0,0,1,0,1,0,1,0,0
7.9,2926,135,11.8,0.68,9999.0,9999.0,225,1.97,17.1,51.2,2.3,0,1,0,0,0,0,0,1,0,0,1
13.2,1870,66,18.9,9999.0,9999.0,9999.0,180,1.255,17.9,33.7,3.228,1,0,0,0,0,0,0,1,0,0,1
8.5,3253,174,10.3,9999.0,9999.0,9999.0,225,0.75,43.9,47.3,2.616,0,1,0,0,0,0,1,0,0,0,1
9.7,1994,92,13.2,0.7040000000000001,9999.0,9999.0,187,1.5,29.4,33.2,3.3930000000000002,0,0,1,0,0,0,1,0,0,0,1
14.8,1108,40,18.8,9999.0,9999.0,9999.0,150,0.765,22.7,35.6,2.7289999999999996,1,0,0,0,0,0,1,0,0,0,1
14.0,1199,48,18.6,0.66,9999.0,9999.0,163,0.7509999999999999,29.5,38.8,2.655,1,0,0,0,0,0,1,0,0,0,1
18.8,2461,85,22.1,1094.0,9999.0,12.5,162,1.67,15.1,33.7,3.59,0,0,1,0,0,0,1,0,0,1,0
8.5,2967,175,9.3,0.726,9999.0,9999.0,226,0.69,50.0,48.1,2.483,0,1,0,0,0,0,1,0,0,0,1
21.7,2477,73,25.8,9999.0,9999.0,9999.0,136,1.2,12.5,34.2,3.9589999999999996,0,0,0,0,1,0,0,1,1,0,0
8.0,2946,140,10.4,0.693,9999.0,9999.0,225,1.52,34.1,37.2,3.81,1,0,0,0,0,0,1,0,0,0,1
7.3,4266,205,8.7,0.621,3.6,5.3,250,0.83,36.6,52.8,2.3409999999999997,0,1,0,0,0,0,1,0,0,0,1
9.9,1991,110,12.4,0.597,9999.0,6.7,219,1.13,27.8,33.7,3.5,0,1,0,0,0,0,1,0,0,0,1
9.5,2457,115,13.1,9999.0,9999.0,9999.0,197,0.938,31.6,37.5,3.237,0,0,1,0,0,0,1,0,0,0,1
14.4,1896,81,17.8,0.613,9999.0,9.2,190,0.992,24.0,46.2,2.56,1,0,0,0,0,0,0,1,0,0,1
11.2,1600,85,14.2,0.7440000000000001,9999.0,9999.0,188,0.932,24.1,33.1,3.2260000000000004,1,0,0,0,0,0,1,0,0,0,1
10.2,1998,98,13.5,9999.0,9999.0,9999.0,206,1.76,40.7,35.4,3.298,1,0,0,0,0,0,1,0,0,0,1
8.4,1969,114,11.2,9999.0,9999.0,9999.0,216,0.983,36.7,34.3,3.1719999999999997,1,0,0,0,0,0,1,0,0,0,1
13.6,1581,76,15.3,9999.0,9999.0,9999.0,187,0.795,42.8,40.9,2.6919999999999997,1,0,0,0,0,0,1,0,0,0,1
11.9,1762,81,15.6,0.7,9999.0,9999.0,194,1.35,33.6,34.1,3.3280000000000003,1,0,0,0,0,0,1,0,0,0,1
12.5,1299,63,15.6,9999.0,9999.0,9999.0,165,0.94,32.6,30.4,3.56,1,0,0,0,0,0,1,0,0,0,1
8.5,2979,170,11.7,9999.0,9999.0,9999.0,202,9999.0,9999.0,9999.0,4.1,0,0,1,0,0,0,1,0,1,0,0
5.7,3996,267,6.7,9999.0,9999.0,9999.0,250,0.8320000000000001,40.6,48.8,2.5,0,1,0,0,0,0,1,0,0,0,1
24.7,2370,55,32.4,1094.0,9999.0,14.9,136,1.82,12.9,34.0,3.486,1,0,0,0,0,0,0,1,0,1,0
8.5,2771,142,11.4,0.675,9999.0,5.9,235,1.27,27.5,38.1,3.2439999999999998,0,0,1,0,0,0,1,0,0,0,1
12.9,1397,60,17.0,0.713,5.2,8.1,170,0.91,29.8,37.3,2.826,1,0,0,0,0,0,1,0,0,0,1
17.0,796,38,20.4,9999.0,9999.0,9999.0,144,0.9329999999999999,26.4,26.1,3.7,1,0,0,0,0,0,1,0,0,0,1
11.4,1995,81,15.6,0.532,9999.0,9999.0,195,1.181,17.1,41.3,2.7310000000000003,1,0,0,0,0,0,0,1,0,0,1
14.5,1498,65,17.8,9999.0,9999.0,9999.0,164,0.779,39.6,38.3,2.847,1,0,0,0,0,0,1,0,0,0,1
12.5,2429,110,15.6,9999.0,9999.0,9999.0,180,0.7809999999999999,35.7,43.9,2.755,1,0,0,0,0,0,1,0,0,1,0
12.5,1598,74,16.3,0.557,9999.0,9999.0,193,1.46,26.4,30.7,3.667,1,0,0,0,0,0,1,0,0,0,1
12.4,1834,92,13.8,9999.0,9999.0,9999.0,200,0.9279999999999999,36.8,39.2,2.878,1,0,0,0,0,0,1,0,0,0,1
13.6,1396,66,15.0,9999.0,9999.0,9999.0,170,0.747,43.0,36.1,2.932,1,0,0,0,0,0,1,0,0,0,1
14.2,2996,130,17.3,1.65,9999.0,9999.0,164,1.92,11.5,34.1,4.31,0,0,1,0,0,0,0,1,1,0,0
9.1,1747,106,11.4,9999.0,9999.0,9999.0,207,1.32,26.1,30.8,3.531,1,0,0,0,0,0,1,0,0,0,1
9.4,2496,110,13.6,0.65,9999.0,6.3,216,1.15,12.8,53.2,2.182,0,0,1,0,0,0,0,1,0,0,1
21.7,2477,73,25.3,9999.0,9999.0,9999.0,136,1.29,12.4,33.9,3.9589999999999996,0,0,0,0,1,0,0,1,1,0,0
10.9,3947,140,15.0,9999.0,9999.0,9999.0,182,0.736,46.0,52.1,2.5839999999999996,0,0,1,0,0,0,1,0,1,0,0
13.7,2792,103,18.0,1094.0,9999.0,9.1,174,0.93,23.3,41.6,2.847,1,0,0,0,0,0,1,0,0,1,0
7.5,2157,136,9.4,9999.0,9999.0,9999.0,228,1.71,42.7,30.4,3.534,1,0,0,0,0,0,1,0,0,0,1
12.0,1998,113,12.6,9999.0,9999.0,9999.0,205,0.78,45.5,44.5,2.66,1,0,0,0,0,0,1,0,0,0,1
10.9,1895,87,15.7,0.639,9999.0,7.5,202,1.69,31.7,34.3,3.4,0,1,0,0,0,0,1,0,0,0,1
12.6,1749,85,14.6,0.782,9999.0,9999.0,187,0.965,32.4,35.2,3.221,1,0,0,0,0,0,1,0,0,0,1
11.7,4664,173,13.1,9999.0,9999.0,9999.0,175,9999.0,9999.0,9999.0,3.238,0,0,1,0,0,0,1,0,1,0,0
5.6,5665,253,5.9,9999.0,9999.0,9999.0,274,9999.0,9999.0,9999.0,2.1919999999999997,0,1,0,0,0,0,1,0,0,0,1
15.2,1124,44,20.7,0.65,9999.0,9999.0,158,0.8740000000000001,23.3,32.3,3.33,1,0,0,0,0,0,1,0,0,0,1
13.1,1998,89,17.0,0.9420000000000001,9999.0,9999.0,177,0.889,19.7,34.6,3.352,1,0,0,0,0,0,1,0,0,1,0
9.5,1998,84,12.4,0.627,9999.0,9999.0,200,1.49,35.8,35.3,3.1,1,0,0,0,0,0,1,0,0,0,1
11.5,3378,131,13.8,9999.0,9999.0,9999.0,175,0.8640000000000001,42.5,44.0,3.238,0,0,1,0,0,0,1,0,1,0,0
9.2,1997,98,12.4,9999.0,9999.0,9999.0,201,1.13,40.2,33.6,3.3569999999999998,1,0,0,0,0,0,1,0,0,0,1
12.0,3200,121,17.2,1088.0,9999.0,9999.0,170,9999.0,9999.0,9999.0,3.1,0,0,1,0,0,0,0,1,1,0,0
9.4,2799,150,11.0,0.632,4.2,6.5,223,0.9520000000000001,26.0,41.1,2.864,0,0,1,0,0,0,1,0,0,0,1
8.0,2494,125,11.0,0.594,9999.0,9999.0,233,1.124,31.2,37.7,3.1,0,1,0,0,0,0,1,0,0,0,1
17.3,1361,55,17.8,0.65,9999.0,9999.0,160,0.615,41.9,47.3,2.2569999999999997,1,0,0,0,0,0,1,0,0,0,1
13.5,1896,66,19.8,0.581,9999.0,9.2,184,1.52,16.2,43.7,2.656,1,0,0,0,0,0,0,1,0,0,1
8.4,2671,169,10.2,0.679,9999.0,5.7,240,0.87,17.7,51.3,2.294,0,0,1,0,0,0,1,0,0,0,1
10.7,2461,103,15.5,0.669,9999.0,9999.0,200,1.32,14.9,37.9,2.975,1,0,0,0,0,0,0,1,0,0,1
10.5,1973,108,12.8,9999.0,9999.0,9999.0,177,0.8490000000000001,34.5,33.1,3.74,0,0,0,0,0,1,1,0,1,0,0
14.6,1361,55,19.6,0.623,9999.0,9999.0,175,0.9640000000000001,25.3,33.0,3.3,1,0,0,0,0,0,1,0,0,0,1
4.9,3600,309,5.1,9999.0,9999.0,9999.0,298,9999.0,9999.0,9999.0,2.399,0,0,1,0,0,0,1,0,0,0,1
5.0,5935,309,6.1,9999.0,9999.0,9999.0,266,0.9109999999999999,54.1,48.6,2.417,0,1,0,0,0,0,1,0,0,0,1
8.9,2494,125,12.6,0.6729999999999999,9999.0,9999.0,224,1.14,30.7,36.9,3.2,0,1,0,0,0,0,1,0,0,0,1
10.7,1762,81,13.8,0.68,9999.0,9999.0,195,1.21,34.0,34.7,3.138,1,0,0,0,0,0,1,0,0,0,1
12.8,1595,74,15.3,0.639,9999.0,8.6,183,1.52,32.3,31.1,3.737,1,0,0,0,0,0,1,0,0,0,1
9.0,2494,125,11.3,0.597,9999.0,6.5,228,0.813,36.1,51.0,2.278,0,1,0,0,0,0,1,0,0,0,1
11.3,1595,74,16.2,0.609,9999.0,8.2,190,1.5,27.7,32.3,3.595,1,0,0,0,0,0,1,0,0,0,1
10.4,2496,110,15.2,0.657,9999.0,7.2,210,0.946,16.9,55.5,2.84,0,0,1,0,0,0,0,1,0,0,1
13.5,1597,70,18.7,0.6970000000000001,9999.0,9999.0,180,0.9470000000000001,29.3,36.2,3.114,1,0,0,0,0,0,1,0,0,0,1
15.0,1686,55,21.6,0.5770000000000001,9999.0,9999.0,175,0.812,15.8,49.0,2.379,1,0,0,0,0,0,0,1,0,0,1
15.8,1762,74,15.5,0.623,9999.0,9999.0,178,0.816,33.5,36.3,2.997,1,0,0,0,0,0,1,0,0,0,1
8.8,2793,142,10.8,0.6509999999999999,9999.0,9999.0,235,0.815,37.0,52.4,2.272,0,1,0,0,0,0,1,0,0,0,1
12.0,2254,110,13.5,9999.0,9999.0,9999.0,185,0.857,46.0,37.9,3.125,1,0,0,0,0,0,1,0,0,1,0
17.3,1597,71,19.8,9999.0,9999.0,9999.0,150,0.883,22.4,30.3,3.85,0,1,0,0,0,0,1,0,0,1,0
12.5,2494,106,13.4,9999.0,9999.0,9999.0,155,0.667,36.9,37.5,3.359,0,0,0,0,1,0,1,0,1,0,0
14.6,1762,66,18.9,0.63,9999.0,9999.0,181,0.917,22.1,39.5,2.9410000000000003,1,0,0,0,0,0,1,0,0,0,1
13.7,2792,103,17.6,1094.0,9999.0,9.1,174,0.93,23.3,41.6,2.847,1,0,0,0,0,0,1,0,0,1,0
9.5,1997,104,12.7,9999.0,9999.0,9999.0,217,1.69,24.6,33.8,3.388,1,0,0,0,0,0,1,0,0,0,1
12.9,1361,55,15.6,0.619,9999.0,9999.0,166,0.799,51.4,37.8,2.7239999999999998,1,0,0,0,0,0,1,0,0,0,1
9.5,2387,100,13.5,0.639,9999.0,9999.0,203,1.84,18.8,46.8,2.423,1,0,0,0,0,0,0,1,0,0,1
14.2,2996,130,16.5,1.65,9999.0,9999.0,164,1.92,11.5,34.1,4.31,0,0,1,0,0,0,0,1,1,0,0
10.7,1581,76,15.8,9999.0,9999.0,9999.0,187,0.8640000000000001,33.6,37.6,2.924,1,0,0,0,0,0,1,0,0,0,1
10.1,1998,108,14.6,0.888,9999.0,9999.0,195,1.5,20.6,36.6,3.2319999999999998,1,0,0,0,0,0,1,0,0,1,0
13.1,1998,89,17.0,0.915,9999.0,9999.0,177,0.889,19.7,34.6,3.352,1,0,0,0,0,0,1,0,0,1,0
7.0,3996,209,8.2,9999.0,9999.0,9999.0,248,0.82,45.9,50.7,2.448,0,1,0,0,0,0,1,0,0,0,1
13.6,1299,55,17.5,9999.0,9999.0,9999.0,164,0.79,24.0,34.6,3.62,1,0,0,0,0,0,1,0,0,0,1
12.1,1998,97,16.0,0.9420000000000001,9999.0,9999.0,186,0.925,34.4,36.6,3.237,1,0,0,0,0,0,1,0,0,1,0
9.5,1588,80,12.9,9999.0,9999.0,9999.0,188,0.9440000000000001,37.3,33.2,3.215,1,0,0,0,0,0,1,0,0,0,1
5.2,5474,325,5.2,9999.0,9999.0,9999.0,302,1.77,51.6,44.8,2.7,0,1,0,0,0,0,1,0,0,0,1
11.5,1581,76,14.3,9999.0,9999.0,9999.0,180,0.955,32.6,32.8,3.2560000000000002,1,0,0,0,0,0,1,0,0,0,1
7.8,3996,184,10.4,9999.0,9999.0,9999.0,250,1.38,23.7,60.2,2.53,0,1,0,0,0,0,0,1,0,0,1
10.7,1998,84,12.8,0.627,9999.0,9999.0,195,0.792,48.4,45.6,2.322,1,0,0,0,0,0,1,0,0,0,1
11.7,1597,73,17.7,0.588,9999.0,9999.0,176,0.815,32.7,36.0,3.153,1,0,0,0,0,0,1,0,0,0,1
13.7,1998,84,18.2,9999.0,9999.0,9999.0,177,0.9129999999999999,26.8,35.9,3.233,1,0,0,0,0,0,1,0,0,1,0
12.8,1896,81,18.3,0.635,9999.0,8.8,192,1.1,17.0,45.8,2.5269999999999997,1,0,0,0,0,0,0,1,0,0,1
13.0,1498,55,17.5,9999.0,9999.0,9999.0,160,0.975,19.7,32.8,3.157,1,0,0,0,0,0,1,0,0,0,1
10.5,1998,100,12.2,0.629,9999.0,9999.0,200,0.8640000000000001,38.3,41.3,2.8,1,0,0,0,0,0,1,0,0,0,1
13.3,1896,66,18.6,0.6509999999999999,9999.0,8.8,175,1.52,16.9,44.4,2.387,1,0,0,0,0,0,0,1,0,0,1
15.8,2497,100,21.0,9999.0,9999.0,9999.0,162,0.77,35.3,52.1,2.5839999999999996,0,0,1,0,0,0,0,1,1,0,0
16.5,1686,44,21.4,0.66,9999.0,9999.0,155,0.973,19.6,36.2,2.842,1,0,0,0,0,0,0,1,0,0,1
12.0,1762,81,14.8,0.6829999999999999,9999.0,9999.0,193,0.98,35.4,38.6,2.821,1,0,0,0,0,0,1,0,0,0,1
17.4,999,37,23.6,0.64,9999.0,10.9,151,1.9,21.4,27.7,3.6,1,0,0,0,0,0,1,0,0,0,1
8.6,2497,123,11.5,0.61,9999.0,9999.0,220,0.993,38.8,36.9,3.26,1,0,0,0,0,0,1,0,0,0,1
8.2,2671,169,9.9,0.613,9999.0,5.6,242,0.8140000000000001,17.7,51.3,2.294,0,0,1,0,0,0,1,0,0,0,1
12.8,1392,55,19.3,9999.0,9999.0,9999.0,169,0.79,31.4,35.7,3.54,1,0,0,0,0,0,1,0,0,0,1
8.3,2771,142,11.0,0.679,9999.0,5.8,228,3.324,6.1,11.4,1.125,1,0,0,0,0,0,1,0,0,0,1
10.0,2387,100,13.6,9999.0,9999.0,9999.0,197,1.36,17.7,47.5,2.371,1,0,0,0,0,0,0,1,0,0,1
10.9,2972,130,13.3,9999.0,9999.0,9999.0,175,0.9940000000000001,33.5,35.2,4.46,0,0,1,0,0,0,1,0,1,0,0
16.0,993,39,20.1,9999.0,9999.0,9999.0,145,0.7879999999999999,23.6,32.3,3.18,1,0,0,0,0,0,1,0,0,0,1
12.1,1597,73,16.1,9999.0,9999.0,9999.0,190,0.9790000000000001,31.9,33.7,3.228,1,0,0,0,0,0,1,0,0,0,1
12.9,1598,55,19.2,0.637,9999.0,9999.0,175,1.72,23.7,32.6,3.233,1,0,0,0,0,0,1,0,0,0,1
8.7,1998,108,11.0,0.563,9999.0,9999.0,215,1.85,36.3,33.0,3.333,1,0,0,0,0,0,1,0,0,0,1
9.6,2793,142,12.4,0.6629999999999999,9999.0,9999.0,226,0.782,37.1,52.5,2.4,0,1,0,0,0,0,1,0,0,0,1
10.8,1975,102,12.2,0.7440000000000001,9999.0,9999.0,188,0.7290000000000001,56.6,43.0,2.57,1,0,0,0,0,0,1,0,0,0,1
10.8,2387,100,15.8,9999.0,9999.0,9999.0,200,1.89,17.1,45.9,2.497,1,0,0,0,0,0,0,1,0,0,1
12.5,2497,96,17.7,0.685,9999.0,9999.0,195,0.9129999999999999,26.4,47.4,2.494,0,1,0,0,0,0,0,1,0,0,1
14.0,1389,66,15.7,0.552,9999.0,9999.0,182,0.867,36.9,35.0,3.49,1,0,0,0,0,0,1,0,0,0,1
10.5,1998,103,13.0,0.588,9999.0,9999.0,205,0.983,39.1,35.9,3.157,1,0,0,0,0,0,1,0,0,0,1
12.5,1598,74,16.5,0.557,9999.0,9999.0,193,1.46,26.4,30.7,3.667,1,0,0,0,0,0,1,0,0,0,1
14.4,1149,43,19.1,0.6829999999999999,9999.0,9999.0,151,0.89,20.0,35.5,2.822,1,0,0,0,0,0,1,0,0,0,1
14.3,1390,55,18.0,0.914,9999.0,9999.0,155,0.96,29.1,31.1,3.4560000000000004,1,0,0,0,0,0,1,0,0,0,1
11.4,2598,110,13.0,0.7020000000000001,9999.0,8.2,207,1.46,34.4,36.0,3.185,1,0,0,0,0,0,1,0,0,0,1
12.8,1997,102,13.2,9999.0,9999.0,9999.0,175,0.893,32.0,33.8,3.415,1,0,0,0,0,0,1,0,0,1,0
12.8,1997,102,13.2,9999.0,9999.0,9999.0,175,0.897,31.0,33.6,3.352,1,0,0,0,0,0,1,0,0,1,0
9.7,3165,151,11.8,9999.0,9999.0,9999.0,192,0.93,25.4,39.4,3.483,0,0,0,0,1,0,1,0,1,0,0
13.5,1389,66,14.9,0.66,9999.0,9999.0,172,0.7709999999999999,39.2,37.2,2.7680000000000002,1,0,0,0,0,0,1,0,0,0,1
14.3,2972,104,19.7,9999.0,9999.0,9999.0,157,0.919,22.1,34.2,3.9589999999999996,0,0,0,0,1,0,1,0,1,0,0
7.7,2671,169,9.5,0.635,9999.0,5.9,245,0.835,14.7,50.6,2.325,1,0,0,0,0,0,1,0,0,0,1
7.8,2495,151,9.2,0.6970000000000001,9999.0,9999.0,227,0.893,48.3,39.1,2.9,1,0,0,0,0,0,1,0,0,0,1
16.4,1896,81,20.4,0.831,9999.0,10.8,172,1.19,14.5,40.7,2.8539999999999996,1,0,0,0,0,0,0,1,0,1,0
11.4,1998,97,14.1,0.7040000000000001,9999.0,9999.0,198,1.56,33.2,34.1,3.3280000000000003,1,0,0,0,0,0,1,0,0,0,1
14.3,1390,55,20.6,9999.0,9999.0,9999.0,170,1.56,28.7,32.2,3.6180000000000003,1,0,0,0,0,0,1,0,0,0,1
10.0,1781,110,12.0,0.6559999999999999,9999.0,9999.0,213,1.97,16.3,34.1,3.364,1,0,0,0,0,0,1,0,0,0,1
10.9,1991,110,12.7,0.597,9999.0,8.9,216,0.87,32.1,45.4,2.6,0,1,0,0,0,0,1,0,0,0,1
11.3,1896,81,16.4,0.6779999999999999,9999.0,7.9,193,1.32,17.2,45.1,2.576,1,0,0,0,0,0,0,1,0,0,1
10.6,2392,104,13.5,9999.0,9999.0,9999.0,200,0.6859999999999999,48.5,50.2,2.326,1,0,0,0,0,0,1,0,0,0,1
6.2,1997,177,7.1,0.6920000000000001,9999.0,9999.0,240,0.83,67.6,34.8,3.321,0,1,0,0,0,0,1,0,0,0,1
14.4,1870,72,18.4,9999.0,9999.0,9999.0,173,9999.0,9999.0,9999.0,9999.0,1,0,0,0,0,0,0,1,0,0,1
5.5,5474,325,5.4,9999.0,9999.0,9999.0,298,0.9490000000000001,52.0,50.2,2.4,0,1,0,0,0,0,1,0,0,0,1
11.8,1840,74,16.1,0.6579999999999999,9999.0,9999.0,182,0.797,34.2,41.5,2.7319999999999998,1,0,0,0,0,0,1,0,0,0,1
7.3,2671,169,10.0,0.679,9999.0,5.3,243,1.2,13.9,41.8,2.812,0,0,1,0,0,0,1,0,0,0,1
10.5,2497,110,13.2,0.68,4.6,7.3,200,1.84,15.6,41.9,2.7680000000000002,0,1,0,0,0,0,0,1,0,0,1
8.6,1747,96,10.8,9999.0,9999.0,9999.0,205,1.36,30.1,31.4,3.372,1,0,0,0,0,0,1,0,0,0,1
9.1,2685,125,12.4,9999.0,9999.0,9999.0,225,1.19,21.9,52.5,2.22,0,1,0,0,0,0,0,1,0,0,1
8.9,1998,113,11.2,9999.0,9999.0,9999.0,212,0.9640000000000001,34.0,32.8,3.2739999999999996,1,0,0,0,0,0,1,0,0,0,1
11.4,1984,85,15.2,0.6779999999999999,9999.0,7.6,195,1.7,18.7,35.0,3.313,1,0,0,0,0,0,1,0,0,0,1
14.7,1762,66,19.7,0.7040000000000001,9999.0,9999.0,177,0.924,21.6,38.3,2.963,1,0,0,0,0,0,1,0,0,0,1
11.9,1910,77,17.5,9999.0,9999.0,9999.0,185,1.19,18.2,45.4,2.5580000000000003,1,0,0,0,0,0,0,1,0,0,1
11.0,1985,147,9.0,9999.0,9999.0,9999.0,235,1.13,18.9,42.2,2.673,1,0,0,0,0,0,1,0,0,0,1
15.0,1296,44,18.9,9999.0,9999.0,9999.0,155,0.82,19.6,31.5,3.266,1,0,0,0,0,0,1,0,0,0,1
6.7,4398,210,8.4,0.716,9999.0,9999.0,250,0.871,42.9,53.2,2.248,0,1,0,0,0,0,1,0,0,0,1
12.0,1361,55,18.5,0.634,9999.0,9999.0,175,0.98,24.8,32.4,3.287,1,0,0,0,0,0,1,0,0,0,1
15.8,1905,66,20.2,0.6859999999999999,9999.0,9999.0,175,0.997,25.9,43.9,2.613,1,0,0,0,0,0,0,1,0,0,1
14.5,1191,45,18.4,0.563,9999.0,10.5,165,0.8640000000000001,16.0,47.7,2.1,1,0,0,0,0,0,0,1,0,0,1
9.9,1951,100,13.8,0.597,9999.0,6.7,207,1.11,16.2,47.0,2.5,0,1,0,0,0,0,0,1,0,0,1
8.5,2962,155,10.8,0.685,9999.0,9999.0,243,1.29,28.5,39.4,2.997,0,1,0,0,0,0,1,0,0,0,1
12.4,1896,66,18.0,0.639,9999.0,8.4,181,1.65,17.2,45.3,2.562,1,0,0,0,0,0,0,1,0,0,1
12.1,1597,73,15.8,9999.0,9999.0,9999.0,190,0.9790000000000001,31.9,33.7,3.228,1,0,0,0,0,0,1,0,0,0,1
10.8,2398,125,12.2,0.608,4.9,7.5,222,0.968,24.6,38.9,3.46,0,1,0,0,0,0,1,0,0,0,1
16.4,998,40,20.9,0.6509999999999999,9999.0,9999.0,150,0.843,29.3,29.7,3.4,1,0,0,0,0,0,1,0,0,0,1
16.5,1896,47,21.7,0.679,9999.0,9999.0,156,0.946,20.8,38.3,2.6839999999999997,1,0,0,0,0,0,0,1,0,0,1
10.2,1991,110,13.4,0.608,9999.0,9999.0,220,1.9,28.3,34.2,3.5,0,1,0,0,0,0,1,0,0,0,1
12.9,2088,80,18.3,0.636,9999.0,9999.0,192,1.18,17.3,43.9,2.647,1,0,0,0,0,0,0,1,0,0,1
8.1,2793,142,10.1,0.597,9999.0,5.9,235,0.841,36.0,50.8,2.278,0,1,0,0,0,0,1,0,0,0,1
10.0,1985,113,11.6,9999.0,9999.0,9999.0,210,0.95,29.6,42.2,2.673,1,0,0,0,0,0,1,0,0,0,1
11.1,1896,85,17.2,0.6729999999999999,9999.0,9999.0,192,0.965,16.2,49.8,2.333,0,0,1,0,0,0,0,1,0,0,1
8.6,1969,114,11.1,0.639,9999.0,9999.0,216,0.993,31.8,34.0,3.3710000000000004,1,0,0,0,0,0,1,0,0,0,1
9.0,1834,99,10.9,9999.0,9999.0,9999.0,203,0.825,48.1,37.9,2.7969999999999997,1,0,0,0,0,0,1,0,0,0,1
11.1,1998,97,13.1,0.695,9999.0,9999.0,196,1.66,34.9,33.4,3.3,1,0,0,0,0,0,1,0,0,0,1
10.0,1997,108,12.1,9999.0,9999.0,9999.0,208,1.34,41.4,33.5,3.464,1,0,0,0,0,0,1,0,0,0,1
6.5,3179,185,7.2,0.618,9999.0,9999.0,255,0.9670000000000001,38.4,42.2,2.8,0,1,0,0,0,0,1,0,0,0,1
9.2,1795,88,12.0,0.648,9999.0,9999.0,193,0.728,34.9,48.2,3.12,0,1,0,0,0,0,1,0,0,0,1
9.9,1998,113,12.3,9999.0,9999.0,9999.0,210,0.983,30.7,32.9,3.531,1,0,0,0,0,0,1,0,0,0,1
6.3,6750,286,8.6,9999.0,9999.0,9999.0,245,0.9470000000000001,39.1,64.6,2.18,0,1,0,0,0,0,1,0,0,0,1
8.9,2324,110,12.1,0.581,9999.0,6.4,223,1.46,27.3,35.5,3.267,1,0,0,0,0,0,1,0,0,0,1
11.4,1796,85,15.4,0.6970000000000001,9999.0,9999.0,190,0.8590000000000001,32.4,38.5,2.9,1,0,0,0,0,0,1,0,0,0,1
6.4,6750,300,8.7,9999.0,9999.0,9999.0,245,0.9470000000000001,42.0,64.6,2.18,0,1,0,0,0,0,1,0,0,0,1
6.9,4266,205,8.3,0.7070000000000001,3.3,4.9,243,0.8390000000000001,35.0,50.3,2.343,0,1,0,0,0,0,1,0,0,0,1
10.7,1581,76,15.0,9999.0,9999.0,9999.0,187,0.8640000000000001,33.6,37.6,2.924,1,0,0,0,0,0,1,0,0,0,1
12.5,1997,80,18.0,0.6859999999999999,9999.0,9999.0,191,1.33,15.2,46.2,2.478,1,0,0,0,0,0,0,1,0,0,1
10.3,1781,110,12.5,0.581,9999.0,7.1,217,0.81,16.8,47.5,2.443,1,0,0,0,0,0,1,0,0,0,1
6.3,4398,210,8.3,0.716,9999.0,9999.0,250,0.94,36.2,51.2,2.332,0,1,0,0,0,0,1,0,0,0,1
12.0,1998,103,13.3,0.588,9999.0,9999.0,195,0.536,55.6,62.8,1.796,1,0,0,0,0,0,1,0,0,0,1
10.9,3378,131,13.7,9999.0,9999.0,9999.0,180,0.99,31.2,39.5,3.63,0,0,1,0,0,0,1,0,1,0,0
7.9,2435,147,10.4,0.669,9999.0,9999.0,225,0.97,15.4,41.3,2.8,1,0,0,0,0,0,1,0,0,0,1
13.7,1598,66,16.7,0.617,9999.0,9999.0,170,0.7390000000000001,45.9,46.0,2.319,1,0,0,0,0,0,1,0,0,0,1
16.2,2953,116,18.8,9999.0,9999.0,9999.0,160,0.943,23.4,47.1,3.22,0,0,0,0,1,0,0,1,1,0,0
8.9,1997,99,10.6,0.653,9999.0,9999.0,210,0.765,33.5,45.8,2.339,1,0,0,0,0,0,1,0,0,0,1
19.7,998,40,21.5,0.6509999999999999,9999.0,9999.0,150,0.7609999999999999,26.1,32.9,3.52,1,0,0,0,0,0,1,0,0,0,1
9.8,1589,73,13.4,9999.0,9999.0,9999.0,180,0.96,28.9,33.1,3.2,1,0,0,0,0,0,1,0,0,0,1
8.5,2962,155,11.1,0.726,9999.0,9999.0,235,0.995,28.5,39.4,2.997,0,1,0,0,0,0,1,0,0,0,1
11.4,2435,103,14.6,9999.0,9999.0,9999.0,200,0.75,37.5,46.8,2.5,1,0,0,0,0,0,1,0,0,0,1
9.5,1997,110,11.5,9999.0,9999.0,9999.0,203,0.772,31.9,40.5,2.665,1,0,0,0,0,0,1,0,0,0,1
13.8,2497,121,14.6,9999.0,9999.0,9999.0,185,0.7609999999999999,30.7,37.4,3.235,1,0,0,0,0,0,1,0,0,1,0
8.0,2771,142,11.0,0.613,9999.0,5.7,234,1.34,27.2,37.7,3.68,0,0,1,0,0,0,1,0,0,0,1
13.9,2172,85,20.2,9999.0,9999.0,9999.0,155,1.123,14.8,36.3,3.694,0,0,0,0,1,0,0,1,1,0,0
15.3,1124,44,18.3,0.601,9999.0,9999.0,162,0.857,26.0,30.5,3.287,1,0,0,0,0,0,1,0,0,0,1
10.5,1998,100,12.2,0.589,9999.0,9999.0,200,0.8640000000000001,38.3,41.3,2.8,1,0,0,0,0,0,1,0,0,0,1
12.0,1781,110,15.1,0.831,9999.0,8.1,194,1.49,14.0,33.6,3.49,1,0,0,0,0,0,1,0,0,1,0
8.4,2946,140,10.1,0.6829999999999999,9999.0,9999.0,227,1.87,32.7,38.0,3.17,1,0,0,0,0,0,1,0,0,0,1
9.8,2398,125,12.1,0.608,4.2,6.5,224,0.879,24.4,43.2,2.7,0,1,0,0,0,0,1,0,0,0,1
9.2,1975,102,11.5,0.677,9999.0,9999.0,200,0.998,41.4,33.4,3.216,1,0,0,0,0,0,1,0,0,0,1
13.6,2972,104,17.6,9999.0,9999.0,9999.0,157,0.7829999999999999,31.1,40.1,3.3760000000000003,0,0,0,0,1,0,1,0,1,0,0
14.7,1998,94,15.3,9999.0,9999.0,9999.0,172,1.18,32.4,31.9,3.842,0,0,0,0,1,0,1,0,1,0,0
12.9,1896,66,19.3,0.633,9999.0,8.8,180,1.147,16.0,41.9,2.7739999999999996,1,0,0,0,0,0,0,1,0,0,1
19.2,1905,50,22.8,0.66,9999.0,9999.0,160,0.938,16.0,37.1,2.937,1,0,0,0,0,0,0,1,0,0,1
13.9,1781,92,15.1,0.7020000000000001,9999.0,9.3,192,0.9990000000000001,32.8,33.1,3.53,1,0,0,0,0,0,1,0,0,0,1
15.2,1124,44,20.7,0.65,9999.0,9999.0,158,0.8740000000000001,23.3,32.3,3.33,1,0,0,0,0,0,1,0,0,0,1
13.8,3497,149,13.8,1088.0,9999.0,9999.0,185,0.816,35.0,45.3,3.1430000000000002,0,0,1,0,0,0,1,0,1,0,0
17.7,2461,85,20.9,1094.0,9999.0,12.1,164,1.8,15.1,33.7,3.59,1,0,0,0,0,0,1,0,0,1,0
18.0,1905,50,22.0,0.672,9999.0,9999.0,160,0.938,16.0,37.1,2.937,1,0,0,0,0,0,0,1,0,0,1
9.9,1994,74,15.3,9999.0,9999.0,9999.0,185,1.55,16.7,41.7,2.556,1,0,0,0,0,0,0,1,0,0,1
4.9,2174,224,6.0,9999.0,9999.0,9999.0,260,1.77,37.7,37.7,3.1889999999999996,0,1,0,0,0,0,1,0,0,0,1
11.2,1396,76,14.5,9999.0,9999.0,9999.0,185,0.9420000000000001,36.8,32.7,3.363,1,0,0,0,0,0,1,0,0,0,1
14.8,1997,102,13.4,9999.0,9999.0,9999.0,170,0.775,36.4,37.8,3.0,1,0,0,0,0,0,1,0,0,1,0
8.5,2492,140,10.0,0.639,9999.0,9999.0,227,0.938,52.3,38.4,3.42,1,0,0,0,0,0,1,0,0,0,1
11.4,2688,120,17.0,1061.0,4.7,7.7,183,0.9209999999999999,19.7,47.3,2.875,0,0,1,0,0,0,0,1,1,0,0
10.4,1834,92,13.0,9999.0,9999.0,9999.0,200,1.42,30.9,34.9,3.228,1,0,0,0,0,0,1,0,0,0,1
9.8,2959,150,10.3,9999.0,9999.0,9999.0,220,0.757,59.7,46.1,2.484,1,0,0,0,0,0,1,0,0,0,1
12.5,2461,111,16.5,1094.0,9999.0,8.4,181,1.14,15.0,44.6,2.721,1,0,0,0,0,0,0,1,0,1,0
10.0,1747,83,15.1,9999.0,9999.0,9999.0,199,1.61,34.4,32.3,3.4,1,0,0,0,0,0,1,0,0,0,1
12.5,1595,74,16.6,0.581,9999.0,8.1,192,1.122,27.7,32.3,3.595,1,0,0,0,0,0,1,0,0,0,1
11.3,1896,81,16.2,0.581,9999.0,9999.0,196,0.9570000000000001,18.3,49.4,2.352,1,0,0,0,0,0,0,1,0,0,1
11.9,1896,85,15.6,0.65,9999.0,9999.0,196,0.968,19.5,50.6,2.294,1,0,0,0,0,0,0,1,0,0,1
12.6,1242,59,16.5,9999.0,9999.0,9999.0,165,0.62,38.0,54.8,1.9609999999999999,1,0,0,0,0,0,1,0,0,0,1
11.8,2188,83,17.2,0.621,9999.0,9999.0,195,0.992,18.5,45.7,2.5,1,0,0,0,0,0,0,1,0,0,1
11.1,1762,81,14.2,0.643,9999.0,9999.0,196,1.26,34.0,34.7,3.138,1,0,0,0,0,0,1,0,0,0,1
12.5,1998,98,13.6,9999.0,9999.0,9999.0,192,0.895,56.0,39.7,2.9410000000000003,1,0,0,0,0,0,1,0,0,0,1
15.2,1124,44,20.7,0.65,9999.0,9999.0,158,0.8740000000000001,23.3,32.3,3.33,1,0,0,0,0,0,1,0,0,0,1
10.9,1597,70,15.0,9999.0,9999.0,9999.0,180,0.92,34.9,35.6,2.9789999999999996,1,0,0,0,0,0,1,0,0,0,1
11.6,1985,110,14.0,9999.0,9999.0,9999.0,210,0.855,21.9,44.6,2.6519999999999997,1,0,0,0,0,0,1,0,0,0,1
13.6,1299,55,17.5,9999.0,9999.0,9999.0,164,0.79,24.0,34.6,3.62,1,0,0,0,0,0,1,0,0,0,1
12.0,1796,85,15.5,0.78,9999.0,9999.0,184,1.94,25.3,31.1,3.7289999999999996,1,0,0,0,0,0,1,0,0,1,0
13.5,1896,66,19.2,0.629,9999.0,8.8,182,1.41,16.2,43.7,2.656,1,0,0,0,0,0,0,1,0,0,1
13.5,1595,74,16.4,0.633,9999.0,9.1,185,0.7809999999999999,43.8,42.3,2.745,1,0,0,0,0,0,1,0,0,0,1
11.4,1991,110,13.3,0.659,9999.0,8.2,211,0.937,27.0,38.2,3.42,0,1,0,0,0,0,1,0,0,0,1
5.4,4172,265,6.5,0.653,9999.0,4.0,250,0.8640000000000001,29.3,41.3,3.1,0,0,1,0,0,0,1,0,0,0,1
10.0,2946,140,10.3,0.7040000000000001,9999.0,9999.0,222,0.948,45.2,42.6,2.6910000000000003,1,0,0,0,0,0,1,0,0,0,1
10.9,1597,70,15.0,9999.0,9999.0,9999.0,180,0.92,34.9,35.6,2.9789999999999996,1,0,0,0,0,0,1,0,0,0,1
10.8,1948,103,12.8,9999.0,9999.0,9999.0,200,0.9670000000000001,42.3,34.5,3.162,1,0,0,0,0,0,1,0,0,0,1
12.4,1991,100,12.2,0.6579999999999999,9999.0,9999.0,195,0.7979999999999999,47.4,42.1,2.676,1,0,0,0,0,0,1,0,0,0,1
11.3,3199,165,13.8,1.53,9999.0,9999.0,173,0.95,21.6,34.1,4.31,0,0,1,0,0,0,1,0,1,0,0
8.3,2435,147,9999.0,0.669,9999.0,9999.0,220,0.787,17.9,46.6,2.484,1,0,0,0,0,0,1,0,0,0,1
11.0,1799,85,15.0,0.557,9999.0,9999.0,203,1.11,27.5,33.9,3.3289999999999997,1,0,0,0,0,0,1,0,0,0,1
6.2,3387,221,6.8,0.5820000000000001,9999.0,9999.0,275,0.9440000000000001,39.8,42.8,2.7,0,0,1,0,0,0,1,0,0,0,1
10.9,1781,92,14.0,0.581,9999.0,7.3,206,1.54,26.2,33.7,3.445,1,0,0,0,0,0,1,0,0,0,1
19.1,2461,85,21.3,1094.0,9999.0,12.7,160,0.945,22.6,37.6,3.1460000000000004,1,0,0,0,0,0,1,0,0,1,0
14.1,1587,65,17.2,0.6629999999999999,9999.0,9999.0,178,1.16,21.1,31.3,3.4810000000000003,1,0,0,0,0,0,1,0,0,0,1
13.1,1998,100,15.7,0.71,5.5,8.7,195,0.86,34.8,41.2,2.872,0,1,0,0,0,0,1,0,0,0,1
14.3,1242,44,19.9,9999.0,9999.0,9999.0,155,0.92,19.7,34.3,3.84,1,0,0,0,0,0,1,0,0,0,1
10.5,1910,77,16.5,0.639,9999.0,9999.0,188,1.6,17.8,44.3,2.5580000000000003,1,0,0,0,0,0,0,1,0,0,1
8.8,1898,92,11.7,0.736,4.2,5.8,198,1.1,36.2,35.6,3.88,1,0,0,0,0,0,1,0,0,0,1
5.9,2790,206,7.6,9999.0,9999.0,9999.0,255,1.52,41.6,40.4,2.847,0,1,0,0,0,0,1,0,0,0,1
10.0,1598,81,13.6,9999.0,9999.0,9999.0,195,1.8,31.6,32.3,3.37,1,0,0,0,0,0,1,0,0,0,1
11.7,1781,92,15.4,0.679,9999.0,8.0,200,1.26,26.1,33.6,3.445,1,0,0,0,0,0,1,0,0,0,1
13.7,2389,85,19.2,9999.0,9999.0,9999.0,160,0.9420000000000001,25.9,35.4,3.81,0,0,0,0,1,0,1,0,1,0,0
13.6,4164,150,16.1,9999.0,9999.0,9999.0,170,9999.0,9999.0,9999.0,3.444,0,0,1,0,0,0,0,1,1,0,0
13.7,1896,66,18.2,0.639,9999.0,8.6,177,1.92,22.5,43.2,2.685,1,0,0,0,0,0,0,1,0,0,1
12.8,1905,66,17.5,0.657,9999.0,9999.0,178,1.9,17.5,40.8,2.6689999999999996,1,0,0,0,0,0,0,1,0,0,1
9.6,2435,125,11.5,0.624,9999.0,9999.0,210,0.7390000000000001,47.7,46.6,2.484,1,0,0,0,0,0,1,0,0,0,1
12.8,1731,85,15.5,9999.0,9999.0,9999.0,190,1.3,38.5,34.5,3.162,1,0,0,0,0,0,1,0,0,0,1
13.7,1396,66,15.4,9999.0,9999.0,9999.0,172,0.7559999999999999,43.0,36.1,2.932,1,0,0,0,0,0,1,0,0,0,1
15.2,1124,44,20.7,0.65,9999.0,9999.0,158,0.8740000000000001,23.3,32.3,3.33,1,0,0,0,0,0,1,0,0,0,1
15.0,2953,116,19.0,9999.0,9999.0,9999.0,160,1.161,15.3,38.3,3.7230000000000003,0,0,0,0,1,0,0,1,1,0,0
10.6,1994,74,16.6,9999.0,9999.0,9999.0,185,1.23,17.2,43.1,2.556,1,0,0,0,0,0,0,1,0,0,1
