"ScaledSoundPressure","Frequency","AngleOfAttack","ChordLength","FreeStreamVelocity","Suction"
126.201,800,0,0.3048,71.3,0.00266337
125.201,1000,0,0.3048,71.3,0.00266337
125.951,1250,0,0.3048,71.3,0.00266337
127.591,1600,0,0.3048,71.3,0.00266337
127.461,2000,0,0.3048,71.3,0.00266337
125.571,2500,0,0.3048,71.3,0.00266337
125.201,3150,0,0.3048,71.3,0.00266337
123.061,4000,0,0.3048,71.3,0.00266337
121.301,5000,0,0.3048,71.3,0.00266337
119.541,6300,0,0.3048,71.3,0.00266337
117.151,8000,0,0.3048,71.3,0.00266337
115.391,10000,0,0.3048,71.3,0.00266337
112.241,12500,0,0.3048,71.3,0.00266337
108.721,16000,0,0.3048,71.3,0.00266337
126.416,500,0,0.3048,55.5,0.00283081
127.696,630,0,0.3048,55.5,0.00283081
128.086,800,0,0.3048,55.5,0.00283081
126.966,1000,0,0.3048,55.5,0.00283081
126.086,1250,0,0.3048,55.5,0.00283081
126.986,1600,0,0.3048,55.5,0.00283081
126.616,2000,0,0.3048,55.5,0.00283081
124.106,2500,0,0.3048,55.5,0.00283081
123.236,3150,0,0.3048,55.5,0.00283081
121.106,4000,0,0.3048,55.5,0.00283081
119.606,5000,0,0.3048,55.5,0.00283081
117.976,6300,0,0.3048,55.5,0.00283081
116.476,8000,0,0.3048,55.5,0.00283081
113.076,10000,0,0.3048,55.5,0.00283081
111.076,12500,0,0.3048,55.5,0.00283081
118.129,200,0,0.3048,39.6,0.00310138
119.319,250,0,0.3048,39.6,0.00310138
122.779,315,0,0.3048,39.6,0.00310138
124.809,400,0,0.3048,39.6,0.00310138
126.959,500,0,0.3048,39.6,0.00310138
128.629,630,0,0.3048,39.6,0.00310138
129.099,800,0,0.3048,39.6,0.00310138
127.899,1000,0,0.3048,39.6,0.00310138
125.499,1250,0,0.3048,39.6,0.00310138
124.049,1600,0,0.3048,39.6,0.00310138
123.689,2000,0,0.3048,39.6,0.00310138
121.399,2500,0,0.3048,39.6,0.00310138
120.319,3150,0,0.3048,39.6,0.00310138
119.229,4000,0,0.3048,39.6,0.00310138
117.789,5000,0,0.3048,39.6,0.00310138
116.229,6300,0,0.3048,39.6,0.00310138
114.779,8000,0,0.3048,39.6,0.00310138
112.139,10000,0,0.3048,39.6,0.00310138
109.619,12500,0,0.3048,39.6,0.00310138
117.195,200,0,0.3048,31.7,0.00331266
118.595,250,0,0.3048,31.7,0.00331266
122.765,315,0,0.3048,31.7,0.00331266
125.045,400,0,0.3048,31.7,0.00331266
127.315,500,0,0.3048,31.7,0.00331266
129.095,630,0,0.3048,31.7,0.00331266
129.235,800,0,0.3048,31.7,0.00331266
127.365,1000,0,0.3048,31.7,0.00331266
124.355,1250,0,0.3048,31.7,0.00331266
122.365,1600,0,0.3048,31.7,0.00331266
122.375,2000,0,0.3048,31.7,0.00331266
120.755,2500,0,0.3048,31.7,0.00331266
119.135,3150,0,0.3048,31.7,0.00331266
118.145,4000,0,0.3048,31.7,0.00331266
115.645,5000,0,0.3048,31.7,0.00331266
113.775,6300,0,0.3048,31.7,0.00331266
110.515,8000,0,0.3048,31.7,0.00331266
108.265,10000,0,0.3048,31.7,0.00331266
127.122,800,1.5,0.3048,71.3,0.00336729
125.992,1000,1.5,0.3048,71.3,0.00336729
125.872,1250,1.5,0.3048,71.3,0.00336729
126.632,1600,1.5,0.3048,71.3,0.00336729
126.642,2000,1.5,0.3048,71.3,0.00336729
124.512,2500,1.5,0.3048,71.3,0.00336729
123.392,3150,1.5,0.3048,71.3,0.00336729
121.762,4000,1.5,0.3048,71.3,0.00336729
119.632,5000,1.5,0.3048,71.3,0.00336729
118.122,6300,1.5,0.3048,71.3,0.00336729
115.372,8000,1.5,0.3048,71.3,0.00336729
113.492,10000,1.5,0.3048,71.3,0.00336729
109.222,12500,1.5,0.3048,71.3,0.00336729
106.582,16000,1.5,0.3048,71.3,0.00336729
121.851,315,1.5,0.3048,39.6,0.00392107
124.001,400,1.5,0.3048,39.6,0.00392107
126.661,500,1.5,0.3048,39.6,0.00392107
128.311,630,1.5,0.3048,39.6,0.00392107
128.831,800,1.5,0.3048,39.6,0.00392107
127.581,1000,1.5,0.3048,39.6,0.00392107
125.211,1250,1.5,0.3048,39.6,0.00392107
122.211,1600,1.5,0.3048,39.6,0.00392107
122.101,2000,1.5,0.3048,39.6,0.00392107
120.981,2500,1.5,0.3048,39.6,0.00392107
119.111,3150,1.5,0.3048,39.6,0.00392107
117.741,4000,1.5,0.3048,39.6,0.00392107
116.241,5000,1.5,0.3048,39.6,0.00392107
114.751,6300,1.5,0.3048,39.6,0.00392107
112.251,8000,1.5,0.3048,39.6,0.00392107
108.991,10000,1.5,0.3048,39.6,0.00392107
106.111,12500,1.5,0.3048,39.6,0.00392107
127.564,400,3,0.3048,71.3,0.00425727
128.454,500,3,0.3048,71.3,0.00425727
129.354,630,3,0.3048,71.3,0.00425727
129.494,800,3,0.3048,71.3,0.00425727
129.004,1000,3,0.3048,71.3,0.00425727
127.634,1250,3,0.3048,71.3,0.00425727
126.514,1600,3,0.3048,71.3,0.00425727
125.524,2000,3,0.3048,71.3,0.00425727
124.024,2500,3,0.3048,71.3,0.00425727
121.514,3150,3,0.3048,71.3,0.00425727
120.264,4000,3,0.3048,71.3,0.00425727
118.134,5000,3,0.3048,71.3,0.00425727
116.134,6300,3,0.3048,71.3,0.00425727
114.634,8000,3,0.3048,71.3,0.00425727
110.224,10000,3,0.3048,71.3,0.00425727
126.159,400,3,0.3048,55.5,0.00452492
128.179,500,3,0.3048,55.5,0.00452492
129.569,630,3,0.3048,55.5,0.00452492
129.949,800,3,0.3048,55.5,0.00452492
129.329,1000,3,0.3048,55.5,0.00452492
127.329,1250,3,0.3048,55.5,0.00452492
124.439,1600,3,0.3048,55.5,0.00452492
123.069,2000,3,0.3048,55.5,0.00452492
122.439,2500,3,0.3048,55.5,0.00452492
120.189,3150,3,0.3048,55.5,0.00452492
118.689,4000,3,0.3048,55.5,0.00452492
117.309,5000,3,0.3048,55.5,0.00452492
115.679,6300,3,0.3048,55.5,0.00452492
113.799,8000,3,0.3048,55.5,0.00452492
112.169,10000,3,0.3048,55.5,0.00452492
123.312,315,3,0.3048,39.6,0.00495741
125.472,400,3,0.3048,39.6,0.00495741
127.632,500,3,0.3048,39.6,0.00495741
129.292,630,3,0.3048,39.6,0.00495741
129.552,800,3,0.3048,39.6,0.00495741
128.312,1000,3,0.3048,39.6,0.00495741
125.802,1250,3,0.3048,39.6,0.00495741
122.782,1600,3,0.3048,39.6,0.00495741
120.532,2000,3,0.3048,39.6,0.00495741
120.162,2500,3,0.3048,39.6,0.00495741
118.922,3150,3,0.3048,39.6,0.00495741
116.792,4000,3,0.3048,39.6,0.00495741
115.792,5000,3,0.3048,39.6,0.00495741
114.042,6300,3,0.3048,39.6,0.00495741
110.652,8000,3,0.3048,39.6,0.00495741
123.118,315,3,0.3048,31.7,0.00529514
125.398,400,3,0.3048,31.7,0.00529514
127.548,500,3,0.3048,31.7,0.00529514
128.698,630,3,0.3048,31.7,0.00529514
128.708,800,3,0.3048,31.7,0.00529514
126.838,1000,3,0.3048,31.7,0.00529514
124.838,1250,3,0.3048,31.7,0.00529514
122.088,1600,3,0.3048,31.7,0.00529514
120.088,2000,3,0.3048,31.7,0.00529514
119.598,2500,3,0.3048,31.7,0.00529514
118.108,3150,3,0.3048,31.7,0.00529514
115.608,4000,3,0.3048,31.7,0.00529514
113.858,5000,3,0.3048,31.7,0.00529514
109.718,6300,3,0.3048,31.7,0.00529514
126.395,250,4,0.3048,71.3,0.00497773
128.175,315,4,0.3048,71.3,0.00497773
129.575,400,4,0.3048,71.3,0.00497773
130.715,500,4,0.3048,71.3,0.00497773
131.615,630,4,0.3048,71.3,0.00497773
131.755,800,4,0.3048,71.3,0.00497773
131.015,1000,4,0.3048,71.3,0.00497773
129.395,1250,4,0.3048,71.3,0.00497773
126.645,1600,4,0.3048,71.3,0.00497773
124.395,2000,4,0.3048,71.3,0.00497773
123.775,2500,4,0.3048,71.3,0.00497773
121.775,3150,4,0.3048,71.3,0.00497773
119.535,4000,4,0.3048,71.3,0.00497773
117.785,5000,4,0.3048,71.3,0.00497773
116.165,6300,4,0.3048,71.3,0.00497773
113.665,8000,4,0.3048,71.3,0.00497773
110.905,10000,4,0.3048,71.3,0.00497773
107.405,12500,4,0.3048,71.3,0.00497773
123.543,250,4,0.3048,39.6,0.00579636
126.843,315,4,0.3048,39.6,0.00579636
128.633,400,4,0.3048,39.6,0.00579636
130.173,500,4,0.3048,39.6,0.00579636
131.073,630,4,0.3048,39.6,0.00579636
130.723,800,4,0.3048,39.6,0.00579636
128.723,1000,4,0.3048,39.6,0.00579636
126.343,1250,4,0.3048,39.6,0.00579636
123.213,1600,4,0.3048,39.6,0.00579636
120.963,2000,4,0.3048,39.6,0.00579636
120.233,2500,4,0.3048,39.6,0.00579636
118.743,3150,4,0.3048,39.6,0.00579636
115.863,4000,4,0.3048,39.6,0.00579636
113.733,5000,4,0.3048,39.6,0.00579636
128.144,1250,0,0.2286,71.3,0.00214345
129.134,1600,0,0.2286,71.3,0.00214345
128.244,2000,0,0.2286,71.3,0.00214345
128.354,2500,0,0.2286,71.3,0.00214345
127.834,3150,0,0.2286,71.3,0.00214345
125.824,4000,0,0.2286,71.3,0.00214345
124.304,5000,0,0.2286,71.3,0.00214345
122.044,6300,0,0.2286,71.3,0.00214345
118.024,8000,0,0.2286,71.3,0.00214345
118.134,10000,0,0.2286,71.3,0.00214345
117.624,12500,0,0.2286,71.3,0.00214345
114.984,16000,0,0.2286,71.3,0.00214345
114.474,20000,0,0.2286,71.3,0.00214345
119.54,315,0,0.2286,55.5,0.00229336
121.66,400,0,0.2286,55.5,0.00229336
123.78,500,0,0.2286,55.5,0.00229336
126.16,630,0,0.2286,55.5,0.00229336
127.53,800,0,0.2286,55.5,0.00229336
128.29,1000,0,0.2286,55.5,0.00229336
127.91,1250,0,0.2286,55.5,0.00229336
126.79,1600,0,0.2286,55.5,0.00229336
126.54,2000,0,0.2286,55.5,0.00229336
126.54,2500,0,0.2286,55.5,0.00229336
125.16,3150,0,0.2286,55.5,0.00229336
123.41,4000,0,0.2286,55.5,0.00229336
122.41,5000,0,0.2286,55.5,0.00229336
118.41,6300,0,0.2286,55.5,0.00229336
121.055,315,0,0.2286,39.6,0.00253511
123.565,400,0,0.2286,39.6,0.00253511
126.195,500,0,0.2286,39.6,0.00253511
128.705,630,0,0.2286,39.6,0.00253511
130.205,800,0,0.2286,39.6,0.00253511
130.435,1000,0,0.2286,39.6,0.00253511
129.395,1250,0,0.2286,39.6,0.00253511
127.095,1600,0,0.2286,39.6,0.00253511
125.305,2000,0,0.2286,39.6,0.00253511
125.025,2500,0,0.2286,39.6,0.00253511
124.625,3150,0,0.2286,39.6,0.00253511
123.465,4000,0,0.2286,39.6,0.00253511
122.175,5000,0,0.2286,39.6,0.00253511
117.465,6300,0,0.2286,39.6,0.00253511
120.595,315,0,0.2286,31.7,0.0027238
123.635,400,0,0.2286,31.7,0.0027238
126.675,500,0,0.2286,31.7,0.0027238
129.465,630,0,0.2286,31.7,0.0027238
130.725,800,0,0.2286,31.7,0.0027238
130.595,1000,0,0.2286,31.7,0.0027238
128.805,1250,0,0.2286,31.7,0.0027238
125.625,1600,0,0.2286,31.7,0.0027238
123.455,2000,0,0.2286,31.7,0.0027238
123.445,2500,0,0.2286,31.7,0.0027238
123.445,3150,0,0.2286,31.7,0.0027238
122.035,4000,0,0.2286,31.7,0.0027238
120.505,5000,0,0.2286,31.7,0.0027238
116.815,6300,0,0.2286,31.7,0.0027238
125.116,400,2,0.2286,71.3,0.00293031
126.486,500,2,0.2286,71.3,0.00293031
127.356,630,2,0.2286,71.3,0.00293031
128.216,800,2,0.2286,71.3,0.00293031
128.956,1000,2,0.2286,71.3,0.00293031
128.816,1250,2,0.2286,71.3,0.00293031
127.796,1600,2,0.2286,71.3,0.00293031
126.896,2000,2,0.2286,71.3,0.00293031
127.006,2500,2,0.2286,71.3,0.00293031
126.116,3150,2,0.2286,71.3,0.00293031
124.086,4000,2,0.2286,71.3,0.00293031
122.816,5000,2,0.2286,71.3,0.00293031
120.786,6300,2,0.2286,71.3,0.00293031
115.996,8000,2,0.2286,71.3,0.00293031
113.086,10000,2,0.2286,71.3,0.00293031
122.292,400,2,0.2286,55.5,0.00313525
124.692,500,2,0.2286,55.5,0.00313525
126.842,630,2,0.2286,55.5,0.00313525
128.492,800,2,0.2286,55.5,0.00313525
129.002,1000,2,0.2286,55.5,0.00313525
128.762,1250,2,0.2286,55.5,0.00313525
126.752,1600,2,0.2286,55.5,0.00313525
124.612,2000,2,0.2286,55.5,0.00313525
123.862,2500,2,0.2286,55.5,0.00313525
123.742,3150,2,0.2286,55.5,0.00313525
122.232,4000,2,0.2286,55.5,0.00313525
120.472,5000,2,0.2286,55.5,0.00313525
118.712,6300,2,0.2286,55.5,0.00313525
120.137,315,2,0.2286,39.6,0.00346574
122.147,400,2,0.2286,39.6,0.00346574
125.157,500,2,0.2286,39.6,0.00346574
127.417,630,2,0.2286,39.6,0.00346574
129.037,800,2,0.2286,39.6,0.00346574
129.147,1000,2,0.2286,39.6,0.00346574
128.257,1250,2,0.2286,39.6,0.00346574
125.837,1600,2,0.2286,39.6,0.00346574
122.797,2000,2,0.2286,39.6,0.00346574
121.397,2500,2,0.2286,39.6,0.00346574
121.627,3150,2,0.2286,39.6,0.00346574
120.227,4000,2,0.2286,39.6,0.00346574
118.827,5000,2,0.2286,39.6,0.00346574
116.417,6300,2,0.2286,39.6,0.00346574
120.147,315,2,0.2286,31.7,0.00372371
123.417,400,2,0.2286,31.7,0.00372371
126.677,500,2,0.2286,31.7,0.00372371
129.057,630,2,0.2286,31.7,0.00372371
130.307,800,2,0.2286,31.7,0.00372371
130.307,1000,2,0.2286,31.7,0.00372371
128.677,1250,2,0.2286,31.7,0.00372371
125.797,1600,2,0.2286,31.7,0.00372371
123.037,2000,2,0.2286,31.7,0.00372371
121.407,2500,2,0.2286,31.7,0.00372371
121.527,3150,2,0.2286,31.7,0.00372371
120.527,4000,2,0.2286,31.7,0.00372371
118.267,5000,2,0.2286,31.7,0.00372371
115.137,6300,2,0.2286,31.7,0.00372371
126.758,500,4,0.2286,71.3,0.00400603
129.038,630,4,0.2286,71.3,0.00400603
130.688,800,4,0.2286,71.3,0.00400603
131.708,1000,4,0.2286,71.3,0.00400603
131.718,1250,4,0.2286,71.3,0.00400603
129.468,1600,4,0.2286,71.3,0.00400603
126.218,2000,4,0.2286,71.3,0.00400603
124.338,2500,4,0.2286,71.3,0.00400603
124.108,3150,4,0.2286,71.3,0.00400603
121.728,4000,4,0.2286,71.3,0.00400603
121.118,5000,4,0.2286,71.3,0.00400603
118.618,6300,4,0.2286,71.3,0.00400603
112.848,8000,4,0.2286,71.3,0.00400603
113.108,10000,4,0.2286,71.3,0.00400603
114.258,12500,4,0.2286,71.3,0.00400603
112.768,16000,4,0.2286,71.3,0.00400603
109.638,20000,4,0.2286,71.3,0.00400603
123.274,400,4,0.2286,55.5,0.0042862
127.314,500,4,0.2286,55.5,0.0042862
129.964,630,4,0.2286,55.5,0.0042862
131.864,800,4,0.2286,55.5,0.0042862
132.134,1000,4,0.2286,55.5,0.0042862
131.264,1250,4,0.2286,55.5,0.0042862
128.264,1600,4,0.2286,55.5,0.0042862
124.254,2000,4,0.2286,55.5,0.0042862
122.384,2500,4,0.2286,55.5,0.0042862
122.394,3150,4,0.2286,55.5,0.0042862
120.654,4000,4,0.2286,55.5,0.0042862
120.034,5000,4,0.2286,55.5,0.0042862
117.154,6300,4,0.2286,55.5,0.0042862
112.524,8000,4,0.2286,55.5,0.0042862
122.229,315,4,0.2286,39.6,0.00473801
123.879,400,4,0.2286,39.6,0.00473801
127.039,500,4,0.2286,39.6,0.00473801
129.579,630,4,0.2286,39.6,0.00473801
130.469,800,4,0.2286,39.6,0.00473801
129.969,1000,4,0.2286,39.6,0.00473801
128.339,1250,4,0.2286,39.6,0.00473801
125.319,1600,4,0.2286,39.6,0.00473801
121.659,2000,4,0.2286,39.6,0.00473801
119.649,2500,4,0.2286,39.6,0.00473801
120.419,3150,4,0.2286,39.6,0.00473801
119.159,4000,4,0.2286,39.6,0.00473801
117.649,5000,4,0.2286,39.6,0.00473801
114.249,6300,4,0.2286,39.6,0.00473801
113.129,8000,4,0.2286,39.6,0.00473801
120.189,250,4,0.2286,31.7,0.00509068
123.609,315,4,0.2286,31.7,0.00509068
126.149,400,4,0.2286,31.7,0.00509068
128.939,500,4,0.2286,31.7,0.00509068
130.349,630,4,0.2286,31.7,0.00509068
130.869,800,4,0.2286,31.7,0.00509068
129.869,1000,4,0.2286,31.7,0.00509068
128.119,1250,4,0.2286,31.7,0.00509068
125.229,1600,4,0.2286,31.7,0.00509068
122.089,2000,4,0.2286,31.7,0.00509068
120.209,2500,4,0.2286,31.7,0.00509068
120.229,3150,4,0.2286,31.7,0.00509068
118.859,4000,4,0.2286,31.7,0.00509068
115.969,5000,4,0.2286,31.7,0.00509068
112.699,6300,4,0.2286,31.7,0.00509068
127.7,400,5.3,0.2286,71.3,0.0051942
129.88,500,5.3,0.2286,71.3,0.0051942
131.8,630,5.3,0.2286,71.3,0.0051942
133.48,800,5.3,0.2286,71.3,0.0051942
134,1000,5.3,0.2286,71.3,0.0051942
133.38,1250,5.3,0.2286,71.3,0.0051942
130.46,1600,5.3,0.2286,71.3,0.0051942
125.89,2000,5.3,0.2286,71.3,0.0051942
123.74,2500,5.3,0.2286,71.3,0.0051942
123.12,3150,5.3,0.2286,71.3,0.0051942
120.33,4000,5.3,0.2286,71.3,0.0051942
118.05,5000,5.3,0.2286,71.3,0.0051942
116.92,6300,5.3,0.2286,71.3,0.0051942
114.9,8000,5.3,0.2286,71.3,0.0051942
111.35,10000,5.3,0.2286,71.3,0.0051942
127.011,250,5.3,0.2286,39.6,0.00614329
129.691,315,5.3,0.2286,39.6,0.00614329
131.221,400,5.3,0.2286,39.6,0.00614329
132.251,500,5.3,0.2286,39.6,0.00614329
132.011,630,5.3,0.2286,39.6,0.00614329
129.491,800,5.3,0.2286,39.6,0.00614329
125.581,1000,5.3,0.2286,39.6,0.00614329
125.721,1250,5.3,0.2286,39.6,0.00614329
123.081,1600,5.3,0.2286,39.6,0.00614329
117.911,2000,5.3,0.2286,39.6,0.00614329
116.151,2500,5.3,0.2286,39.6,0.00614329
118.441,3150,5.3,0.2286,39.6,0.00614329
115.801,4000,5.3,0.2286,39.6,0.00614329
115.311,5000,5.3,0.2286,39.6,0.00614329
112.541,6300,5.3,0.2286,39.6,0.00614329
138.758,200,7.3,0.2286,71.3,0.0104404
139.918,250,7.3,0.2286,71.3,0.0104404
139.808,315,7.3,0.2286,71.3,0.0104404
139.438,400,7.3,0.2286,71.3,0.0104404
136.798,500,7.3,0.2286,71.3,0.0104404
133.768,630,7.3,0.2286,71.3,0.0104404
130.748,800,7.3,0.2286,71.3,0.0104404
126.838,1000,7.3,0.2286,71.3,0.0104404
127.358,1250,7.3,0.2286,71.3,0.0104404
125.728,1600,7.3,0.2286,71.3,0.0104404
122.708,2000,7.3,0.2286,71.3,0.0104404
122.088,2500,7.3,0.2286,71.3,0.0104404
120.458,3150,7.3,0.2286,71.3,0.0104404
119.208,4000,7.3,0.2286,71.3,0.0104404
115.298,5000,7.3,0.2286,71.3,0.0104404
115.818,6300,7.3,0.2286,71.3,0.0104404
135.234,200,7.3,0.2286,55.5,0.0111706
136.384,250,7.3,0.2286,55.5,0.0111706
136.284,315,7.3,0.2286,55.5,0.0111706
135.924,400,7.3,0.2286,55.5,0.0111706
133.174,500,7.3,0.2286,55.5,0.0111706
130.934,630,7.3,0.2286,55.5,0.0111706
128.444,800,7.3,0.2286,55.5,0.0111706
125.194,1000,7.3,0.2286,55.5,0.0111706
125.724,1250,7.3,0.2286,55.5,0.0111706
123.354,1600,7.3,0.2286,55.5,0.0111706
120.354,2000,7.3,0.2286,55.5,0.0111706
118.994,2500,7.3,0.2286,55.5,0.0111706
117.134,3150,7.3,0.2286,55.5,0.0111706
117.284,4000,7.3,0.2286,55.5,0.0111706
113.144,5000,7.3,0.2286,55.5,0.0111706
111.534,6300,7.3,0.2286,55.5,0.0111706
130.989,200,7.3,0.2286,39.6,0.0123481
131.889,250,7.3,0.2286,39.6,0.0123481
132.149,315,7.3,0.2286,39.6,0.0123481
132.039,400,7.3,0.2286,39.6,0.0123481
130.299,500,7.3,0.2286,39.6,0.0123481
128.929,630,7.3,0.2286,39.6,0.0123481
126.299,800,7.3,0.2286,39.6,0.0123481
122.539,1000,7.3,0.2286,39.6,0.0123481
123.189,1250,7.3,0.2286,39.6,0.0123481
121.059,1600,7.3,0.2286,39.6,0.0123481
117.809,2000,7.3,0.2286,39.6,0.0123481
116.559,2500,7.3,0.2286,39.6,0.0123481
114.309,3150,7.3,0.2286,39.6,0.0123481
114.079,4000,7.3,0.2286,39.6,0.0123481
111.959,5000,7.3,0.2286,39.6,0.0123481
110.839,6300,7.3,0.2286,39.6,0.0123481
128.679,200,7.3,0.2286,31.7,0.0132672
130.089,250,7.3,0.2286,31.7,0.0132672
130.239,315,7.3,0.2286,31.7,0.0132672
130.269,400,7.3,0.2286,31.7,0.0132672
128.169,500,7.3,0.2286,31.7,0.0132672
126.189,630,7.3,0.2286,31.7,0.0132672
123.209,800,7.3,0.2286,31.7,0.0132672
119.099,1000,7.3,0.2286,31.7,0.0132672
120.509,1250,7.3,0.2286,31.7,0.0132672
119.039,1600,7.3,0.2286,31.7,0.0132672
115.309,2000,7.3,0.2286,31.7,0.0132672
114.709,2500,7.3,0.2286,31.7,0.0132672
113.229,3150,7.3,0.2286,31.7,0.0132672
112.639,4000,7.3,0.2286,31.7,0.0132672
111.029,5000,7.3,0.2286,31.7,0.0132672
110.689,6300,7.3,0.2286,31.7,0.0132672
125.817,800,0,0.1524,71.3,0.0015988
127.307,1000,0,0.1524,71.3,0.0015988
128.927,1250,0,0.1524,71.3,0.0015988
129.667,1600,0,0.1524,71.3,0.0015988
128.647,2000,0,0.1524,71.3,0.0015988
128.127,2500,0,0.1524,71.3,0.0015988
129.377,3150,0,0.1524,71.3,0.0015988
128.857,4000,0,0.1524,71.3,0.0015988
126.457,5000,0,0.1524,71.3,0.0015988
125.427,6300,0,0.1524,71.3,0.0015988
122.527,8000,0,0.1524,71.3,0.0015988
120.247,10000,0,0.1524,71.3,0.0015988
117.087,12500,0,0.1524,71.3,0.0015988
113.297,16000,0,0.1524,71.3,0.0015988
120.573,500,0,0.1524,55.5,0.00172668
123.583,630,0,0.1524,55.5,0.00172668
126.713,800,0,0.1524,55.5,0.00172668
128.583,1000,0,0.1524,55.5,0.00172668
129.953,1250,0,0.1524,55.5,0.00172668
130.183,1600,0,0.1524,55.5,0.00172668
129.673,2000,0,0.1524,55.5,0.00172668
127.763,2500,0,0.1524,55.5,0.00172668
127.753,3150,0,0.1524,55.5,0.00172668
127.233,4000,0,0.1524,55.5,0.00172668
125.203,5000,0,0.1524,55.5,0.00172668
123.303,6300,0,0.1524,55.5,0.00172668
121.903,8000,0,0.1524,55.5,0.00172668
119.253,10000,0,0.1524,55.5,0.00172668
117.093,12500,0,0.1524,55.5,0.00172668
112.803,16000,0,0.1524,55.5,0.00172668
119.513,500,0,0.1524,39.6,0.00193287
124.403,630,0,0.1524,39.6,0.00193287
127.903,800,0,0.1524,39.6,0.00193287
130.033,1000,0,0.1524,39.6,0.00193287
131.023,1250,0,0.1524,39.6,0.00193287
131.013,1600,0,0.1524,39.6,0.00193287
129.633,2000,0,0.1524,39.6,0.00193287
126.863,2500,0,0.1524,39.6,0.00193287
125.603,3150,0,0.1524,39.6,0.00193287
125.343,4000,0,0.1524,39.6,0.00193287
123.453,5000,0,0.1524,39.6,0.00193287
121.313,6300,0,0.1524,39.6,0.00193287
120.553,8000,0,0.1524,39.6,0.00193287
115.413,10000,0,0.1524,39.6,0.00193287
121.617,500,0,0.1524,31.7,0.00209405
125.997,630,0,0.1524,31.7,0.00209405
129.117,800,0,0.1524,31.7,0.00209405
130.987,1000,0,0.1524,31.7,0.00209405
131.467,1250,0,0.1524,31.7,0.00209405
130.817,1600,0,0.1524,31.7,0.00209405
128.907,2000,0,0.1524,31.7,0.00209405
125.867,2500,0,0.1524,31.7,0.00209405
124.207,3150,0,0.1524,31.7,0.00209405
123.807,4000,0,0.1524,31.7,0.00209405
122.397,5000,0,0.1524,31.7,0.00209405
119.737,6300,0,0.1524,31.7,0.00209405
117.957,8000,0,0.1524,31.7,0.00209405
127.404,630,2.7,0.1524,71.3,0.00243851
127.394,800,2.7,0.1524,71.3,0.00243851
128.774,1000,2.7,0.1524,71.3,0.00243851
130.144,1250,2.7,0.1524,71.3,0.00243851
130.644,1600,2.7,0.1524,71.3,0.00243851
130.114,2000,2.7,0.1524,71.3,0.00243851
128.334,2500,2.7,0.1524,71.3,0.00243851
127.054,3150,2.7,0.1524,71.3,0.00243851
126.534,4000,2.7,0.1524,71.3,0.00243851
124.364,5000,2.7,0.1524,71.3,0.00243851
121.944,6300,2.7,0.1524,71.3,0.00243851
120.534,8000,2.7,0.1524,71.3,0.00243851
116.724,10000,2.7,0.1524,71.3,0.00243851
113.034,12500,2.7,0.1524,71.3,0.00243851
110.364,16000,2.7,0.1524,71.3,0.00243851
121.009,500,2.7,0.1524,39.6,0.00294804
125.809,630,2.7,0.1524,39.6,0.00294804
128.829,800,2.7,0.1524,39.6,0.00294804
130.589,1000,2.7,0.1524,39.6,0.00294804
130.829,1250,2.7,0.1524,39.6,0.00294804
130.049,1600,2.7,0.1524,39.6,0.00294804
128.139,2000,2.7,0.1524,39.6,0.00294804
125.589,2500,2.7,0.1524,39.6,0.00294804
122.919,3150,2.7,0.1524,39.6,0.00294804
121.889,4000,2.7,0.1524,39.6,0.00294804
121.499,5000,2.7,0.1524,39.6,0.00294804
119.209,6300,2.7,0.1524,39.6,0.00294804
116.659,8000,2.7,0.1524,39.6,0.00294804
112.589,10000,2.7,0.1524,39.6,0.00294804
108.649,12500,2.7,0.1524,39.6,0.00294804
124.121,400,5.4,0.1524,71.3,0.00401199
126.291,500,5.4,0.1524,71.3,0.00401199
128.971,630,5.4,0.1524,71.3,0.00401199
131.281,800,5.4,0.1524,71.3,0.00401199
133.201,1000,5.4,0.1524,71.3,0.00401199
134.111,1250,5.4,0.1524,71.3,0.00401199
133.241,1600,5.4,0.1524,71.3,0.00401199
131.111,2000,5.4,0.1524,71.3,0.00401199
127.591,2500,5.4,0.1524,71.3,0.00401199
123.311,3150,5.4,0.1524,71.3,0.00401199
121.431,4000,5.4,0.1524,71.3,0.00401199
120.061,5000,5.4,0.1524,71.3,0.00401199
116.411,6300,5.4,0.1524,71.3,0.00401199
126.807,400,5.4,0.1524,55.5,0.00433288
129.367,500,5.4,0.1524,55.5,0.00433288
131.807,630,5.4,0.1524,55.5,0.00433288
133.097,800,5.4,0.1524,55.5,0.00433288
132.127,1000,5.4,0.1524,55.5,0.00433288
130.777,1250,5.4,0.1524,55.5,0.00433288
130.567,1600,5.4,0.1524,55.5,0.00433288
128.707,2000,5.4,0.1524,55.5,0.00433288
124.077,2500,5.4,0.1524,55.5,0.00433288
121.587,3150,5.4,0.1524,55.5,0.00433288
119.737,4000,5.4,0.1524,55.5,0.00433288
118.757,5000,5.4,0.1524,55.5,0.00433288
117.287,6300,5.4,0.1524,55.5,0.00433288
114.927,8000,5.4,0.1524,55.5,0.00433288
125.347,315,5.4,0.1524,39.6,0.00485029
127.637,400,5.4,0.1524,39.6,0.00485029
129.937,500,5.4,0.1524,39.6,0.00485029
132.357,630,5.4,0.1524,39.6,0.00485029
132.757,800,5.4,0.1524,39.6,0.00485029
130.507,1000,5.4,0.1524,39.6,0.00485029
127.117,1250,5.4,0.1524,39.6,0.00485029
126.267,1600,5.4,0.1524,39.6,0.00485029
124.647,2000,5.4,0.1524,39.6,0.00485029
120.497,2500,5.4,0.1524,39.6,0.00485029
119.137,3150,5.4,0.1524,39.6,0.00485029
117.137,4000,5.4,0.1524,39.6,0.00485029
117.037,5000,5.4,0.1524,39.6,0.00485029
116.677,6300,5.4,0.1524,39.6,0.00485029
125.741,315,5.4,0.1524,31.7,0.00525474
127.781,400,5.4,0.1524,31.7,0.00525474
129.681,500,5.4,0.1524,31.7,0.00525474
131.471,630,5.4,0.1524,31.7,0.00525474
131.491,800,5.4,0.1524,31.7,0.00525474
128.241,1000,5.4,0.1524,31.7,0.00525474
123.991,1250,5.4,0.1524,31.7,0.00525474
123.761,1600,5.4,0.1524,31.7,0.00525474
122.771,2000,5.4,0.1524,31.7,0.00525474
119.151,2500,5.4,0.1524,31.7,0.00525474
118.291,3150,5.4,0.1524,31.7,0.00525474
116.181,4000,5.4,0.1524,31.7,0.00525474
115.691,5000,5.4,0.1524,31.7,0.00525474
115.591,6300,5.4,0.1524,31.7,0.00525474
128.713,315,7.2,0.1524,71.3,0.00752039
130.123,400,7.2,0.1524,71.3,0.00752039
132.043,500,7.2,0.1524,71.3,0.00752039
134.853,630,7.2,0.1524,71.3,0.00752039
136.023,800,7.2,0.1524,71.3,0.00752039
134.273,1000,7.2,0.1524,71.3,0.00752039
132.513,1250,7.2,0.1524,71.3,0.00752039
130.893,1600,7.2,0.1524,71.3,0.00752039
128.643,2000,7.2,0.1524,71.3,0.00752039
124.353,2500,7.2,0.1524,71.3,0.00752039
116.783,3150,7.2,0.1524,71.3,0.00752039
119.343,4000,7.2,0.1524,71.3,0.00752039
118.343,5000,7.2,0.1524,71.3,0.00752039
116.603,6300,7.2,0.1524,71.3,0.00752039
113.333,8000,7.2,0.1524,71.3,0.00752039
110.313,10000,7.2,0.1524,71.3,0.00752039
127.488,250,7.2,0.1524,39.6,0.00909175
130.558,315,7.2,0.1524,39.6,0.00909175
132.118,400,7.2,0.1524,39.6,0.00909175
132.658,500,7.2,0.1524,39.6,0.00909175
133.198,630,7.2,0.1524,39.6,0.00909175
132.358,800,7.2,0.1524,39.6,0.00909175
128.338,1000,7.2,0.1524,39.6,0.00909175
122.428,1250,7.2,0.1524,39.6,0.00909175
120.058,1600,7.2,0.1524,39.6,0.00909175
120.228,2000,7.2,0.1524,39.6,0.00909175
117.478,2500,7.2,0.1524,39.6,0.00909175
111.818,3150,7.2,0.1524,39.6,0.00909175
114.258,4000,7.2,0.1524,39.6,0.00909175
113.288,5000,7.2,0.1524,39.6,0.00909175
112.688,6300,7.2,0.1524,39.6,0.00909175
111.588,8000,7.2,0.1524,39.6,0.00909175
110.868,10000,7.2,0.1524,39.6,0.00909175
134.319,200,9.9,0.1524,71.3,0.0193001
135.329,250,9.9,0.1524,71.3,0.0193001
135.459,315,9.9,0.1524,71.3,0.0193001
135.079,400,9.9,0.1524,71.3,0.0193001
131.279,500,9.9,0.1524,71.3,0.0193001
129.889,630,9.9,0.1524,71.3,0.0193001
128.879,800,9.9,0.1524,71.3,0.0193001
126.349,1000,9.9,0.1524,71.3,0.0193001
122.679,1250,9.9,0.1524,71.3,0.0193001
121.789,1600,9.9,0.1524,71.3,0.0193001
120.779,2000,9.9,0.1524,71.3,0.0193001
119.639,2500,9.9,0.1524,71.3,0.0193001
116.849,3150,9.9,0.1524,71.3,0.0193001
115.079,4000,9.9,0.1524,71.3,0.0193001
114.569,5000,9.9,0.1524,71.3,0.0193001
112.039,6300,9.9,0.1524,71.3,0.0193001
131.955,200,9.9,0.1524,55.5,0.0208438
133.235,250,9.9,0.1524,55.5,0.0208438
132.355,315,9.9,0.1524,55.5,0.0208438
131.605,400,9.9,0.1524,55.5,0.0208438
127.815,500,9.9,0.1524,55.5,0.0208438
127.315,630,9.9,0.1524,55.5,0.0208438
126.565,800,9.9,0.1524,55.5,0.0208438
124.665,1000,9.9,0.1524,55.5,0.0208438
121.635,1250,9.9,0.1524,55.5,0.0208438
119.875,1600,9.9,0.1524,55.5,0.0208438
119.505,2000,9.9,0.1524,55.5,0.0208438
118.365,2500,9.9,0.1524,55.5,0.0208438
115.085,3150,9.9,0.1524,55.5,0.0208438
112.945,4000,9.9,0.1524,55.5,0.0208438
112.065,5000,9.9,0.1524,55.5,0.0208438
110.555,6300,9.9,0.1524,55.5,0.0208438
127.315,200,9.9,0.1524,39.6,0.0233328
128.335,250,9.9,0.1524,39.6,0.0233328
128.595,315,9.9,0.1524,39.6,0.0233328
128.345,400,9.9,0.1524,39.6,0.0233328
126.835,500,9.9,0.1524,39.6,0.0233328
126.465,630,9.9,0.1524,39.6,0.0233328
126.345,800,9.9,0.1524,39.6,0.0233328
123.835,1000,9.9,0.1524,39.6,0.0233328
120.555,1250,9.9,0.1524,39.6,0.0233328
118.545,1600,9.9,0.1524,39.6,0.0233328
117.925,2000,9.9,0.1524,39.6,0.0233328
116.295,2500,9.9,0.1524,39.6,0.0233328
113.525,3150,9.9,0.1524,39.6,0.0233328
112.265,4000,9.9,0.1524,39.6,0.0233328
111.135,5000,9.9,0.1524,39.6,0.0233328
109.885,6300,9.9,0.1524,39.6,0.0233328
127.299,200,9.9,0.1524,31.7,0.0252785
128.559,250,9.9,0.1524,31.7,0.0252785
128.809,315,9.9,0.1524,31.7,0.0252785
128.939,400,9.9,0.1524,31.7,0.0252785
127.179,500,9.9,0.1524,31.7,0.0252785
126.049,630,9.9,0.1524,31.7,0.0252785
125.539,800,9.9,0.1524,31.7,0.0252785
122.149,1000,9.9,0.1524,31.7,0.0252785
118.619,1250,9.9,0.1524,31.7,0.0252785
117.119,1600,9.9,0.1524,31.7,0.0252785
116.859,2000,9.9,0.1524,31.7,0.0252785
114.729,2500,9.9,0.1524,31.7,0.0252785
112.209,3150,9.9,0.1524,31.7,0.0252785
111.459,4000,9.9,0.1524,31.7,0.0252785
109.949,5000,9.9,0.1524,31.7,0.0252785
108.689,6300,9.9,0.1524,31.7,0.0252785
128.354,200,12.6,0.1524,71.3,0.0483159
129.744,250,12.6,0.1524,71.3,0.0483159
128.484,315,12.6,0.1524,71.3,0.0483159
127.094,400,12.6,0.1524,71.3,0.0483159
121.664,500,12.6,0.1524,71.3,0.0483159
123.304,630,12.6,0.1524,71.3,0.0483159
123.054,800,12.6,0.1524,71.3,0.0483159
122.044,1000,12.6,0.1524,71.3,0.0483159
120.154,1250,12.6,0.1524,71.3,0.0483159
120.534,1600,12.6,0.1524,71.3,0.0483159
117.504,2000,12.6,0.1524,71.3,0.0483159
115.234,2500,12.6,0.1524,71.3,0.0483159
113.334,3150,12.6,0.1524,71.3,0.0483159
108.034,4000,12.6,0.1524,71.3,0.0483159
108.034,5000,12.6,0.1524,71.3,0.0483159
107.284,6300,12.6,0.1524,71.3,0.0483159
114.75,200,12.6,0.1524,39.6,0.0584113
115.89,250,12.6,0.1524,39.6,0.0584113
116.02,315,12.6,0.1524,39.6,0.0584113
115.91,400,12.6,0.1524,39.6,0.0584113
114.9,500,12.6,0.1524,39.6,0.0584113
116.55,630,12.6,0.1524,39.6,0.0584113
116.56,800,12.6,0.1524,39.6,0.0584113
114.67,1000,12.6,0.1524,39.6,0.0584113
112.16,1250,12.6,0.1524,39.6,0.0584113
110.78,1600,12.6,0.1524,39.6,0.0584113
109.52,2000,12.6,0.1524,39.6,0.0584113
106.88,2500,12.6,0.1524,39.6,0.0584113
106.26,3150,12.6,0.1524,39.6,0.0584113
104.5,4000,12.6,0.1524,39.6,0.0584113
104.13,5000,12.6,0.1524,39.6,0.0584113
103.38,6300,12.6,0.1524,39.6,0.0584113
130.96,800,0,0.0508,71.3,0.000740478
129.45,1000,0,0.0508,71.3,0.000740478
128.56,1250,0,0.0508,71.3,0.000740478
129.68,1600,0,0.0508,71.3,0.000740478
131.06,2000,0,0.0508,71.3,0.000740478
131.31,2500,0,0.0508,71.3,0.000740478
135.07,3150,0,0.0508,71.3,0.000740478
134.43,4000,0,0.0508,71.3,0.000740478
134.43,5000,0,0.0508,71.3,0.000740478
133.04,6300,0,0.0508,71.3,0.000740478
130.89,8000,0,0.0508,71.3,0.000740478
128.74,10000,0,0.0508,71.3,0.000740478
125.22,12500,0,0.0508,71.3,0.000740478
124.336,800,0,0.0508,55.5,0.00076193
125.586,1000,0,0.0508,55.5,0.00076193
127.076,1250,0,0.0508,55.5,0.00076193
128.576,1600,0,0.0508,55.5,0.00076193
131.456,2000,0,0.0508,55.5,0.00076193
133.956,2500,0,0.0508,55.5,0.00076193
134.826,3150,0,0.0508,55.5,0.00076193
134.946,4000,0,0.0508,55.5,0.00076193
134.556,5000,0,0.0508,55.5,0.00076193
132.796,6300,0,0.0508,55.5,0.00076193
130.156,8000,0,0.0508,55.5,0.00076193
127.636,10000,0,0.0508,55.5,0.00076193
125.376,12500,0,0.0508,55.5,0.00076193
126.508,800,0,0.0508,39.6,0.000791822
127.638,1000,0,0.0508,39.6,0.000791822
129.148,1250,0,0.0508,39.6,0.000791822
130.908,1600,0,0.0508,39.6,0.000791822
132.918,2000,0,0.0508,39.6,0.000791822
134.938,2500,0,0.0508,39.6,0.000791822
135.938,3150,0,0.0508,39.6,0.000791822
135.308,4000,0,0.0508,39.6,0.000791822
134.308,5000,0,0.0508,39.6,0.000791822
131.918,6300,0,0.0508,39.6,0.000791822
128.518,8000,0,0.0508,39.6,0.000791822
125.998,10000,0,0.0508,39.6,0.000791822
123.988,12500,0,0.0508,39.6,0.000791822
122.79,800,0,0.0508,31.7,0.000812164
126.78,1000,0,0.0508,31.7,0.000812164
129.27,1250,0,0.0508,31.7,0.000812164
131.01,1600,0,0.0508,31.7,0.000812164
133.01,2000,0,0.0508,31.7,0.000812164
134.87,2500,0,0.0508,31.7,0.000812164
135.49,3150,0,0.0508,31.7,0.000812164
134.11,4000,0,0.0508,31.7,0.000812164
133.23,5000,0,0.0508,31.7,0.000812164
130.34,6300,0,0.0508,31.7,0.000812164
126.59,8000,0,0.0508,31.7,0.000812164
122.45,10000,0,0.0508,31.7,0.000812164
119.07,12500,0,0.0508,31.7,0.000812164
124.318,1600,4.2,0.0508,71.3,0.00142788
129.848,2000,4.2,0.0508,71.3,0.00142788
131.978,2500,4.2,0.0508,71.3,0.00142788
133.728,3150,4.2,0.0508,71.3,0.00142788
133.598,4000,4.2,0.0508,71.3,0.00142788
132.828,5000,4.2,0.0508,71.3,0.00142788
129.308,6300,4.2,0.0508,71.3,0.00142788
125.268,8000,4.2,0.0508,71.3,0.00142788
121.238,10000,4.2,0.0508,71.3,0.00142788
117.328,12500,4.2,0.0508,71.3,0.00142788
125.647,1000,4.2,0.0508,39.6,0.00152689
128.427,1250,4.2,0.0508,39.6,0.00152689
130.197,1600,4.2,0.0508,39.6,0.00152689
132.587,2000,4.2,0.0508,39.6,0.00152689
133.847,2500,4.2,0.0508,39.6,0.00152689
133.587,3150,4.2,0.0508,39.6,0.00152689
131.807,4000,4.2,0.0508,39.6,0.00152689
129.777,5000,4.2,0.0508,39.6,0.00152689
125.717,6300,4.2,0.0508,39.6,0.00152689
120.397,8000,4.2,0.0508,39.6,0.00152689
116.967,10000,4.2,0.0508,39.6,0.00152689
127.556,800,8.4,0.0508,71.3,0.00529514
129.946,1000,8.4,0.0508,71.3,0.00529514
132.086,1250,8.4,0.0508,71.3,0.00529514
133.846,1600,8.4,0.0508,71.3,0.00529514
134.476,2000,8.4,0.0508,71.3,0.00529514
134.226,2500,8.4,0.0508,71.3,0.00529514
131.966,3150,8.4,0.0508,71.3,0.00529514
126.926,4000,8.4,0.0508,71.3,0.00529514
121.146,5000,8.4,0.0508,71.3,0.00529514
121.582,400,8.4,0.0508,55.5,0.00544854
123.742,500,8.4,0.0508,55.5,0.00544854
126.152,630,8.4,0.0508,55.5,0.00544854
128.562,800,8.4,0.0508,55.5,0.00544854
130.722,1000,8.4,0.0508,55.5,0.00544854
132.252,1250,8.4,0.0508,55.5,0.00544854
133.032,1600,8.4,0.0508,55.5,0.00544854
133.042,2000,8.4,0.0508,55.5,0.00544854
131.542,2500,8.4,0.0508,55.5,0.00544854
128.402,3150,8.4,0.0508,55.5,0.00544854
122.612,4000,8.4,0.0508,55.5,0.00544854
115.812,5000,8.4,0.0508,55.5,0.00544854
120.015,400,8.4,0.0508,39.6,0.00566229
122.905,500,8.4,0.0508,39.6,0.00566229
126.045,630,8.4,0.0508,39.6,0.00566229
128.435,800,8.4,0.0508,39.6,0.00566229
130.195,1000,8.4,0.0508,39.6,0.00566229
131.205,1250,8.4,0.0508,39.6,0.00566229
130.965,1600,8.4,0.0508,39.6,0.00566229
129.965,2000,8.4,0.0508,39.6,0.00566229
127.465,2500,8.4,0.0508,39.6,0.00566229
123.965,3150,8.4,0.0508,39.6,0.00566229
118.955,4000,8.4,0.0508,39.6,0.00566229
120.076,400,8.4,0.0508,31.7,0.00580776
122.966,500,8.4,0.0508,31.7,0.00580776
125.856,630,8.4,0.0508,31.7,0.00580776
128.246,800,8.4,0.0508,31.7,0.00580776
129.516,1000,8.4,0.0508,31.7,0.00580776
130.156,1250,8.4,0.0508,31.7,0.00580776
129.296,1600,8.4,0.0508,31.7,0.00580776
127.686,2000,8.4,0.0508,31.7,0.00580776
125.576,2500,8.4,0.0508,31.7,0.00580776
122.086,3150,8.4,0.0508,31.7,0.00580776
118.106,4000,8.4,0.0508,31.7,0.00580776
125.941,200,11.2,0.0508,71.3,0.014072
127.101,250,11.2,0.0508,71.3,0.014072
128.381,315,11.2,0.0508,71.3,0.014072
129.281,400,11.2,0.0508,71.3,0.014072
130.311,500,11.2,0.0508,71.3,0.014072
133.611,630,11.2,0.0508,71.3,0.014072
136.031,800,11.2,0.0508,71.3,0.014072
136.941,1000,11.2,0.0508,71.3,0.014072
136.191,1250,11.2,0.0508,71.3,0.014072
135.191,1600,11.2,0.0508,71.3,0.014072
133.311,2000,11.2,0.0508,71.3,0.014072
130.541,2500,11.2,0.0508,71.3,0.014072
127.141,3150,11.2,0.0508,71.3,0.014072
122.471,4000,11.2,0.0508,71.3,0.014072
125.01,200,11.2,0.0508,39.6,0.0150478
126.43,250,11.2,0.0508,39.6,0.0150478
128.99,315,11.2,0.0508,39.6,0.0150478
130.67,400,11.2,0.0508,39.6,0.0150478
131.96,500,11.2,0.0508,39.6,0.0150478
133.13,630,11.2,0.0508,39.6,0.0150478
133.79,800,11.2,0.0508,39.6,0.0150478
132.43,1000,11.2,0.0508,39.6,0.0150478
130.05,1250,11.2,0.0508,39.6,0.0150478
126.54,1600,11.2,0.0508,39.6,0.0150478
124.42,2000,11.2,0.0508,39.6,0.0150478
122.17,2500,11.2,0.0508,39.6,0.0150478
119.67,3150,11.2,0.0508,39.6,0.0150478
115.52,4000,11.2,0.0508,39.6,0.0150478
123.595,200,15.4,0.0508,71.3,0.0264269
124.835,250,15.4,0.0508,71.3,0.0264269
126.195,315,15.4,0.0508,71.3,0.0264269
126.805,400,15.4,0.0508,71.3,0.0264269
127.285,500,15.4,0.0508,71.3,0.0264269
129.645,630,15.4,0.0508,71.3,0.0264269
131.515,800,15.4,0.0508,71.3,0.0264269
131.865,1000,15.4,0.0508,71.3,0.0264269
130.845,1250,15.4,0.0508,71.3,0.0264269
130.065,1600,15.4,0.0508,71.3,0.0264269
129.285,2000,15.4,0.0508,71.3,0.0264269
127.625,2500,15.4,0.0508,71.3,0.0264269
125.715,3150,15.4,0.0508,71.3,0.0264269
122.675,4000,15.4,0.0508,71.3,0.0264269
119.135,5000,15.4,0.0508,71.3,0.0264269
115.215,6300,15.4,0.0508,71.3,0.0264269
112.675,8000,15.4,0.0508,71.3,0.0264269
122.94,200,15.4,0.0508,55.5,0.0271925
124.17,250,15.4,0.0508,55.5,0.0271925
125.39,315,15.4,0.0508,55.5,0.0271925
126.5,400,15.4,0.0508,55.5,0.0271925
127.22,500,15.4,0.0508,55.5,0.0271925
129.33,630,15.4,0.0508,55.5,0.0271925
130.43,800,15.4,0.0508,55.5,0.0271925
130.4,1000,15.4,0.0508,55.5,0.0271925
130,1250,15.4,0.0508,55.5,0.0271925
128.2,1600,15.4,0.0508,55.5,0.0271925
127.04,2000,15.4,0.0508,55.5,0.0271925
125.63,2500,15.4,0.0508,55.5,0.0271925
123.46,3150,15.4,0.0508,55.5,0.0271925
120.92,4000,15.4,0.0508,55.5,0.0271925
117.11,5000,15.4,0.0508,55.5,0.0271925
112.93,6300,15.4,0.0508,55.5,0.0271925
121.783,200,15.4,0.0508,39.6,0.0282593
122.893,250,15.4,0.0508,39.6,0.0282593
124.493,315,15.4,0.0508,39.6,0.0282593
125.353,400,15.4,0.0508,39.6,0.0282593
125.963,500,15.4,0.0508,39.6,0.0282593
127.443,630,15.4,0.0508,39.6,0.0282593
128.423,800,15.4,0.0508,39.6,0.0282593
127.893,1000,15.4,0.0508,39.6,0.0282593
126.743,1250,15.4,0.0508,39.6,0.0282593
124.843,1600,15.4,0.0508,39.6,0.0282593
123.443,2000,15.4,0.0508,39.6,0.0282593
122.413,2500,15.4,0.0508,39.6,0.0282593
120.513,3150,15.4,0.0508,39.6,0.0282593
118.113,4000,15.4,0.0508,39.6,0.0282593
114.453,5000,15.4,0.0508,39.6,0.0282593
109.663,6300,15.4,0.0508,39.6,0.0282593
119.975,200,15.4,0.0508,31.7,0.0289853
121.225,250,15.4,0.0508,31.7,0.0289853
122.845,315,15.4,0.0508,31.7,0.0289853
123.705,400,15.4,0.0508,31.7,0.0289853
123.695,500,15.4,0.0508,31.7,0.0289853
124.685,630,15.4,0.0508,31.7,0.0289853
125.555,800,15.4,0.0508,31.7,0.0289853
124.525,1000,15.4,0.0508,31.7,0.0289853
123.255,1250,15.4,0.0508,31.7,0.0289853
121.485,1600,15.4,0.0508,31.7,0.0289853
120.835,2000,15.4,0.0508,31.7,0.0289853
119.945,2500,15.4,0.0508,31.7,0.0289853
118.045,3150,15.4,0.0508,31.7,0.0289853
115.635,4000,15.4,0.0508,31.7,0.0289853
112.355,5000,15.4,0.0508,31.7,0.0289853
108.185,6300,15.4,0.0508,31.7,0.0289853
118.005,200,19.7,0.0508,71.3,0.0341183
119.115,250,19.7,0.0508,71.3,0.0341183
121.235,315,19.7,0.0508,71.3,0.0341183
123.865,400,19.7,0.0508,71.3,0.0341183
126.995,500,19.7,0.0508,71.3,0.0341183
128.365,630,19.7,0.0508,71.3,0.0341183
124.555,800,19.7,0.0508,71.3,0.0341183
121.885,1000,19.7,0.0508,71.3,0.0341183
121.485,1250,19.7,0.0508,71.3,0.0341183
120.575,1600,19.7,0.0508,71.3,0.0341183
120.055,2000,19.7,0.0508,71.3,0.0341183
118.385,2500,19.7,0.0508,71.3,0.0341183
116.225,3150,19.7,0.0508,71.3,0.0341183
113.045,4000,19.7,0.0508,71.3,0.0341183
125.974,200,19.7,0.0508,39.6,0.036484
127.224,250,19.7,0.0508,39.6,0.036484
129.864,315,19.7,0.0508,39.6,0.036484
130.614,400,19.7,0.0508,39.6,0.036484
128.444,500,19.7,0.0508,39.6,0.036484
120.324,630,19.7,0.0508,39.6,0.036484
119.174,800,19.7,0.0508,39.6,0.036484
118.904,1000,19.7,0.0508,39.6,0.036484
118.634,1250,19.7,0.0508,39.6,0.036484
117.604,1600,19.7,0.0508,39.6,0.036484
117.724,2000,19.7,0.0508,39.6,0.036484
116.184,2500,19.7,0.0508,39.6,0.036484
113.004,3150,19.7,0.0508,39.6,0.036484
108.684,4000,19.7,0.0508,39.6,0.036484
133.707,2500,0,0.0254,71.3,0.000400682
137.007,3150,0,0.0254,71.3,0.000400682
138.557,4000,0,0.0254,71.3,0.000400682
136.837,5000,0,0.0254,71.3,0.000400682
134.987,6300,0,0.0254,71.3,0.000400682
129.867,8000,0,0.0254,71.3,0.000400682
130.787,10000,0,0.0254,71.3,0.000400682
133.207,12500,0,0.0254,71.3,0.000400682
130.477,16000,0,0.0254,71.3,0.000400682
123.217,20000,0,0.0254,71.3,0.000400682
127.623,2000,0,0.0254,55.5,0.00041229
130.073,2500,0,0.0254,55.5,0.00041229
130.503,3150,0,0.0254,55.5,0.00041229
133.223,4000,0,0.0254,55.5,0.00041229
135.803,5000,0,0.0254,55.5,0.00041229
136.103,6300,0,0.0254,55.5,0.00041229
136.163,8000,0,0.0254,55.5,0.00041229
134.563,10000,0,0.0254,55.5,0.00041229
131.453,12500,0,0.0254,55.5,0.00041229
125.683,16000,0,0.0254,55.5,0.00041229
121.933,20000,0,0.0254,55.5,0.00041229
124.156,1600,0,0.0254,39.6,0.000428464
130.026,2000,0,0.0254,39.6,0.000428464
131.836,2500,0,0.0254,39.6,0.000428464
133.276,3150,0,0.0254,39.6,0.000428464
135.346,4000,0,0.0254,39.6,0.000428464
136.536,5000,0,0.0254,39.6,0.000428464
136.826,6300,0,0.0254,39.6,0.000428464
135.866,8000,0,0.0254,39.6,0.000428464
133.376,10000,0,0.0254,39.6,0.000428464
129.116,12500,0,0.0254,39.6,0.000428464
124.986,16000,0,0.0254,39.6,0.000428464
125.127,1000,0,0.0254,31.7,0.000439472
127.947,1250,0,0.0254,31.7,0.000439472
129.267,1600,0,0.0254,31.7,0.000439472
130.697,2000,0,0.0254,31.7,0.000439472
132.897,2500,0,0.0254,31.7,0.000439472
135.227,3150,0,0.0254,31.7,0.000439472
137.047,4000,0,0.0254,31.7,0.000439472
138.607,5000,0,0.0254,31.7,0.000439472
138.537,6300,0,0.0254,31.7,0.000439472
137.207,8000,0,0.0254,31.7,0.000439472
134.227,10000,0,0.0254,31.7,0.000439472
128.977,12500,0,0.0254,31.7,0.000439472
125.627,16000,0,0.0254,31.7,0.000439472
128.398,2000,4.8,0.0254,71.3,0.000848633
130.828,2500,4.8,0.0254,71.3,0.000848633
133.378,3150,4.8,0.0254,71.3,0.000848633
134.928,4000,4.8,0.0254,71.3,0.000848633
135.468,5000,4.8,0.0254,71.3,0.000848633
134.498,6300,4.8,0.0254,71.3,0.000848633
131.518,8000,4.8,0.0254,71.3,0.000848633
127.398,10000,4.8,0.0254,71.3,0.000848633
127.688,12500,4.8,0.0254,71.3,0.000848633
124.208,16000,4.8,0.0254,71.3,0.000848633
119.708,20000,4.8,0.0254,71.3,0.000848633
121.474,1600,4.8,0.0254,55.5,0.000873218
125.054,2000,4.8,0.0254,55.5,0.000873218
129.144,2500,4.8,0.0254,55.5,0.000873218
132.354,3150,4.8,0.0254,55.5,0.000873218
133.924,4000,4.8,0.0254,55.5,0.000873218
135.484,5000,4.8,0.0254,55.5,0.000873218
135.164,6300,4.8,0.0254,55.5,0.000873218
132.184,8000,4.8,0.0254,55.5,0.000873218
126.944,10000,4.8,0.0254,55.5,0.000873218
125.094,12500,4.8,0.0254,55.5,0.000873218
124.394,16000,4.8,0.0254,55.5,0.000873218
121.284,20000,4.8,0.0254,55.5,0.000873218
116.366,500,4.8,0.0254,39.6,0.000907475
118.696,630,4.8,0.0254,39.6,0.000907475
120.766,800,4.8,0.0254,39.6,0.000907475
122.956,1000,4.8,0.0254,39.6,0.000907475
125.026,1250,4.8,0.0254,39.6,0.000907475
125.966,1600,4.8,0.0254,39.6,0.000907475
128.916,2000,4.8,0.0254,39.6,0.000907475
131.236,2500,4.8,0.0254,39.6,0.000907475
133.436,3150,4.8,0.0254,39.6,0.000907475
134.996,4000,4.8,0.0254,39.6,0.000907475
135.426,5000,4.8,0.0254,39.6,0.000907475
134.336,6300,4.8,0.0254,39.6,0.000907475
131.346,8000,4.8,0.0254,39.6,0.000907475
126.066,10000,4.8,0.0254,39.6,0.000907475
116.128,500,4.8,0.0254,31.7,0.000930789
120.078,630,4.8,0.0254,31.7,0.000930789
122.648,800,4.8,0.0254,31.7,0.000930789
125.348,1000,4.8,0.0254,31.7,0.000930789
127.408,1250,4.8,0.0254,31.7,0.000930789
128.718,1600,4.8,0.0254,31.7,0.000930789
130.148,2000,4.8,0.0254,31.7,0.000930789
132.588,2500,4.8,0.0254,31.7,0.000930789
134.268,3150,4.8,0.0254,31.7,0.000930789
135.328,4000,4.8,0.0254,31.7,0.000930789
135.248,5000,4.8,0.0254,31.7,0.000930789
132.898,6300,4.8,0.0254,31.7,0.000930789
127.008,8000,4.8,0.0254,31.7,0.000930789
125.726,630,9.5,0.0254,71.3,0.00420654
127.206,800,9.5,0.0254,71.3,0.00420654
129.556,1000,9.5,0.0254,71.3,0.00420654
131.656,1250,9.5,0.0254,71.3,0.00420654
133.756,1600,9.5,0.0254,71.3,0.00420654
134.976,2000,9.5,0.0254,71.3,0.00420654
135.956,2500,9.5,0.0254,71.3,0.00420654
136.166,3150,9.5,0.0254,71.3,0.00420654
134.236,4000,9.5,0.0254,71.3,0.00420654
131.186,5000,9.5,0.0254,71.3,0.00420654
127.246,6300,9.5,0.0254,71.3,0.00420654
120.952,400,9.5,0.0254,55.5,0.0043284
123.082,500,9.5,0.0254,55.5,0.0043284
125.452,630,9.5,0.0254,55.5,0.0043284
128.082,800,9.5,0.0254,55.5,0.0043284
130.332,1000,9.5,0.0254,55.5,0.0043284
132.202,1250,9.5,0.0254,55.5,0.0043284
133.062,1600,9.5,0.0254,55.5,0.0043284
134.052,2000,9.5,0.0254,55.5,0.0043284
134.152,2500,9.5,0.0254,55.5,0.0043284
133.252,3150,9.5,0.0254,55.5,0.0043284
131.582,4000,9.5,0.0254,55.5,0.0043284
128.412,5000,9.5,0.0254,55.5,0.0043284
124.222,6300,9.5,0.0254,55.5,0.0043284
116.074,200,9.5,0.0254,39.6,0.00449821
116.924,250,9.5,0.0254,39.6,0.00449821
119.294,315,9.5,0.0254,39.6,0.00449821
121.154,400,9.5,0.0254,39.6,0.00449821
123.894,500,9.5,0.0254,39.6,0.00449821
126.514,630,9.5,0.0254,39.6,0.00449821
129.014,800,9.5,0.0254,39.6,0.00449821
130.374,1000,9.5,0.0254,39.6,0.00449821
130.964,1250,9.5,0.0254,39.6,0.00449821
131.184,1600,9.5,0.0254,39.6,0.00449821
131.274,2000,9.5,0.0254,39.6,0.00449821
131.234,2500,9.5,0.0254,39.6,0.00449821
129.934,3150,9.5,0.0254,39.6,0.00449821
127.864,4000,9.5,0.0254,39.6,0.00449821
125.044,5000,9.5,0.0254,39.6,0.00449821
120.324,6300,9.5,0.0254,39.6,0.00449821
119.146,200,9.5,0.0254,31.7,0.00461377
120.136,250,9.5,0.0254,31.7,0.00461377
122.766,315,9.5,0.0254,31.7,0.00461377
124.756,400,9.5,0.0254,31.7,0.00461377
126.886,500,9.5,0.0254,31.7,0.00461377
129.006,630,9.5,0.0254,31.7,0.00461377
130.746,800,9.5,0.0254,31.7,0.00461377
131.346,1000,9.5,0.0254,31.7,0.00461377
131.446,1250,9.5,0.0254,31.7,0.00461377
131.036,1600,9.5,0.0254,31.7,0.00461377
130.496,2000,9.5,0.0254,31.7,0.00461377
130.086,2500,9.5,0.0254,31.7,0.00461377
128.536,3150,9.5,0.0254,31.7,0.00461377
126.736,4000,9.5,0.0254,31.7,0.00461377
124.426,5000,9.5,0.0254,31.7,0.00461377
120.726,6300,9.5,0.0254,31.7,0.00461377
119.698,250,12.7,0.0254,71.3,0.0121808
122.938,315,12.7,0.0254,71.3,0.0121808
125.048,400,12.7,0.0254,71.3,0.0121808
126.898,500,12.7,0.0254,71.3,0.0121808
128.878,630,12.7,0.0254,71.3,0.0121808
130.348,800,12.7,0.0254,71.3,0.0121808
131.698,1000,12.7,0.0254,71.3,0.0121808
133.048,1250,12.7,0.0254,71.3,0.0121808
134.528,1600,12.7,0.0254,71.3,0.0121808
134.228,2000,12.7,0.0254,71.3,0.0121808
134.058,2500,12.7,0.0254,71.3,0.0121808
133.758,3150,12.7,0.0254,71.3,0.0121808
131.808,4000,12.7,0.0254,71.3,0.0121808
128.978,5000,12.7,0.0254,71.3,0.0121808
125.398,6300,12.7,0.0254,71.3,0.0121808
120.538,8000,12.7,0.0254,71.3,0.0121808
114.418,10000,12.7,0.0254,71.3,0.0121808
121.547,250,12.7,0.0254,39.6,0.0130253
123.537,315,12.7,0.0254,39.6,0.0130253
125.527,400,12.7,0.0254,39.6,0.0130253
127.127,500,12.7,0.0254,39.6,0.0130253
128.867,630,12.7,0.0254,39.6,0.0130253
130.217,800,12.7,0.0254,39.6,0.0130253
130.947,1000,12.7,0.0254,39.6,0.0130253
130.777,1250,12.7,0.0254,39.6,0.0130253
129.977,1600,12.7,0.0254,39.6,0.0130253
129.567,2000,12.7,0.0254,39.6,0.0130253
129.027,2500,12.7,0.0254,39.6,0.0130253
127.847,3150,12.7,0.0254,39.6,0.0130253
126.537,4000,12.7,0.0254,39.6,0.0130253
125.107,5000,12.7,0.0254,39.6,0.0130253
123.177,6300,12.7,0.0254,39.6,0.0130253
120.607,8000,12.7,0.0254,39.6,0.0130253
116.017,10000,12.7,0.0254,39.6,0.0130253
112.506,200,17.4,0.0254,71.3,0.016104
113.796,250,17.4,0.0254,71.3,0.016104
115.846,315,17.4,0.0254,71.3,0.016104
117.396,400,17.4,0.0254,71.3,0.016104
119.806,500,17.4,0.0254,71.3,0.016104
122.606,630,17.4,0.0254,71.3,0.016104
124.276,800,17.4,0.0254,71.3,0.016104
125.816,1000,17.4,0.0254,71.3,0.016104
126.356,1250,17.4,0.0254,71.3,0.016104
126.406,1600,17.4,0.0254,71.3,0.016104
126.826,2000,17.4,0.0254,71.3,0.016104
126.746,2500,17.4,0.0254,71.3,0.016104
126.536,3150,17.4,0.0254,71.3,0.016104
125.586,4000,17.4,0.0254,71.3,0.016104
123.126,5000,17.4,0.0254,71.3,0.016104
119.916,6300,17.4,0.0254,71.3,0.016104
115.466,8000,17.4,0.0254,71.3,0.016104
109.951,200,17.4,0.0254,55.5,0.0165706
110.491,250,17.4,0.0254,55.5,0.0165706
111.911,315,17.4,0.0254,55.5,0.0165706
115.461,400,17.4,0.0254,55.5,0.0165706
119.621,500,17.4,0.0254,55.5,0.0165706
122.411,630,17.4,0.0254,55.5,0.0165706
123.091,800,17.4,0.0254,55.5,0.0165706
126.001,1000,17.4,0.0254,55.5,0.0165706
129.301,1250,17.4,0.0254,55.5,0.0165706
126.471,1600,17.4,0.0254,55.5,0.0165706
125.261,2000,17.4,0.0254,55.5,0.0165706
124.931,2500,17.4,0.0254,55.5,0.0165706
124.101,3150,17.4,0.0254,55.5,0.0165706
121.771,4000,17.4,0.0254,55.5,0.0165706
118.941,5000,17.4,0.0254,55.5,0.0165706
114.861,6300,17.4,0.0254,55.5,0.0165706
114.044,200,17.4,0.0254,39.6,0.0172206
114.714,250,17.4,0.0254,39.6,0.0172206
115.144,315,17.4,0.0254,39.6,0.0172206
115.444,400,17.4,0.0254,39.6,0.0172206
117.514,500,17.4,0.0254,39.6,0.0172206
124.514,630,17.4,0.0254,39.6,0.0172206
135.324,800,17.4,0.0254,39.6,0.0172206
138.274,1000,17.4,0.0254,39.6,0.0172206
131.364,1250,17.4,0.0254,39.6,0.0172206
127.614,1600,17.4,0.0254,39.6,0.0172206
126.644,2000,17.4,0.0254,39.6,0.0172206
124.154,2500,17.4,0.0254,39.6,0.0172206
123.564,3150,17.4,0.0254,39.6,0.0172206
122.724,4000,17.4,0.0254,39.6,0.0172206
119.854,5000,17.4,0.0254,39.6,0.0172206
116.146,200,17.4,0.0254,31.7,0.0176631
116.956,250,17.4,0.0254,31.7,0.0176631
118.416,315,17.4,0.0254,31.7,0.0176631
120.766,400,17.4,0.0254,31.7,0.0176631
127.676,500,17.4,0.0254,31.7,0.0176631
136.886,630,17.4,0.0254,31.7,0.0176631
139.226,800,17.4,0.0254,31.7,0.0176631
131.796,1000,17.4,0.0254,31.7,0.0176631
128.306,1250,17.4,0.0254,31.7,0.0176631
126.846,1600,17.4,0.0254,31.7,0.0176631
124.356,2000,17.4,0.0254,31.7,0.0176631
124.166,2500,17.4,0.0254,31.7,0.0176631
123.466,3150,17.4,0.0254,31.7,0.0176631
121.996,4000,17.4,0.0254,31.7,0.0176631
117.996,5000,17.4,0.0254,31.7,0.0176631
115.857,315,22.2,0.0254,71.3,0.0214178
117.927,400,22.2,0.0254,71.3,0.0214178
117.967,500,22.2,0.0254,71.3,0.0214178
120.657,630,22.2,0.0254,71.3,0.0214178
123.227,800,22.2,0.0254,71.3,0.0214178
134.247,1000,22.2,0.0254,71.3,0.0214178
140.987,1250,22.2,0.0254,71.3,0.0214178
131.817,1600,22.2,0.0254,71.3,0.0214178
127.197,2000,22.2,0.0254,71.3,0.0214178
126.097,2500,22.2,0.0254,71.3,0.0214178
124.127,3150,22.2,0.0254,71.3,0.0214178
123.917,4000,22.2,0.0254,71.3,0.0214178
125.727,5000,22.2,0.0254,71.3,0.0214178
123.127,6300,22.2,0.0254,71.3,0.0214178
121.657,8000,22.2,0.0254,71.3,0.0214178
116.066,200,22.2,0.0254,39.6,0.0229028
117.386,250,22.2,0.0254,39.6,0.0229028
120.716,315,22.2,0.0254,39.6,0.0229028
123.416,400,22.2,0.0254,39.6,0.0229028
129.776,500,22.2,0.0254,39.6,0.0229028
137.026,630,22.2,0.0254,39.6,0.0229028
137.076,800,22.2,0.0254,39.6,0.0229028
128.416,1000,22.2,0.0254,39.6,0.0229028
126.446,1250,22.2,0.0254,39.6,0.0229028
122.216,1600,22.2,0.0254,39.6,0.0229028
121.256,2000,22.2,0.0254,39.6,0.0229028
121.306,2500,22.2,0.0254,39.6,0.0229028
120.856,3150,22.2,0.0254,39.6,0.0229028
119.646,4000,22.2,0.0254,39.6,0.0229028
118.816,5000,22.2,0.0254,39.6,0.0229028
124.155,630,0,0.1016,71.3,0.00121072
126.805,800,0,0.1016,71.3,0.00121072
128.825,1000,0,0.1016,71.3,0.00121072
130.335,1250,0,0.1016,71.3,0.00121072
131.725,1600,0,0.1016,71.3,0.00121072
132.095,2000,0,0.1016,71.3,0.00121072
132.595,2500,0,0.1016,71.3,0.00121072
131.955,3150,0,0.1016,71.3,0.00121072
130.935,4000,0,0.1016,71.3,0.00121072
130.795,5000,0,0.1016,71.3,0.00121072
129.395,6300,0,0.1016,71.3,0.00121072
125.465,8000,0,0.1016,71.3,0.00121072
123.305,10000,0,0.1016,71.3,0.00121072
119.375,12500,0,0.1016,71.3,0.00121072
126.17,630,0,0.1016,55.5,0.00131983
127.92,800,0,0.1016,55.5,0.00131983
129.8,1000,0,0.1016,55.5,0.00131983
131.43,1250,0,0.1016,55.5,0.00131983
132.05,1600,0,0.1016,55.5,0.00131983
132.54,2000,0,0.1016,55.5,0.00131983
133.04,2500,0,0.1016,55.5,0.00131983
131.78,3150,0,0.1016,55.5,0.00131983
129.5,4000,0,0.1016,55.5,0.00131983
128.36,5000,0,0.1016,55.5,0.00131983
127.73,6300,0,0.1016,55.5,0.00131983
124.45,8000,0,0.1016,55.5,0.00131983
121.93,10000,0,0.1016,55.5,0.00131983
119.91,12500,0,0.1016,55.5,0.00131983
125.401,630,0,0.1016,39.6,0.00146332
128.401,800,0,0.1016,39.6,0.00146332
130.781,1000,0,0.1016,39.6,0.00146332
132.271,1250,0,0.1016,39.6,0.00146332
133.261,1600,0,0.1016,39.6,0.00146332
133.251,2000,0,0.1016,39.6,0.00146332
132.611,2500,0,0.1016,39.6,0.00146332
130.961,3150,0,0.1016,39.6,0.00146332
127.801,4000,0,0.1016,39.6,0.00146332
126.021,5000,0,0.1016,39.6,0.00146332
125.631,6300,0,0.1016,39.6,0.00146332
122.341,8000,0,0.1016,39.6,0.00146332
119.561,10000,0,0.1016,39.6,0.00146332
126.413,630,0,0.1016,31.7,0.00150092
129.053,800,0,0.1016,31.7,0.00150092
131.313,1000,0,0.1016,31.7,0.00150092
133.063,1250,0,0.1016,31.7,0.00150092
133.553,1600,0,0.1016,31.7,0.00150092
133.153,2000,0,0.1016,31.7,0.00150092
132.003,2500,0,0.1016,31.7,0.00150092
129.973,3150,0,0.1016,31.7,0.00150092
126.933,4000,0,0.1016,31.7,0.00150092
124.393,5000,0,0.1016,31.7,0.00150092
124.253,6300,0,0.1016,31.7,0.00150092
120.193,8000,0,0.1016,31.7,0.00150092
115.893,10000,0,0.1016,31.7,0.00150092
131.074,800,3.3,0.1016,71.3,0.00202822
131.434,1000,3.3,0.1016,71.3,0.00202822
132.304,1250,3.3,0.1016,71.3,0.00202822
133.664,1600,3.3,0.1016,71.3,0.00202822
134.034,2000,3.3,0.1016,71.3,0.00202822
133.894,2500,3.3,0.1016,71.3,0.00202822
132.114,3150,3.3,0.1016,71.3,0.00202822
128.704,4000,3.3,0.1016,71.3,0.00202822
127.054,5000,3.3,0.1016,71.3,0.00202822
124.904,6300,3.3,0.1016,71.3,0.00202822
121.234,8000,3.3,0.1016,71.3,0.00202822
116.694,10000,3.3,0.1016,71.3,0.00202822
126.599,630,3.3,0.1016,55.5,0.002211
129.119,800,3.3,0.1016,55.5,0.002211
131.129,1000,3.3,0.1016,55.5,0.002211
132.769,1250,3.3,0.1016,55.5,0.002211
133.649,1600,3.3,0.1016,55.5,0.002211
133.649,2000,3.3,0.1016,55.5,0.002211
132.889,2500,3.3,0.1016,55.5,0.002211
130.629,3150,3.3,0.1016,55.5,0.002211
127.229,4000,3.3,0.1016,55.5,0.002211
124.839,5000,3.3,0.1016,55.5,0.002211
123.839,6300,3.3,0.1016,55.5,0.002211
120.569,8000,3.3,0.1016,55.5,0.002211
115.659,10000,3.3,0.1016,55.5,0.002211
127.251,630,3.3,0.1016,39.6,0.00245138
129.991,800,3.3,0.1016,39.6,0.00245138
131.971,1000,3.3,0.1016,39.6,0.00245138
133.211,1250,3.3,0.1016,39.6,0.00245138
133.071,1600,3.3,0.1016,39.6,0.00245138
132.301,2000,3.3,0.1016,39.6,0.00245138
130.791,2500,3.3,0.1016,39.6,0.00245138
128.401,3150,3.3,0.1016,39.6,0.00245138
124.881,4000,3.3,0.1016,39.6,0.00245138
122.371,5000,3.3,0.1016,39.6,0.00245138
120.851,6300,3.3,0.1016,39.6,0.00245138
118.091,8000,3.3,0.1016,39.6,0.00245138
115.321,10000,3.3,0.1016,39.6,0.00245138
128.952,630,3.3,0.1016,31.7,0.00251435
131.362,800,3.3,0.1016,31.7,0.00251435
133.012,1000,3.3,0.1016,31.7,0.00251435
134.022,1250,3.3,0.1016,31.7,0.00251435
133.402,1600,3.3,0.1016,31.7,0.00251435
131.642,2000,3.3,0.1016,31.7,0.00251435
130.392,2500,3.3,0.1016,31.7,0.00251435
128.252,3150,3.3,0.1016,31.7,0.00251435
124.852,4000,3.3,0.1016,31.7,0.00251435
122.082,5000,3.3,0.1016,31.7,0.00251435
120.702,6300,3.3,0.1016,31.7,0.00251435
117.432,8000,3.3,0.1016,31.7,0.00251435
131.448,630,6.7,0.1016,71.3,0.00478288
134.478,800,6.7,0.1016,71.3,0.00478288
136.758,1000,6.7,0.1016,71.3,0.00478288
137.658,1250,6.7,0.1016,71.3,0.00478288
136.678,1600,6.7,0.1016,71.3,0.00478288
134.568,2000,6.7,0.1016,71.3,0.00478288
131.458,2500,6.7,0.1016,71.3,0.00478288
124.458,3150,6.7,0.1016,71.3,0.00478288
129.343,500,6.7,0.1016,55.5,0.0052139
133.023,630,6.7,0.1016,55.5,0.0052139
135.953,800,6.7,0.1016,55.5,0.0052139
137.233,1000,6.7,0.1016,55.5,0.0052139
136.883,1250,6.7,0.1016,55.5,0.0052139
133.653,1600,6.7,0.1016,55.5,0.0052139
129.653,2000,6.7,0.1016,55.5,0.0052139
124.273,2500,6.7,0.1016,55.5,0.0052139
128.295,400,6.7,0.1016,39.6,0.00578076
130.955,500,6.7,0.1016,39.6,0.00578076
133.355,630,6.7,0.1016,39.6,0.00578076
134.625,800,6.7,0.1016,39.6,0.00578076
134.515,1000,6.7,0.1016,39.6,0.00578076
132.395,1250,6.7,0.1016,39.6,0.00578076
127.375,1600,6.7,0.1016,39.6,0.00578076
122.235,2000,6.7,0.1016,39.6,0.00578076
126.266,315,6.7,0.1016,31.7,0.00592927
128.296,400,6.7,0.1016,31.7,0.00592927
130.206,500,6.7,0.1016,31.7,0.00592927
132.116,630,6.7,0.1016,31.7,0.00592927
132.886,800,6.7,0.1016,31.7,0.00592927
131.636,1000,6.7,0.1016,31.7,0.00592927
129.256,1250,6.7,0.1016,31.7,0.00592927
124.346,1600,6.7,0.1016,31.7,0.00592927
120.446,2000,6.7,0.1016,31.7,0.00592927
133.503,200,8.9,0.1016,71.3,0.0103088
134.533,250,8.9,0.1016,71.3,0.0103088
136.583,315,8.9,0.1016,71.3,0.0103088
138.123,400,8.9,0.1016,71.3,0.0103088
138.523,500,8.9,0.1016,71.3,0.0103088
138.423,630,8.9,0.1016,71.3,0.0103088
137.813,800,8.9,0.1016,71.3,0.0103088
135.433,1000,8.9,0.1016,71.3,0.0103088
132.793,1250,8.9,0.1016,71.3,0.0103088
128.763,1600,8.9,0.1016,71.3,0.0103088
124.233,2000,8.9,0.1016,71.3,0.0103088
123.623,2500,8.9,0.1016,71.3,0.0103088
123.263,3150,8.9,0.1016,71.3,0.0103088
120.243,4000,8.9,0.1016,71.3,0.0103088
116.723,5000,8.9,0.1016,71.3,0.0103088
117.253,6300,8.9,0.1016,71.3,0.0103088
133.42,200,8.9,0.1016,39.6,0.0124596
134.34,250,8.9,0.1016,39.6,0.0124596
135.38,315,8.9,0.1016,39.6,0.0124596
135.54,400,8.9,0.1016,39.6,0.0124596
133.79,500,8.9,0.1016,39.6,0.0124596
131.92,630,8.9,0.1016,39.6,0.0124596
130.94,800,8.9,0.1016,39.6,0.0124596
129.58,1000,8.9,0.1016,39.6,0.0124596
127.71,1250,8.9,0.1016,39.6,0.0124596
123.82,1600,8.9,0.1016,39.6,0.0124596
119.04,2000,8.9,0.1016,39.6,0.0124596
119.19,2500,8.9,0.1016,39.6,0.0124596
119.35,3150,8.9,0.1016,39.6,0.0124596
116.22,4000,8.9,0.1016,39.6,0.0124596
113.08,5000,8.9,0.1016,39.6,0.0124596
113.11,6300,8.9,0.1016,39.6,0.0124596
130.588,200,12.3,0.1016,71.3,0.0337792
131.568,250,12.3,0.1016,71.3,0.0337792
137.068,315,12.3,0.1016,71.3,0.0337792
139.428,400,12.3,0.1016,71.3,0.0337792
140.158,500,12.3,0.1016,71.3,0.0337792
135.368,630,12.3,0.1016,71.3,0.0337792
127.318,800,12.3,0.1016,71.3,0.0337792
127.928,1000,12.3,0.1016,71.3,0.0337792
126.648,1250,12.3,0.1016,71.3,0.0337792
124.748,1600,12.3,0.1016,71.3,0.0337792
122.218,2000,12.3,0.1016,71.3,0.0337792
121.318,2500,12.3,0.1016,71.3,0.0337792
120.798,3150,12.3,0.1016,71.3,0.0337792
118.018,4000,12.3,0.1016,71.3,0.0337792
116.108,5000,12.3,0.1016,71.3,0.0337792
113.958,6300,12.3,0.1016,71.3,0.0337792
132.304,200,12.3,0.1016,55.5,0.0368233
133.294,250,12.3,0.1016,55.5,0.0368233
135.674,315,12.3,0.1016,55.5,0.0368233
136.414,400,12.3,0.1016,55.5,0.0368233
133.774,500,12.3,0.1016,55.5,0.0368233
124.244,630,12.3,0.1016,55.5,0.0368233
125.114,800,12.3,0.1016,55.5,0.0368233
125.484,1000,12.3,0.1016,55.5,0.0368233
124.214,1250,12.3,0.1016,55.5,0.0368233
121.824,1600,12.3,0.1016,55.5,0.0368233
118.564,2000,12.3,0.1016,55.5,0.0368233
117.054,2500,12.3,0.1016,55.5,0.0368233
116.914,3150,12.3,0.1016,55.5,0.0368233
114.404,4000,12.3,0.1016,55.5,0.0368233
112.014,5000,12.3,0.1016,55.5,0.0368233
110.124,6300,12.3,0.1016,55.5,0.0368233
128.545,200,12.3,0.1016,39.6,0.0408268
129.675,250,12.3,0.1016,39.6,0.0408268
129.415,315,12.3,0.1016,39.6,0.0408268
128.265,400,12.3,0.1016,39.6,0.0408268
122.205,500,12.3,0.1016,39.6,0.0408268
121.315,630,12.3,0.1016,39.6,0.0408268
122.315,800,12.3,0.1016,39.6,0.0408268
122.435,1000,12.3,0.1016,39.6,0.0408268
121.165,1250,12.3,0.1016,39.6,0.0408268
117.875,1600,12.3,0.1016,39.6,0.0408268
114.085,2000,12.3,0.1016,39.6,0.0408268
113.315,2500,12.3,0.1016,39.6,0.0408268
113.055,3150,12.3,0.1016,39.6,0.0408268
110.905,4000,12.3,0.1016,39.6,0.0408268
108.625,5000,12.3,0.1016,39.6,0.0408268
107.985,6300,12.3,0.1016,39.6,0.0408268
124.987,200,12.3,0.1016,31.7,0.0418756
125.857,250,12.3,0.1016,31.7,0.0418756
124.717,315,12.3,0.1016,31.7,0.0418756
123.207,400,12.3,0.1016,31.7,0.0418756
118.667,500,12.3,0.1016,31.7,0.0418756
119.287,630,12.3,0.1016,31.7,0.0418756
120.037,800,12.3,0.1016,31.7,0.0418756
119.777,1000,12.3,0.1016,31.7,0.0418756
118.767,1250,12.3,0.1016,31.7,0.0418756
114.477,1600,12.3,0.1016,31.7,0.0418756
110.447,2000,12.3,0.1016,31.7,0.0418756
110.317,2500,12.3,0.1016,31.7,0.0418756
110.307,3150,12.3,0.1016,31.7,0.0418756
108.407,4000,12.3,0.1016,31.7,0.0418756
107.147,5000,12.3,0.1016,31.7,0.0418756
107.267,6300,12.3,0.1016,31.7,0.0418756
130.898,200,15.6,0.1016,71.3,0.0437259
132.158,250,15.6,0.1016,71.3,0.0437259
133.808,315,15.6,0.1016,71.3,0.0437259
134.058,400,15.6,0.1016,71.3,0.0437259
130.638,500,15.6,0.1016,71.3,0.0437259
122.288,630,15.6,0.1016,71.3,0.0437259
124.188,800,15.6,0.1016,71.3,0.0437259
124.438,1000,15.6,0.1016,71.3,0.0437259
123.178,1250,15.6,0.1016,71.3,0.0437259
121.528,1600,15.6,0.1016,71.3,0.0437259
119.888,2000,15.6,0.1016,71.3,0.0437259
118.998,2500,15.6,0.1016,71.3,0.0437259
116.468,3150,15.6,0.1016,71.3,0.0437259
113.298,4000,15.6,0.1016,71.3,0.0437259
123.514,200,15.6,0.1016,39.6,0.0528487
124.644,250,15.6,0.1016,39.6,0.0528487
122.754,315,15.6,0.1016,39.6,0.0528487
120.484,400,15.6,0.1016,39.6,0.0528487
115.304,500,15.6,0.1016,39.6,0.0528487
118.084,630,15.6,0.1016,39.6,0.0528487
118.964,800,15.6,0.1016,39.6,0.0528487
119.224,1000,15.6,0.1016,39.6,0.0528487
118.214,1250,15.6,0.1016,39.6,0.0528487
114.554,1600,15.6,0.1016,39.6,0.0528487
110.894,2000,15.6,0.1016,39.6,0.0528487
110.264,2500,15.6,0.1016,39.6,0.0528487
109.254,3150,15.6,0.1016,39.6,0.0528487
106.604,4000,15.6,0.1016,39.6,0.0528487
106.224,5000,15.6,0.1016,39.6,0.0528487
104.204,6300,15.6,0.1016,39.6,0.0528487
