ScaledSoundPressure,Frequency,AngleOfAttack,ChordLength,FreeStreamVelocity,Suction
136.73464276727725,1012,6.790691348345018,0.10106994802772577,71.32378302947092,0.004819332536326102
136.76443387543333,992,6.764929485369547,0.10066539439975612,70.99909948392671,0.0048078049879861275
136.7537357686743,1008,6.651930673084242,0.10306435651916615,71.6453889454243,0.004797308896976491
136.7369915393955,988,6.6869072427652565,0.10171900703392736,71.23655049613832,0.00472367066024331
136.78283134294222,967,6.655546563987612,0.10199436461588483,71.20746776426665,0.004774706080601063
136.75922382673633,988,6.589506166244726,0.1000694884871442,71.2069926349923,0.0047620363451127915
136.74865474681033,1009,6.663124525545485,0.10408548601848357,71.4486193389722,0.004854593460517173
136.76446837984147,970,6.637901136034031,0.10139400583850393,71.50247323215758,0.004872054802171879
136.77135801226714,1003,6.732933923748327,0.10199828970944405,71.26243340325148,0.004932802070285977
136.78458318160045,1002,6.543908524182848,0.10198695058670171,71.3723285352645,0.004765046330261833
136.75158777841585,970,6.695442753454727,0.10171774958767178,71.67384588086917,0.004817382862896098
136.7381329064479,984,6.709283700711386,0.10186300810140889,71.5066030681518,0.0047159120943896255
136.76369506460992,1025,6.799757950120571,0.10137514816735199,71.17486618571813,0.004748483648358401
136.76599822929484,1014,6.714220308309774,0.10135094500097366,71.07752317138974,0.004711445868622264
136.7576878155787,1032,6.70968701360865,0.10121073383221627,70.7971509694928,0.004663405243532596
136.76269003904844,1007,6.5581430630221975,0.10155905573731595,71.26975878652607,0.0046956652774881955
136.75497680696623,976,6.6704386137395195,0.10255332782176826,71.12957460432483,0.004733154919268381
136.7820103514157,1019,6.704368841974443,0.10266212168058945,71.11614332968712,0.004743783782156524
136.76623056656132,983,6.8571192524175775,0.1020011805668453,71.3815023929604,0.004640780217092125
136.77470952279594,971,6.722536412222412,0.10245267992351384,71.30704585963763,0.00480085017891503
136.75692343498582,1003,6.730583286559991,0.1003565884165324,71.1718559982746,0.004738734494967831
136.74627861193144,1031,6.533788719184494,0.10001976384349207,71.57742252258801,0.004893797790981603
136.77010108970492,1021,6.561749849941887,0.10175591508057001,71.41432508687599,0.004976941583806695
136.7309390723637,986,6.684398924788713,0.10348569979733922,71.49836314344394,0.004784201275096088
136.7244368010073,985,6.862790794377213,0.1022384262200195,71.14958157345484,0.004740283480888131
136.75236628310273,1036,6.613177335757565,0.10043243326998257,71.37404988517255,0.004644985049985008
136.95596422208592,630,21.477099206862096,0.0254,38.410225777960534,0.022113678482124026
136.95596422208592,630,20.09417362459268,0.0254,36.134160757142126,0.020604071154328808
136.88738002776802,647,17.330704021735738,0.02440323411691487,31.49299001969285,0.017633158617624985
136.88443886432833,630,17.379242957283182,0.02652492846786851,31.628169961095193,0.01764690468304155
136.95596422208592,630,21.41093132762609,0.0254,38.301324476717944,0.022041449349450508
136.95596422208592,630,22.147318326883514,0.0254,39.51329474632912,0.022845292466119077
136.87864425719025,600,17.423574933541552,0.0254624742886202,31.62519467161839,0.017725115293994273
136.95596422208592,630,18.387707657297565,0.0254,33.32560218596891,0.018741285794154593
136.95596422208592,630,21.775463331794057,0.0254,38.901283400244395,0.022439374004083613
137.6502096044808,630,16.148242767072077,0.03662163542930678,37.53171604987596,0.01658006491551508
136.89895632046367,637,17.455529065179718,0.025515465024161493,31.40573963191254,0.017592681914713783
136.8712600352767,593,17.262198171336415,0.025846485806537926,31.786177307506282,0.01773848889049356
136.8852668515826,595,17.444047257151183,0.02575687888664758,31.692393046675374,0.01769552718700585
136.95596422208592,630,18.018912117635537,0.0254,32.71862619360849,0.018338707046411443
136.88763087427165,607,17.468723287411805,0.025160008256171144,31.26240380858442,0.017664307204400823
137.6502096044808,630,15.459773617759339,0.04279355886196921,40.73917232196825,0.01598439330789265
136.8703030365592,637,17.35569356719822,0.02568493660835091,31.659814217481447,0.01765484534706321
136.87993943495107,558,17.440369587474535,0.025533513783974626,31.634294975430375,0.01769161342184245
136.95596422208592,630,19.236786702547437,0.0254,34.72304478127599,0.019668144017778708
136.95596422208592,630,19.80663898712077,0.0254,35.660926666302935,0.02029019714600348
137.6502096044808,630,11.764520677570026,0.07592041463166635,57.95470366685022,0.012787216990476852
136.90144792942414,650,17.47418163730697,0.02552356911347934,31.621052417543183,0.01778730382773669
136.95596422208592,630,18.58361663485544,0.0254,33.64803571153291,0.018955140850344176
136.88812966908378,622,17.334179950742968,0.024969034301788273,31.803031560527526,0.017651159826194418
137.6502096044808,630,11.859360640971069,0.07507020225388289,57.512861013828896,0.012869273642575708
136.89109445343325,635,17.517609254915314,0.026032970164507355,31.115583731665012,0.017615222576015534
137.0267930835735,627,22.40518911632055,0.024861660802807623,39.7285397886082,0.023130167424132923
137.72095740409296,630,14.026377695566525,0.07222932478179178,59.08149075567978,0.015163055691576301
137.72095740409296,630,16.411867902781136,0.05856208013594566,53.39577349487504,0.01742191762162599
137.0289775231579,625,22.146954405068488,0.024934926530386137,39.446297056055045,0.022995811788427977
137.72095740409296,630,9.243004616927145,0.09963481565339485,70.4824626799556,0.010633597003427102
137.72095740409296,630,16.492882356124333,0.05809792214009968,53.202678895553284,0.017498631608498485
136.95596422208592,630,21.383330072029782,0.0254,38.25589741021569,0.022011319703836345
137.01497548912428,625,22.26978232801333,0.02535580541109481,39.63226717066688,0.02287082672950491
137.72095740409296,630,21.909763050622182,0.0270628613189917,40.29176776656217,0.02262796961349893
137.0083133011996,618,22.180016870840216,0.025256709656648082,39.49425537879255,0.02294592236529955
137.00258160799206,662,22.22453929337736,0.02666845614504483,39.76309782496631,0.02289967866551368
137.03242780582264,660,22.231359613456142,0.026725943998400045,39.39212255736659,0.022896140678391103
137.72095740409296,630,16.14828349017108,0.060072240454809286,54.02401604222381,0.01717232498309884
136.95596422208592,630,20.397438496995125,0.0254,36.633284192971146,0.02093511635264695
137.0348454276168,633,22.085789372752465,0.026259605663461468,39.46389859992962,0.022975605910925484
137.03014580671754,594,22.303519287125027,0.02605759179137888,39.702207696223894,0.02286537146188646
137.00587576348286,634,22.20856385557489,0.025237862413461758,39.46485064455801,0.022980524382809207
137.72095740409296,630,12.888808078209893,0.07874682890529369,61.792840896296724,0.014085871348644767
137.72095740409296,630,12.855761517443401,0.07893616333615133,61.87160600729655,0.014054578988773098
137.0203301388228,649,22.111235561392494,0.024223488706355743,39.780424526888034,0.022957684376754845
137.0339975747037,649,22.16916651663039,0.026264422421775176,39.40673748200363,0.022997945436202268
137.01403424576924,640,22.17718910292345,0.025764636327475172,39.560976192221226,0.02298628904660622
137.00027985408187,624,22.22895445597446,0.0247817981615572,39.462541220995604,0.02276710327000397
137.72095740409296,630,19.458874943314093,0.04110479167815535,46.133358217815285,0.0203071812809096
137.02726583533624,616,22.15333692702061,0.02658218620881065,39.733078379468544,0.0229755170219102
136.95596422208592,630,21.347456844222542,0.0254,38.196856056116275,0.02197216033889018
137.0503906095625,4047,0.07896526039560937,0.024923541634441153,31.745780027798997,0.0005091066461395614
137.06601409727944,4015,0.03844874689217498,0.025858505041073485,32.091372861435154,0.00042051122829052444
137.03289592760103,4034,0.03504566401238936,0.026064434930879617,31.52792332426887,0.0004093015178374639
137.03260769853617,3994,0.028811344456132978,0.024162255992058644,31.78197209498762,0.00048176709849920204
137.03937646684935,4035,0.0,0.026372390045118543,31.57563542918998,0.00043106889319059305
137.04777710050354,3919,0.20295967355118183,0.024135985222427603,31.824824339982005,0.00041025013115364553
137.02901928084881,3992,0.040530811556721995,0.02347573903253311,31.809968830305923,0.0004895190560721229
137.03939147066393,4052,0.0,0.026903185912239478,31.87286147969676,0.0004907517711177088
137.05267147492614,4007,0.07545752889429663,0.02506837494354884,31.426411128470168,0.0005131246827238332
137.03147727202526,3989,0.10698763664974664,0.025477639147556397,31.794620071902276,0.0003946911301355144
137.05685553255535,3991,0.0,0.024747445373773547,31.66386651032701,0.00046390310480120655
137.03088017903613,4002,0.0,0.026035303875685308,31.46897939084838,0.0003926371271064144
137.05298085756877,3973,0.11565892853414872,0.02568844710120147,31.54717905348705,0.0003528135257273928
137.05894189131365,3983,0.0,0.02508783614918448,31.394116970124582,0.0005402671704668853
137.01853781821205,3996,0.003916772864130007,0.02701696969914199,31.578456775629803,0.000393304250238152
137.0284065142264,3990,0.0,0.026780675730105133,31.44113695741966,0.00044543338007479164
137.0468671872174,3984,0.0820136204766115,0.025423576225964802,31.749613446745887,0.0004215353641438434
137.02034736402254,4052,0.090918563614151,0.025692747245203502,32.01635224376552,0.0004841922893207448
137.05424116479895,4044,0.0,0.025761404054662804,31.61658773730328,0.0005168103392409139
137.0715759052815,4001,0.0,0.0272285231060588,31.91624104901189,0.0005299203122444634
137.04008336537768,3973,0.07807904439855007,0.02560650706259008,31.79316067355826,0.00039912041286883573
137.03459862218074,4008,0.010366107474741555,0.0265322384069083,31.823849156251722,0.0004345828168117668
137.03387884631366,4008,0.0,0.026870417816297048,32.128234470270726,0.0005208545605741607
137.0569391360646,4024,0.0,0.025493490380945612,32.02181349531255,0.0003702368697259662
137.0490720871215,3992,0.03136354105790152,0.027160505487437644,31.707393396302354,0.00028502616059578067
137.02322243661843,3997,0.05720552559167397,0.025749320024190694,31.782508006438096,0.00039382650960977843
137.07568014696912,804,22.140918115533495,0.026240371668821982,39.30447419537357,0.02287123531680898
136.98093411495026,773,21.438245039804713,0.0254,38.34627829467859,0.022071265111471824
136.98093411495026,748,20.7370758275344,0.0254,37.192270632817035,0.021305865877819165
137.05099543965386,749,22.2,0.0254,39.6,0.0229028
137.7462070497534,670,12.104155792852703,0.08324235553267849,63.663027170418744,0.013342870530465184
137.05099543965386,717,22.2,0.0254,39.6,0.0229028
137.05914262089587,788,22.162527481167906,0.024190667480989015,39.647272860190526,0.022921904732601042
137.05167610382688,812,22.23055855368987,0.027067548191404344,39.54317217425771,0.02288147394565859
137.09191823013632,782,22.237595825346293,0.024656723746033074,39.438386442818604,0.022956537306619524
137.07366451467558,811,22.230214854596934,0.0258666470775985,39.286061555267096,0.022850911998747555
137.05099543965386,784,22.2,0.0254,39.6,0.0229028
137.7462070497534,649,10.450224576127768,0.09271826220293714,67.60510382983081,0.011776734459530308
137.08216897795478,799,22.319230494919196,0.02446909030025333,39.542800979840464,0.022975718918836787
137.7462070497534,755,18.745127388314156,0.04519408218123769,47.834545999281296,0.01963132137807733
137.7462070497534,630,8.913735090672649,0.10152130722486796,71.26726297937421,0.010321805994882055
136.98093411495026,673,18.63612881153958,0.0254,33.734462002325564,0.019012463361213323
137.07153697161695,792,22.1545339339027,0.02470570664658826,39.55713477378019,0.02284144471970746
137.09793000709868,795,22.208192029141102,0.025424296085681114,39.66800065901754,0.022923881547343435
137.7462070497534,699,14.351645735001835,0.07036575902201955,58.30622783461969,0.015471057623053617
137.08902142693623,760,22.25002735245149,0.026792072025346034,39.691471004998476,0.022890055519455624
137.7462070497534,761,19.226955030478262,0.04243353584041777,46.6861297393864,0.020087572304800242
137.0989254853456,787,22.148700508470323,0.025456672686151812,39.45557470387385,0.02285166171000077
136.98093411495026,769,21.327669334672617,0.0254,38.164289113315355,0.021950560211017524
137.08523489466214,767,22.247149224531025,0.02565694150851325,39.71764269767968,0.022885996377374117
136.98093411495026,722,20.02185135137244,0.0254,36.015130349133806,0.020525123859538787
137.05099543965386,656,22.2,0.0254,39.6,0.0229028
137.2196967617344,7963,0.0,0.024924326093671904,31.69146183340132,0.00034508890187650074
137.2133692851048,7941,0.20328935064318265,0.025986064352353646,31.73097142649534,0.0005275504106789701
137.20182085790483,8003,0.13331452740483976,0.02509024813167226,31.21010795548601,0.00039500747214331295
137.2300417456781,8013,0.13191394274241164,0.026704477460039004,31.80636672278258,0.00038653258411297975
137.20149660742558,8012,0.008528815285637429,0.024513020080271716,31.591172615239564,0.0002761638760428904
137.23704148983998,8011,0.0,0.026063112864408364,31.455474709708508,0.000369863429953297
137.2183541194195,8030,0.11404260840111313,0.025220697773514735,31.774841749870934,0.00047198594616334506
137.19697367603737,7972,0.0074976894640982885,0.025154406270809195,31.448734346307123,0.0004387984835957858
137.22421970316776,7954,0.023705324221212028,0.025173802100228095,31.726587352122948,0.0005727870418722807
137.21550390954727,7976,0.0,0.024443910509632235,31.75659031894103,0.0003835219411593092
137.20745861675576,7966,0.1330072202650467,0.023961185235369067,32.03898953807315,0.0004810691784124029
137.21734717002414,8005,0.0,0.025510825944625434,31.32839505130103,0.0005055132943723763
137.20501538258463,7971,0.12506267216452693,0.02522282155128639,31.65533000343539,0.0003479377100927965
137.19542983980853,8000,0.0,0.024066482014662285,31.504897301272575,0.0005742059103248872
137.21025877678454,7997,0.10059467449898357,0.026530553330031494,31.136369628721948,0.0003761118089941929
137.19135271366946,8017,0.10240853569054408,0.026077828638997942,32.05119542801689,0.0004930243238046474
137.1935370502688,7999,0.08665020145182181,0.026143381490386745,31.929557437487652,0.0005279893903029047
137.19565056859278,8011,0.0,0.025421655293324373,31.55419626663347,0.0004990329236237984
137.20015150042374,8024,0.05261832179389451,0.026275714029011098,31.657337903232996,0.00032273055861695474
137.2038811771822,8052,0.0,0.027191613580882908,31.40110972645183,0.0004064440233572043
137.23627910879,7998,0.003433637091403723,0.02416240745034834,31.743127811588078,0.00043622898558441593
137.22495780089662,7991,0.00837218631258887,0.025241094732847726,32.04203874398642,0.0003537052422042166
137.20871839896955,7967,0.05421619927336154,0.02511791830330554,31.5788631425257,0.0003863382890987674
137.18912239473013,7982,0.044280463692770486,0.02425156980059006,31.69852254429316,0.0004991694584109242
137.23258348564582,7982,0.02291859375518416,0.02661359577117206,31.694569537947103,0.0003264668308503599
137.18896036373204,7950,0.06974285028596491,0.026083184497333156,31.957158329744132,0.0004743178454297382
138.4104211146486,631,8.791790404132078,0.10182452040394965,71.29891005299133,0.010348965805731428
138.42949065914516,628,8.930569290612187,0.10130353089671401,71.33722569943498,0.01033743448139507
138.43681089695517,611,8.943867085843449,0.10086539046038667,70.92133993284938,0.010297401781046359
137.6502096044808,630,13.445058908370079,0.06085488366849412,50.12537261512293,0.014241238438803067
138.39974031473628,624,8.98564870316656,0.10100805817710887,71.32016804661009,0.010154263203899857
138.41370546325777,628,8.838196666439032,0.10080255290083949,71.43138593725135,0.01043443675384802
138.43181199006722,611,8.954718851544266,0.10232257416608422,71.74224862123437,0.010222169513449161
137.6502096044808,630,14.698777525246264,0.04961566500896879,44.284518823558585,0.015325970535755127
137.6502096044808,630,15.009887044120124,0.04682665967506429,42.83511447680506,0.01559514615159678
138.41209732870482,623,8.880799833925598,0.10140397364318575,71.09062715673434,0.010308918606494157
137.72095740409296,630,18.16764788970658,0.04850264893265856,49.210944503481315,0.019084496054358246
137.72095740409296,630,19.232676148435168,0.04240075770595793,46.6724936913237,0.02009298973033026
137.6502096044808,630,17.224059387551858,0.02697725584335864,32.51967626505252,0.01751087411222031
138.39252074427847,622,9.061588597368129,0.10291401229420552,71.22773123052569,0.010287584756468989
138.42425669642998,674,8.890041685114388,0.09997591494170072,71.2595962756493,0.010505602764793578
138.42867496553367,637,8.941763834897392,0.10196457902244889,71.2104360822464,0.010281814097037077
137.72095740409296,630,18.15590217503788,0.048569943929482225,49.23893992866911,0.019073373834017075
137.72095740409296,630,16.430953394115495,0.058452733185593936,53.35028401552924,0.017439990003420343
138.40234264686543,605,8.87089374260807,0.09915019539372484,71.32295958487659,0.010345828093466881
138.4356876312823,657,9.00569020431618,0.10121572493884498,71.02999811420882,0.01042922084239338
137.6502096044808,630,11.666611109504778,0.07679814511243951,58.41084706630715,0.012702504480309528
137.6502096044808,630,17.203639569469335,0.027160313506639597,32.61480859400168,0.017493206645382155
138.40560879026233,614,8.762913875470906,0.10168918594651039,71.41870542721678,0.010330431255638704
137.6502096044808,630,10.6215516452597,0.08616679583896598,63.27959468796657,0.01179830673702746
138.40392296702225,600,8.930995379070803,0.10277979615528145,71.113770477978,0.0103074352462274
138.41051492551728,603,8.826277780025805,0.10243429640852228,70.95969999060517,0.010396524733349729
138.74464821699667,175,7.389377821830347,0.22751450564104103,70.69859348660343,0.010482660750842093
139.28102111528327,233,7.3,0.2286,71.3,0.0104404
138.7743904838386,146,7.492185555193613,0.22914605316156422,70.98611968041199,0.010468796550782327
138.77245512899026,166,7.329089863260231,0.22771365923256276,71.25702547012555,0.010379696332616917
139.09716893125707,269,7.3,0.2286,71.3,0.0104404
138.74916550375048,216,7.317474618707583,0.22871485222542565,71.28295509919174,0.010538721270950385
138.75790557708956,182,7.295798437432871,0.2284179030271833,71.16835635977338,0.010411434338973007
138.76837487045592,257,7.336828137919071,0.23012175895021741,71.45088901909637,0.010434885413742837
138.74470272052585,230,7.311465291829774,0.2294255301819845,71.05548276344271,0.010347010839897558
139.09716893125707,270,7.3,0.2286,71.3,0.0104404
139.09716893125707,200,7.3,0.2286,71.3,0.0104404
138.74445864895856,209,7.385597317693881,0.22803279271002178,71.1160403290434,0.010406355471972507
138.73950899207875,173,7.214910761049475,0.22878570512176194,71.32197364948077,0.010331755200254209
139.28102111528327,287,7.3,0.2286,71.3,0.0104404
138.7560024489815,216,7.311231572631608,0.22782188744128445,71.18620804113658,0.010371295030184854
138.76081094087155,217,7.25534031451417,0.22962180219847161,71.12062070026063,0.010355286312833493
139.28102111528327,246,7.3,0.2286,71.3,0.0104404
138.7430536281631,193,7.294644655055793,0.2256364879195913,71.21120224128254,0.010415790374185463
139.28102111528327,219,7.3,0.2286,71.3,0.0104404
138.75566861395168,197,7.252396854734115,0.22801192500552747,71.25313033096553,0.010450324227614237
139.28102111528327,245,7.3,0.2286,71.3,0.0104404
139.09716893125707,357,7.3,0.2286,71.3,0.0104404
138.7529310413501,186,7.332104060550267,0.2283433708909586,71.38102019727192,0.010416438893210214
139.09716893125707,397,7.3,0.2286,71.3,0.0104404
139.09716893125707,318,7.3,0.2286,71.3,0.0104404
138.7526345266334,196,7.231873576138181,0.22829257590115037,71.32456934457656,0.010441574875869027
139.42661727781106,438,7.156720172296771,0.22778529917870768,71.2409894426562,0.010323955778740191
139.4322914011312,401,7.383638209282462,0.22794044834283578,71.04762840829218,0.01056980359509472
139.43043392081543,413,7.308650398501433,0.22929520033732842,71.33902051508633,0.010437829426362967
139.42842228273736,444,7.142067310749577,0.23002241983847554,71.2943939186844,0.010331704206247622
139.43282422145631,411,7.328429028840289,0.22908646412126948,71.23333163713083,0.010578649403443401
139.43615518087393,393,7.403264057240274,0.23000101615206595,71.19226512062133,0.010596150539957978
139.45044382825546,382,7.370655530088561,0.22868342199249073,71.23505458060964,0.010401667080230397
139.44449467862646,403,7.416835854986709,0.22846366182395383,71.3536354328016,0.010449902737239652
139.4420055500953,370,7.2945987470294655,0.22765531567965383,71.42907484910151,0.0103685143134093
139.43454018174046,379,7.386778543328422,0.22808969638689872,71.29058929762866,0.010505698441107698
139.43427138602792,402,7.37186136980643,0.22993361293395978,71.44218729510675,0.010494911868348611
139.43395103111874,391,7.386724027081676,0.22775013728515775,71.25459478936307,0.010423976644030724
139.43657017435692,409,7.337801006834572,0.22744006792813032,71.2696537997156,0.01033528507569132
139.43922209438634,364,7.436795912104876,0.22851036686129306,71.62731919124067,0.010393985592175518
139.62275487562937,352,7.3,0.2286,71.3,0.0104404
139.45091942850837,410,7.427873414463265,0.22832389735551362,71.27541684772059,0.010441455231150342
139.43716666392766,389,7.376254874390739,0.22837207480380384,71.15906119826424,0.010354256463450257
139.4306217922549,400,7.393809510665646,0.2271709961160218,71.27303373799296,0.010411018129719098
139.44696085869933,386,7.204492977468609,0.22706866797719297,71.35877569697882,0.010660860900804758
139.404654046678,376,7.370027386670953,0.22909168976332342,71.22990661354258,0.010360708004524093
139.42084089804953,390,7.280082961542221,0.22862527773163668,71.40580098299787,0.010302894973970998
139.45935647788951,405,7.209367841893522,0.22904581070313842,71.033588786505,0.010415512008275885
139.62275487562937,393,7.3,0.2286,71.3,0.0104404
139.419142511304,404,7.305655523651204,0.230258621689895,71.11165378037951,0.010348603208354947
139.62275487562937,330,7.3,0.2286,71.3,0.0104404
139.45210366955507,371,7.333365282481117,0.2286301719430487,71.13332553836669,0.010505795509240795
139.805778595209,276,7.397898439024162,0.22834302325625247,71.30656065026108,0.010434406108862648
139.62275487562937,394,7.3,0.2286,71.3,0.0104404
139.82175755958104,288,7.327864628127174,0.2291188852843971,71.44749361487521,0.010332380176793785
139.79842876327518,311,7.2900041604749495,0.22957364714666764,71.42336181633291,0.010439741976418487
139.62275487562937,389,7.3,0.2286,71.3,0.0104404
139.81209196054402,293,7.334691912628573,0.22943274507282393,71.49993431882176,0.010363405742567392
139.28102111528327,243,7.3,0.2286,71.3,0.0104404
139.62275487562937,346,7.3,0.2286,71.3,0.0104404
139.28102111528327,276,7.3,0.2286,71.3,0.0104404
139.8345274210421,261,7.279076796712894,0.22764597215154514,71.39113450734374,0.010539627615361043
139.8331349094662,288,7.161048242690411,0.22783226695382516,71.2473492923078,0.010399520107987167
139.79914223661163,290,7.266674612310032,0.22868965861834803,71.07907158034516,0.010463889893001805
139.8068655106334,298,7.338662270061547,0.22944433624141086,71.34691277755167,0.010407890971007359
139.80087618106535,344,7.458317247719322,0.22848179268378804,71.22811832520966,0.01045166245182479
139.62275487562937,382,7.3,0.2286,71.3,0.0104404
139.8222679625631,295,7.174553633802219,0.2264206021744623,71.50425578937514,0.010458620906949932
139.80433570725015,306,7.228814662862307,0.22849730632365592,71.52961587468114,0.01054932826862751
139.28102111528327,292,7.3,0.2286,71.3,0.0104404
139.28102111528327,312,7.3,0.2286,71.3,0.0104404
139.84167466541865,303,7.22003174259082,0.22761172319234038,71.09358030281119,0.010449090084201397
139.62275487562937,316,7.3,0.2286,71.3,0.0104404
139.28102111528327,228,7.3,0.2286,71.3,0.0104404
139.77690587531546,280,7.269696145900576,0.2300831406502638,71.32703732982203,0.010304701797838111
139.79372545354528,326,7.18860267994095,0.23095198892186883,71.5736043330004,0.010464635221246306
139.62275359131516,397,7.3,0.2286,71.3,0.0104404
139.80234745826718,325,7.196481875520043,0.22711485301976736,71.46863188042904,0.010443222376809072
140.97488067521692,1247,22.085081481704286,0.025853147926133628,71.00883953695276,0.02135711132650545
140.99003248333426,1265,22.147789617545794,0.026096672594963333,71.22919712546772,0.021427476515567943
140.9705894443347,1225,22.136312590016406,0.02319897142789362,71.10745403092042,0.021413332678837434
140.97153639625236,1230,22.074549208135448,0.02441748756739091,71.40975536825206,0.02148191305864883
140.95973526578882,1226,22.115631321674197,0.024581311528533205,71.32950689911756,0.021391965628394457
138.840128859666,1217,20.212501673818295,0.03517079822290618,71.3,0.019284775764118287
140.98274032501075,1261,22.276393388942232,0.024389175969832103,71.33060649417361,0.02140286795096006
140.9765408928123,1258,22.115522122886077,0.02627340673351716,71.6095750314397,0.021293798973978588
140.9936697655268,1228,22.17515628525143,0.02585221014684375,71.39212645452015,0.021358793542427826
140.97867478657736,1223,22.26760441112292,0.02502732995306726,71.38328946940631,0.021379037173621163
140.97695020398777,1203,22.269685527059966,0.024867918315021522,71.459539320285,0.02129485358067385
138.84012493799563,1153,16.21411460060349,0.05482738499574283,71.3,0.014993624209798133
140.9855009551852,1231,22.246865216756312,0.02556115288233484,71.60366695821445,0.021492600007190173
141.00129577331995,1255,22.18610049710739,0.025179947480264683,71.2057223210402,0.021454942890579188
140.95285947012238,1268,22.225629639444392,0.025314685682642106,70.86639438408706,0.021473989836949807
140.97155137413563,1273,22.147946272600013,0.02466017499655729,71.1265865566926,0.02135186961312646
140.99153813301356,1256,22.1134505196716,0.024179036966390958,71.17459240332504,0.02151667433186385
140.98012215984872,1264,22.13275110331351,0.026155926251772075,71.43631097803541,0.021296046452324403
140.9987040393161,1233,22.177595170045368,0.02575013574560749,71.36055641297887,0.021355846693270647
140.9955263235124,1232,22.309425731610858,0.02630345678807639,71.2934602510325,0.02143843342246757
140.97996364092347,1205,22.1586823508745,0.026597005999353152,71.35040098038513,0.02143145275431017
140.98780186076613,1230,22.02258195001777,0.024317144254640252,71.13784183187161,0.021445955398152063
138.840119701165,1028,8.459588084044544,0.09294963793521327,71.3,0.006671306258776405
140.9854646507889,1244,22.30225158233936,0.0266798935010841,71.11214673475278,0.02124312095975912
140.97285883992765,1254,22.304508368119503,0.02594759583159628,71.2160944873112,0.021380216264241712
140.9953905355371,1276,22.249247728601002,0.026235895539650774,71.38298398757624,0.021471707198082585
137.05210318954835,3969,0.016059037071326183,0.025985789261095755,31.687839132086033,0.0004163395297460241
139.42534292053247,387,7.269637473601052,0.2280828577829052,71.41961193016088,0.010436756235820877
136.7761777235838,1006,6.751098032270037,0.10191778266339703,71.21254999920589,0.004786903100676371
117.741,4000,1.5,0.3048,39.6,0.00392107
120.657,630,22.2,0.0254,71.3,0.0214178
129.343,500,6.7,0.1016,55.5,0.0052139
126.59,8000,0.0,0.0508,31.7,0.000812164
133.436,3150,4.8,0.0254,39.6,0.000907475
111.911,315,17.4,0.0254,55.5,0.016570599999999998
129.969,1000,4.0,0.2286,39.6,0.00473801
118.619,1250,9.9,0.1524,31.7,0.0252785
123.917,4000,22.2,0.0254,71.3,0.0214178
129.004,1000,3.0,0.3048,71.3,0.00425727
108.689,6300,9.9,0.1524,31.7,0.0252785
125.398,6300,12.7,0.0254,71.3,0.0121808
125.724,1250,7.3,0.2286,55.5,0.0111706
135.54,400,8.9,0.1016,39.6,0.0124596
110.447,2000,12.3,0.1016,31.7,0.0418756
127.634,1250,3.0,0.3048,71.3,0.00425727
124.756,400,9.5,0.0254,31.7,0.00461377
129.977,1600,12.7,0.0254,39.6,0.013025299999999998
128.518,8000,0.0,0.0508,39.6,0.000791822
125.797,1600,2.0,0.2286,31.7,0.00372371
128.252,3150,3.3,0.1016,31.7,0.00251435
130.964,1250,9.5,0.0254,39.6,0.00449821
126.675,500,0.0,0.2286,31.7,0.0027238
131.236,2500,4.8,0.0254,39.6,0.000907475
126.537,4000,12.7,0.0254,39.6,0.013025299999999998
125.499,1250,0.0,0.3048,39.6,0.00310138
129.095,630,0.0,0.3048,31.7,0.00331266
128.707,2000,5.4,0.1524,55.5,0.00433288
128.809,315,9.9,0.1524,31.7,0.0252785
123.761,1600,5.4,0.1524,31.7,0.00525474
130.0,1250,15.4,0.0508,55.5,0.0271925
121.664,500,12.6,0.1524,71.3,0.0483159
131.446,1250,9.5,0.0254,31.7,0.00461377
135.866,8000,0.0,0.0254,39.6,0.000428464
114.044,200,17.4,0.0254,39.6,0.0172206
129.377,3150,0.0,0.1524,71.3,0.0015988
121.547,250,12.7,0.0254,39.6,0.013025299999999998
128.713,315,7.2,0.1524,71.3,0.00752039
113.11,6300,8.9,0.1016,39.6,0.0124596
132.757,800,5.4,0.1524,39.6,0.00485029
129.468,1600,4.0,0.2286,71.3,0.00400603
122.232,4000,2.0,0.2286,55.5,0.00313525
121.118,5000,4.0,0.2286,71.3,0.00400603
129.256,1250,6.7,0.1016,31.7,0.00592927
127.408,1250,4.8,0.0254,31.7,0.000930789
110.689,6300,7.3,0.2286,31.7,0.0132672
133.241,1600,5.4,0.1524,71.3,0.00401199
131.836,2500,0.0,0.0254,39.6,0.000428464
127.197,2000,22.2,0.0254,71.3,0.0214178
112.014,5000,12.3,0.1016,55.5,0.0368233
114.042,6300,3.0,0.3048,39.6,0.00495741
114.079,4000,7.3,0.2286,39.6,0.0123481
135.328,4000,4.8,0.0254,31.7,0.000930789
125.348,1000,4.8,0.0254,31.7,0.000930789
121.944,6300,2.7,0.1524,71.3,0.00243851
126.066,10000,4.8,0.0254,39.6,0.000907475
125.809,630,2.7,0.1524,39.6,0.00294804
121.775,3150,4.0,0.3048,71.3,0.00497773
126.457,5000,0.0,0.1524,71.3,0.0015988
138.75799999999998,200,7.3,0.2286,71.3,0.0104404
126.805,400,15.4,0.0508,71.3,0.0264269
110.224,10000,3.0,0.3048,71.3,0.00425727
131.80700000000002,4000,4.2,0.0508,39.6,0.00152689
118.441,3150,5.3,0.2286,39.6,0.00614329
128.412,5000,9.5,0.0254,55.5,0.0043284
133.774,500,12.3,0.1016,55.5,0.0368233
130.217,800,12.7,0.0254,39.6,0.013025299999999998
134.11,4000,0.0,0.0508,31.7,0.000812164
121.851,315,1.5,0.3048,39.6,0.00392107
126.349,1000,9.9,0.1524,71.3,0.0193001
120.264,4000,3.0,0.3048,71.3,0.00425727
131.56799999999998,250,12.3,0.1016,71.3,0.033779199999999995
129.864,315,19.7,0.0508,39.6,0.036484
130.123,400,7.2,0.1524,71.3,0.00752039
119.135,3150,0.0,0.3048,31.7,0.00331266
121.617,500,0.0,0.1524,31.7,0.00209405
127.011,250,5.3,0.2286,39.6,0.00614329
126.826,2000,17.4,0.0254,71.3,0.016104
120.779,2000,9.9,0.1524,71.3,0.0193001
125.715,3150,15.4,0.0508,71.3,0.0264269
136.886,630,17.4,0.0254,31.7,0.017663099999999998
123.74,2500,5.3,0.2286,71.3,0.0051942
132.395,1250,6.7,0.1016,39.6,0.00578076
112.039,6300,9.9,0.1524,71.3,0.0193001
124.835,250,15.4,0.0508,71.3,0.0264269
127.864,4000,9.5,0.0254,39.6,0.00449821
119.54,315,0.0,0.2286,55.5,0.00229336
123.46,3150,15.4,0.0508,55.5,0.0271925
129.934,3150,9.5,0.0254,39.6,0.00449821
126.189,630,7.3,0.2286,31.7,0.0132672
130.748,800,7.3,0.2286,71.3,0.0104404
116.411,6300,5.4,0.1524,71.3,0.00401199
132.595,2500,0.0,0.1016,71.3,0.00121072
128.241,1000,5.4,0.1524,31.7,0.00525474
117.504,2000,12.6,0.1524,71.3,0.0483159
133.808,315,15.6,0.1016,71.3,0.0437259
120.786,6300,2.0,0.2286,71.3,0.00293031
111.135,5000,9.9,0.1524,39.6,0.0233328
134.556,5000,0.0,0.0508,55.5,0.00076193
123.705,400,15.4,0.0508,31.7,0.0289853
134.498,6300,4.8,0.0254,71.3,0.000848633
119.975,200,15.4,0.0508,31.7,0.0289853
125.045,400,0.0,0.3048,31.7,0.00331266
116.92,6300,5.3,0.2286,71.3,0.0051942
130.558,315,7.2,0.1524,39.6,0.00909175
118.134,5000,3.0,0.3048,71.3,0.00425727
121.635,1250,9.9,0.1524,55.5,0.0208438
125.01,200,11.2,0.0508,39.6,0.015047799999999997
121.582,400,8.4,0.0508,55.5,0.00544854
119.319,250,0.0,0.3048,39.6,0.00310138
124.214,1250,12.3,0.1016,55.5,0.0368233
129.144,2500,4.8,0.0254,55.5,0.000873218
116.659,8000,2.7,0.1524,39.6,0.00294804
131.542,2500,8.4,0.0508,55.5,0.00544854
120.484,400,15.6,0.1016,39.6,0.0528487
131.31,2500,0.0,0.0508,71.3,0.000740478
122.101,2000,1.5,0.3048,39.6,0.00392107
121.499,5000,2.7,0.1524,39.6,0.00294804
130.049,1600,2.7,0.1524,39.6,0.00294804
125.625,1600,0.0,0.2286,31.7,0.0027238
132.769,1250,3.3,0.1016,55.5,0.002211
130.638,500,15.6,0.1016,71.3,0.0437259
124.318,1600,4.2,0.0508,71.3,0.00142788
131.184,1600,9.5,0.0254,39.6,0.00449821
115.659,10000,3.3,0.1016,55.5,0.002211
132.35399999999998,3150,4.8,0.0254,55.5,0.000873218
132.127,1000,5.4,0.1524,55.5,0.00433288
129.575,400,4.0,0.3048,71.3,0.00497773
131.01,1600,0.0,0.0508,31.7,0.000812164
128.952,630,3.3,0.1016,31.7,0.00251435
131.234,2500,9.5,0.0254,39.6,0.00449821
132.149,315,7.3,0.2286,39.6,0.0123481
119.209,6300,2.7,0.1524,39.6,0.00294804
126.406,1600,17.4,0.0254,71.3,0.016104
112.251,8000,1.5,0.3048,39.6,0.00392107
130.114,2000,2.7,0.1524,71.3,0.00243851
122.905,500,8.4,0.0508,39.6,0.00566229
113.334,3150,12.6,0.1524,71.3,0.0483159
123.894,500,9.5,0.0254,39.6,0.00449821
130.614,400,19.7,0.0508,39.6,0.036484
124.692,500,2.0,0.2286,55.5,0.00313525
132.513,1250,7.2,0.1524,71.3,0.00752039
117.604,1600,19.7,0.0508,39.6,0.036484
108.265,10000,0.0,0.3048,31.7,0.00331266
126.267,1600,5.4,0.1524,39.6,0.00485029
112.699,6300,4.0,0.2286,31.7,0.00509068
120.575,1600,19.7,0.0508,71.3,0.034118300000000004
133.261,1600,0.0,0.1016,39.6,0.00146332
127.315,200,9.9,0.1524,39.6,0.0233328
124.101,3150,17.4,0.0254,55.5,0.016570599999999998
129.30100000000002,1250,17.4,0.0254,55.5,0.016570599999999998
107.284,6300,12.6,0.1524,71.3,0.0483159
125.539,800,9.9,0.1524,31.7,0.0252785
124.355,1250,0.0,0.3048,31.7,0.00331266
123.118,315,3.0,0.3048,31.7,0.00529514
133.311,2000,11.2,0.0508,71.3,0.014072
131.06,2000,0.0,0.0508,71.3,0.000740478
119.875,1600,9.9,0.1524,55.5,0.0208438
123.742,3150,2.0,0.2286,55.5,0.00313525
117.624,12500,0.0,0.2286,71.3,0.00214345
110.364,16000,2.7,0.1524,71.3,0.00243851
120.136,250,9.5,0.0254,31.7,0.00461377
130.715,500,4.0,0.3048,71.3,0.00497773
122.175,5000,0.0,0.2286,39.6,0.00253511
128.244,2000,0.0,0.2286,71.3,0.00214345
131.453,12500,0.0,0.0254,55.5,0.00041229
129.681,500,5.4,0.1524,31.7,0.00525474
129.94899999999998,800,3.0,0.3048,55.5,0.00452492
130.033,1000,0.0,0.1524,39.6,0.00193287
130.67,400,11.2,0.0508,39.6,0.015047799999999997
124.156,1600,0.0,0.0254,39.6,0.000428464
110.894,2000,15.6,0.1016,39.6,0.0528487
130.197,1600,4.2,0.0508,39.6,0.00152689
118.291,3150,5.4,0.1524,31.7,0.00525474
128.398,2000,4.8,0.0254,71.3,0.000848633
119.294,315,9.5,0.0254,39.6,0.00449821
127.815,500,9.9,0.1524,55.5,0.0208438
110.78,1600,12.6,0.1524,39.6,0.05841130000000001
112.675,8000,15.4,0.0508,71.3,0.0264269
122.966,500,8.4,0.0508,31.7,0.00580776
126.299,800,7.3,0.2286,39.6,0.0123481
107.147,5000,12.3,0.1016,31.7,0.0418756
127.73,6300,0.0,0.1016,55.5,0.00131983
122.439,2500,3.0,0.3048,55.5,0.00452492
125.728,1600,7.3,0.2286,71.3,0.0104404
135.484,5000,4.8,0.0254,55.5,0.000873218
135.42600000000002,5000,4.8,0.0254,39.6,0.000907475
115.863,4000,4.0,0.3048,39.6,0.00579636
130.05,1250,11.2,0.0508,39.6,0.015047799999999997
118.904,1000,19.7,0.0508,39.6,0.036484
124.001,400,1.5,0.3048,39.6,0.00392107
121.789,1600,9.9,0.1524,71.3,0.0193001
128.345,400,9.9,0.1524,39.6,0.0233328
124.717,315,12.3,0.1016,31.7,0.0418756
117.386,250,22.2,0.0254,39.6,0.0229028
108.034,5000,12.6,0.1524,71.3,0.0483159
121.528,1600,15.6,0.1016,71.3,0.0437259
114.714,250,17.4,0.0254,39.6,0.0172206
121.225,250,15.4,0.0508,31.7,0.0289853
131.708,1000,4.0,0.2286,71.3,0.00400603
127.117,1250,5.4,0.1524,39.6,0.00485029
124.987,200,12.3,0.1016,31.7,0.0418756
123.537,315,12.7,0.0254,39.6,0.013025299999999998
112.241,12500,0.0,0.3048,71.3,0.00266337
121.762,4000,1.5,0.3048,71.3,0.00336729
120.154,1250,12.6,0.1524,71.3,0.0483159
131.44799999999998,630,6.7,0.1016,71.3,0.00478288
131.80700000000002,630,5.4,0.1524,55.5,0.00433288
124.166,2500,17.4,0.0254,31.7,0.017663099999999998
122.394,3150,4.0,0.2286,55.5,0.0042862
109.619,12500,0.0,0.3048,39.6,0.00310138
128.454,500,3.0,0.3048,71.3,0.00425727
109.52,2000,12.6,0.1524,39.6,0.05841130000000001
120.015,400,8.4,0.0508,39.6,0.00566229
121.397,2500,2.0,0.2286,39.6,0.00346574
128.265,400,12.3,0.1016,39.6,0.0408268
112.848,8000,4.0,0.2286,71.3,0.00400603
129.55200000000002,800,3.0,0.3048,39.6,0.00495741
133.611,630,11.2,0.0508,71.3,0.014072
131.313,1000,0.0,0.1016,31.7,0.00150092
128.916,2000,4.8,0.0254,39.6,0.000907475
123.82,1600,8.9,0.1016,39.6,0.0124596
129.006,630,9.5,0.0254,31.7,0.00461377
119.253,10000,0.0,0.1524,55.5,0.00172668
135.674,315,12.3,0.1016,55.5,0.0368233
115.137,6300,2.0,0.2286,31.7,0.00372371
130.299,500,7.3,0.2286,39.6,0.0123481
116.956,250,17.4,0.0254,31.7,0.017663099999999998
115.321,10000,3.3,0.1016,39.6,0.00245138
120.726,6300,9.5,0.0254,31.7,0.00461377
114.453,5000,15.4,0.0508,39.6,0.0282593
140.987,1250,22.2,0.0254,71.3,0.0214178
124.644,250,15.6,0.1016,39.6,0.0528487
129.516,1000,8.4,0.0508,31.7,0.00580776
115.144,315,17.4,0.0254,39.6,0.0172206
119.159,4000,4.0,0.2286,39.6,0.00473801
122.435,1000,12.3,0.1016,39.6,0.0408268
133.376,10000,0.0,0.0254,39.6,0.000428464
136.10299999999998,6300,0.0,0.0254,55.5,0.00041229
122.375,2000,0.0,0.3048,31.7,0.00331266
122.938,315,12.7,0.0254,71.3,0.0121808
115.52,4000,11.2,0.0508,39.6,0.015047799999999997
123.445,3150,0.0,0.2286,31.7,0.0027238
119.208,4000,7.3,0.2286,71.3,0.0104404
133.79,800,11.2,0.0508,39.6,0.015047799999999997
118.964,800,15.6,0.1016,39.6,0.0528487
130.845,1250,15.4,0.0508,71.3,0.0264269
113.076,10000,0.0,0.3048,55.5,0.00283081
112.065,5000,9.9,0.1524,55.5,0.0208438
129.776,500,22.2,0.0254,39.6,0.0229028
127.625,2500,15.4,0.0508,71.3,0.0264269
127.141,3150,11.2,0.0508,71.3,0.014072
128.939,500,4.0,0.2286,31.7,0.00509068
132.158,250,15.6,0.1016,71.3,0.0437259
131.966,3150,8.4,0.0508,71.3,0.00529514
119.111,3150,1.5,0.3048,39.6,0.00392107
119.04,2000,8.9,0.1016,39.6,0.0124596
124.852,4000,3.3,0.1016,31.7,0.00251435
129.002,1000,2.0,0.2286,55.5,0.00313525
129.946,1000,8.4,0.0508,71.3,0.00529514
109.222,12500,1.5,0.3048,71.3,0.00336729
129.63299999999998,2000,0.0,0.1524,39.6,0.00193287
134.56799999999998,2000,6.7,0.1016,71.3,0.00478288
114.085,2000,12.3,0.1016,39.6,0.0408268
125.201,3150,0.0,0.3048,71.3,0.00266337
130.311,500,11.2,0.0508,71.3,0.014072
133.72799999999998,3150,4.2,0.0508,71.3,0.00142788
134.236,4000,9.5,0.0254,71.3,0.00420654
126.045,630,8.4,0.0508,39.6,0.00566229
123.565,400,0.0,0.2286,39.6,0.00253511
133.768,630,7.3,0.2286,71.3,0.0104404
124.493,315,15.4,0.0508,39.6,0.0282593
130.869,800,4.0,0.2286,31.7,0.00509068
110.124,6300,12.3,0.1016,55.5,0.0368233
136.75799999999998,1000,6.7,0.1016,71.3,0.00478288
121.66,400,0.0,0.2286,55.5,0.00229336
131.518,8000,4.8,0.0254,71.3,0.000848633
120.766,400,17.4,0.0254,31.7,0.017663099999999998
118.618,6300,4.0,0.2286,71.3,0.00400603
108.684,4000,19.7,0.0508,39.6,0.036484
118.667,500,12.3,0.1016,31.7,0.0418756
115.298,5000,7.3,0.2286,71.3,0.0104404
121.301,5000,0.0,0.3048,71.3,0.00266337
132.357,630,5.4,0.1524,39.6,0.00485029
126.863,2500,0.0,0.1524,39.6,0.00193287
121.657,8000,22.2,0.0254,71.3,0.0214178
130.965,1600,8.4,0.0508,39.6,0.00566229
130.787,10000,0.0,0.0254,71.3,0.000400682
134.111,1250,5.4,0.1524,71.3,0.00401199
131.69799999999998,1000,12.7,0.0254,71.3,0.0121808
111.029,5000,7.3,0.2286,31.7,0.0132672
120.952,400,9.5,0.0254,55.5,0.0043284
133.75799999999998,3150,12.7,0.0254,71.3,0.0121808
110.555,6300,9.9,0.1524,55.5,0.0208438
115.645,5000,0.0,0.3048,31.7,0.00331266
118.343,5000,7.2,0.1524,71.3,0.00752039
128.595,315,9.9,0.1524,39.6,0.0233328
109.638,20000,4.0,0.2286,71.3,0.00400603
124.839,5000,3.3,0.1016,55.5,0.002211
135.079,400,9.9,0.1524,71.3,0.0193001
115.846,315,17.4,0.0254,71.3,0.016104
129.889,630,9.9,0.1524,71.3,0.0193001
130.817,1600,0.0,0.1524,31.7,0.00209405
123.453,5000,0.0,0.1524,39.6,0.00193287
116.677,6300,5.4,0.1524,39.6,0.00485029
113.858,5000,3.0,0.3048,31.7,0.00529514
114.569,5000,9.9,0.1524,71.3,0.0193001
110.307,3150,12.3,0.1016,31.7,0.0418756
128.144,1250,0.0,0.2286,71.3,0.00214345
129.134,1600,0.0,0.2286,71.3,0.00214345
121.234,8000,3.3,0.1016,71.3,0.00202822
123.416,400,22.2,0.0254,39.6,0.0229028
125.203,5000,0.0,0.1524,55.5,0.00172668
116.815,6300,0.0,0.2286,31.7,0.0027238
131.362,800,3.3,0.1016,31.7,0.00251435
133.01,2000,0.0,0.0508,31.7,0.000812164
130.20600000000002,500,6.7,0.1016,31.7,0.00592927
124.244,630,12.3,0.1016,55.5,0.0368233
125.376,12500,0.0,0.0508,55.5,0.00076193
131.97799999999998,2500,4.2,0.0508,71.3,0.00142788
123.417,400,2.0,0.2286,31.7,0.00372371
120.076,400,8.4,0.0508,31.7,0.00580776
128.306,1250,17.4,0.0254,31.7,0.017663099999999998
118.416,315,17.4,0.0254,31.7,0.017663099999999998
114.404,4000,12.3,0.1016,55.5,0.0368233
126.79,1600,0.0,0.2286,55.5,0.00229336
128.311,630,1.5,0.3048,39.6,0.00392107
126.896,2000,2.0,0.2286,71.3,0.00293031
117.465,6300,0.0,0.2286,39.6,0.00253511
134.987,6300,0.0,0.0254,71.3,0.000400682
133.062,1600,9.5,0.0254,55.5,0.0043284
130.77700000000002,1250,5.4,0.1524,55.5,0.00433288
119.115,250,19.7,0.0508,71.3,0.034118300000000004
130.589,1000,2.7,0.1524,39.6,0.00294804
117.328,12500,4.2,0.0508,71.3,0.00142788
117.284,4000,7.3,0.2286,55.5,0.0111706
128.825,1000,0.0,0.1016,71.3,0.00121072
116.128,500,4.8,0.0254,31.7,0.000930789
124.254,2000,4.0,0.2286,55.5,0.0042862
113.288,5000,7.2,0.1524,39.6,0.00909175
108.625,5000,12.3,0.1016,39.6,0.0408268
121.485,1250,19.7,0.0508,71.3,0.034118300000000004
120.92,4000,15.4,0.0508,55.5,0.0271925
125.974,200,19.7,0.0508,39.6,0.036484
133.207,12500,0.0,0.0254,71.3,0.000400682
115.304,500,15.6,0.1016,39.6,0.0528487
132.118,400,7.2,0.1524,39.6,0.00909175
125.966,1600,4.8,0.0254,39.6,0.000907475
110.868,10000,7.2,0.1524,39.6,0.00909175
120.209,2500,4.0,0.2286,31.7,0.00509068
128.72299999999998,1000,4.0,0.3048,39.6,0.00579636
132.793,1250,8.9,0.1016,71.3,0.0103088
127.417,630,2.0,0.2286,39.6,0.00346574
139.808,315,7.3,0.2286,71.3,0.0104404
130.435,1000,0.0,0.2286,39.6,0.00253511
130.595,1000,0.0,0.2286,31.7,0.0027238
128.629,630,0.0,0.3048,39.6,0.00310138
127.581,1000,1.5,0.3048,39.6,0.00392107
125.39,315,15.4,0.0508,55.5,0.0271925
130.89,8000,0.0,0.0508,71.3,0.000740478
130.746,800,9.5,0.0254,31.7,0.00461377
133.48,800,5.3,0.2286,71.3,0.0051942
128.40200000000002,3150,8.4,0.0508,55.5,0.00544854
127.375,1600,6.7,0.1016,39.6,0.00578076
119.737,6300,0.0,0.1524,31.7,0.00209405
125.992,1000,1.5,0.3048,71.3,0.00336729
120.607,8000,12.7,0.0254,39.6,0.013025299999999998
129.27,1250,0.0,0.0508,31.7,0.000812164
132.918,2000,0.0,0.0508,39.6,0.000791822
128.583,1000,0.0,0.1524,55.5,0.00172668
125.627,16000,0.0,0.0254,31.7,0.000439472
139.438,400,7.3,0.2286,71.3,0.0104404
122.235,2000,6.7,0.1016,39.6,0.00578076
131.346,1000,9.5,0.0254,31.7,0.00461377
126.149,400,4.0,0.2286,31.7,0.00509068
112.524,8000,4.0,0.2286,55.5,0.0042862
122.782,1600,3.0,0.3048,39.6,0.00495741
126.001,1000,17.4,0.0254,55.5,0.016570599999999998
119.541,6300,0.0,0.3048,71.3,0.00266337
110.491,250,17.4,0.0254,55.5,0.016570599999999998
117.151,8000,0.0,0.3048,71.3,0.00266337
132.355,315,9.9,0.1524,55.5,0.0208438
127.315,630,9.9,0.1524,55.5,0.0208438
130.935,4000,0.0,0.1016,71.3,0.00121072
127.801,4000,0.0,0.1016,39.6,0.00146332
120.33,4000,5.3,0.2286,71.3,0.0051942
132.043,500,7.2,0.1524,71.3,0.00752039
113.799,8000,3.0,0.3048,55.5,0.00452492
132.27100000000002,1250,0.0,0.1016,39.6,0.00146332
128.74,10000,0.0,0.0508,71.3,0.000740478
115.792,5000,3.0,0.3048,39.6,0.00495741
126.842,630,2.0,0.2286,55.5,0.00313525
130.183,1600,0.0,0.1524,55.5,0.00172668
124.395,2000,4.0,0.3048,71.3,0.00497773
123.465,4000,0.0,0.2286,39.6,0.00253511
118.941,5000,17.4,0.0254,55.5,0.016570599999999998
128.35399999999998,2500,0.0,0.2286,71.3,0.00214345
124.338,2500,4.0,0.2286,71.3,0.00400603
128.879,800,9.9,0.1524,71.3,0.0193001
123.177,6300,12.7,0.0254,39.6,0.013025299999999998
130.629,3150,3.3,0.1016,55.5,0.002211
123.988,12500,0.0,0.0508,39.6,0.000791822
127.054,5000,3.3,0.1016,71.3,0.00202822
126.933,4000,0.0,0.1016,31.7,0.00150092
126.966,1000,0.0,0.3048,55.5,0.00283081
133.19799999999998,630,7.2,0.1524,39.6,0.00909175
123.189,1250,7.3,0.2286,39.6,0.0123481
128.36,5000,0.0,0.1016,55.5,0.00131983
125.107,5000,12.7,0.0254,39.6,0.013025299999999998
123.455,2000,0.0,0.2286,31.7,0.0027238
120.189,250,4.0,0.2286,31.7,0.00509068
132.003,2500,0.0,0.1016,31.7,0.00150092
120.419,3150,4.0,0.2286,39.6,0.00473801
126.843,315,4.0,0.3048,39.6,0.00579636
127.591,2500,5.4,0.1524,71.3,0.00401199
129.03799999999998,630,4.0,0.2286,71.3,0.00400603
128.127,2500,0.0,0.1524,71.3,0.0015988
131.636,1000,6.7,0.1016,31.7,0.00592927
123.207,400,12.3,0.1016,31.7,0.0418756
120.534,1600,12.6,0.1524,71.3,0.0483159
130.477,16000,0.0,0.0254,71.3,0.000400682
125.427,6300,0.0,0.1524,71.3,0.0015988
133.13,630,11.2,0.0508,39.6,0.015047799999999997
128.246,800,8.4,0.0508,31.7,0.00580776
108.721,16000,0.0,0.3048,71.3,0.00266337
133.211,1250,3.3,0.1016,39.6,0.00245138
133.276,3150,0.0,0.0254,39.6,0.000428464
131.865,1000,15.4,0.0508,71.3,0.0264269
132.588,2500,4.8,0.0254,31.7,0.000930789
130.893,1600,7.2,0.1524,71.3,0.00752039
128.264,1600,4.0,0.2286,55.5,0.0042862
129.5,4000,0.0,0.1016,55.5,0.00131983
130.269,400,7.3,0.2286,31.7,0.0132672
110.905,4000,12.3,0.1016,39.6,0.0408268
130.96,800,0.0,0.0508,71.3,0.000740478
126.807,400,5.4,0.1524,55.5,0.00433288
130.567,1600,5.4,0.1524,55.5,0.00433288
128.35399999999998,200,12.6,0.1524,71.3,0.0483159
120.243,4000,8.9,0.1016,71.3,0.0103088
123.392,3150,1.5,0.3048,71.3,0.00336729
113.086,10000,2.0,0.2286,71.3,0.00293031
135.346,4000,0.0,0.0254,39.6,0.000428464
125.951,1250,0.0,0.3048,71.3,0.00266337
134.515,1000,6.7,0.1016,39.6,0.00578076
115.466,8000,17.4,0.0254,71.3,0.016104
117.925,2000,9.9,0.1524,39.6,0.0233328
128.97799999999998,5000,12.7,0.0254,71.3,0.0121808
129.645,630,15.4,0.0508,71.3,0.0264269
123.303,6300,0.0,0.1524,55.5,0.00172668
128.296,400,6.7,0.1016,31.7,0.00592927
131.471,630,5.4,0.1524,31.7,0.00525474
127.329,1250,3.0,0.3048,55.5,0.00452492
137.047,4000,0.0,0.0254,31.7,0.000439472
125.571,2500,0.0,0.3048,71.3,0.00266337
135.38,315,8.9,0.1016,39.6,0.0124596
127.623,2000,0.0,0.0254,55.5,0.00041229
124.276,800,17.4,0.0254,71.3,0.016104
128.444,500,19.7,0.0508,39.6,0.036484
137.076,800,22.2,0.0254,39.6,0.0229028
119.099,1000,7.3,0.2286,31.7,0.0132672
120.162,2500,3.0,0.3048,39.6,0.00495741
127.039,500,4.0,0.2286,39.6,0.00473801
124.986,16000,0.0,0.0254,39.6,0.000428464
128.545,200,12.3,0.1016,39.6,0.0408268
129.235,800,0.0,0.3048,31.7,0.00331266
128.83100000000002,800,1.5,0.3048,39.6,0.00392107
110.515,8000,0.0,0.3048,31.7,0.00331266
113.733,5000,4.0,0.3048,39.6,0.00579636
133.846,1600,8.4,0.0508,71.3,0.00529514
119.598,2500,3.0,0.3048,31.7,0.00529514
117.054,2500,12.3,0.1016,55.5,0.0368233
110.905,10000,4.0,0.3048,71.3,0.00497773
130.829,1250,2.7,0.1524,39.6,0.00294804
127.307,1000,0.0,0.1524,71.3,0.0015988
123.466,3150,17.4,0.0254,31.7,0.017663099999999998
131.274,2000,9.5,0.0254,39.6,0.00449821
111.35,10000,5.3,0.2286,71.3,0.0051942
137.207,8000,0.0,0.0254,31.7,0.000439472
114.75,200,12.6,0.1524,39.6,0.05841130000000001
131.615,630,4.0,0.3048,71.3,0.00497773
131.43,1250,0.0,0.1016,55.5,0.00131983
122.765,315,0.0,0.3048,31.7,0.00331266
124.356,2000,17.4,0.0254,31.7,0.017663099999999998
131.656,1250,9.5,0.0254,71.3,0.00420654
118.545,1600,9.9,0.1524,39.6,0.0233328
103.38,6300,12.6,0.1524,39.6,0.05841130000000001
122.089,2000,4.0,0.2286,31.7,0.00509068
126.645,1600,4.0,0.3048,71.3,0.00497773
133.847,2500,4.2,0.0508,39.6,0.00152689
121.933,20000,0.0,0.0254,55.5,0.00041229
121.527,3150,2.0,0.2286,31.7,0.00372371
128.977,12500,0.0,0.0254,31.7,0.000439472
129.673,2000,0.0,0.1524,55.5,0.00172668
129.953,1250,0.0,0.1524,55.5,0.00172668
135.468,5000,4.8,0.0254,71.3,0.000848633
125.22,12500,0.0,0.0508,71.3,0.000740478
135.32399999999998,800,17.4,0.0254,39.6,0.0172206
125.452,630,9.5,0.0254,55.5,0.0043284
124.647,2000,5.4,0.1524,39.6,0.00485029
125.114,800,12.3,0.1016,55.5,0.0368233
106.88,2500,12.6,0.1524,39.6,0.05841130000000001
131.205,1250,8.4,0.0508,39.6,0.00566229
133.032,1600,8.4,0.0508,55.5,0.00544854
116.295,2500,9.9,0.1524,39.6,0.0233328
116.559,2500,7.3,0.2286,39.6,0.0123481
125.741,315,5.4,0.1524,31.7,0.00525474
114.477,1600,12.3,0.1016,31.7,0.0418756
135.95600000000002,2500,9.5,0.0254,71.3,0.00420654
127.614,1600,17.4,0.0254,39.6,0.0172206
115.309,2000,7.3,0.2286,31.7,0.0132672
130.908,1600,0.0,0.0508,39.6,0.000791822
124.514,630,17.4,0.0254,39.6,0.0172206
125.603,3150,0.0,0.1524,39.6,0.00193287
128.576,1600,0.0,0.0508,55.5,0.00076193
121.627,3150,2.0,0.2286,39.6,0.00346574
112.803,16000,0.0,0.1524,55.5,0.00172668
120.227,4000,2.0,0.2286,39.6,0.00346574
110.839,6300,7.3,0.2286,39.6,0.0123481
121.93,10000,0.0,0.1016,55.5,0.00131983
131.111,2000,5.4,0.1524,71.3,0.00401199
121.235,315,19.7,0.0508,71.3,0.034118300000000004
125.484,1000,12.3,0.1016,55.5,0.0368233
117.119,1600,9.9,0.1524,31.7,0.0252785
118.018,4000,12.3,0.1016,71.3,0.033779199999999995
127.638,1000,0.0,0.0508,39.6,0.000791822
120.189,3150,3.0,0.3048,55.5,0.00452492
123.965,3150,8.4,0.0508,39.6,0.00566229
118.998,2500,15.6,0.1016,71.3,0.0437259
122.082,5000,3.3,0.1016,31.7,0.00251435
121.284,20000,4.8,0.0254,55.5,0.000873218
121.514,3150,3.0,0.3048,71.3,0.00425727
129.45,1000,0.0,0.0508,71.3,0.000740478
115.89,250,12.6,0.1524,39.6,0.05841130000000001
126.632,1600,1.5,0.3048,71.3,0.00336729
130.697,2000,0.0,0.0254,31.7,0.000439472
133.924,4000,4.8,0.0254,55.5,0.000873218
127.251,630,3.3,0.1016,39.6,0.00245138
126.514,1600,3.0,0.3048,71.3,0.00425727
129.556,1000,9.5,0.0254,71.3,0.00420654
107.985,6300,12.3,0.1016,39.6,0.0408268
130.086,2500,9.5,0.0254,31.7,0.00461377
113.08,5000,8.9,0.1016,39.6,0.0124596
119.632,5000,1.5,0.3048,71.3,0.00336729
128.705,630,0.0,0.2286,39.6,0.00253511
130.791,2500,3.3,0.1016,39.6,0.00245138
120.193,8000,0.0,0.1016,31.7,0.00150092
124.612,2000,2.0,0.2286,55.5,0.00313525
125.555,800,15.4,0.0508,31.7,0.0289853
130.541,2500,11.2,0.0508,71.3,0.014072
114.634,8000,3.0,0.3048,71.3,0.00425727
117.957,8000,0.0,0.1524,31.7,0.00209405
121.399,2500,0.0,0.3048,39.6,0.00310138
126.152,630,8.4,0.0508,55.5,0.00544854
119.649,2500,4.0,0.2286,39.6,0.00473801
122.371,5000,3.3,0.1016,39.6,0.00245138
118.743,3150,4.0,0.3048,39.6,0.00579636
134.826,3150,0.0,0.0508,55.5,0.00076193
125.127,1000,0.0,0.0254,31.7,0.000439472
118.145,4000,0.0,0.3048,31.7,0.00331266
119.137,3150,5.4,0.1524,39.6,0.00485029
116.967,10000,4.2,0.0508,39.6,0.00152689
127.947,1250,0.0,0.0254,31.7,0.000439472
127.006,2500,2.0,0.2286,71.3,0.00293031
119.777,1000,12.3,0.1016,31.7,0.0418756
130.828,2500,4.8,0.0254,71.3,0.000848633
124.108,3150,4.0,0.2286,71.3,0.00400603
125.824,4000,0.0,0.2286,71.3,0.00214345
133.235,250,9.9,0.1524,55.5,0.0208438
128.878,630,12.7,0.0254,71.3,0.0121808
132.086,1250,8.4,0.0508,71.3,0.00529514
127.893,1000,15.4,0.0508,39.6,0.0282593
122.365,1600,0.0,0.3048,31.7,0.00331266
115.969,5000,4.0,0.2286,31.7,0.00509068
117.514,500,17.4,0.0254,39.6,0.0172206
114.779,8000,0.0,0.3048,39.6,0.00310138
136.414,400,12.3,0.1016,55.5,0.0368233
128.86700000000002,630,12.7,0.0254,39.6,0.013025299999999998
122.17,2500,11.2,0.0508,39.6,0.015047799999999997
129.964,630,4.0,0.2286,55.5,0.0042862
128.67700000000002,1250,2.0,0.2286,31.7,0.00372371
112.139,10000,0.0,0.3048,39.6,0.00310138
138.423,630,8.9,0.1016,71.3,0.0103088
125.025,2500,0.0,0.2286,39.6,0.00253511
116.074,200,9.5,0.0254,39.6,0.00449821
133.153,2000,0.0,0.1016,31.7,0.00150092
128.929,630,7.3,0.2286,39.6,0.0123481
118.106,4000,8.4,0.0508,31.7,0.00580776
126.201,800,0.0,0.3048,71.3,0.00266337
130.34,6300,0.0,0.0508,31.7,0.000812164
127.101,250,11.2,0.0508,71.3,0.014072
127.122,800,1.5,0.3048,71.3,0.00336729
126.944,10000,4.8,0.0254,55.5,0.000873218
122.779,315,0.0,0.3048,39.6,0.00310138
119.67,3150,11.2,0.0508,39.6,0.015047799999999997
111.076,12500,0.0,0.3048,55.5,0.00283081
121.407,2500,2.0,0.2286,31.7,0.00372371
137.026,630,22.2,0.0254,39.6,0.0229028
128.179,500,3.0,0.3048,55.5,0.00452492
127.356,630,2.0,0.2286,71.3,0.00293031
128.559,250,9.9,0.1524,31.7,0.0252785
130.934,630,7.3,0.2286,55.5,0.0111706
106.90972368722235,6300,9.897106109343168,0.1912604744279341,35.57115816298321,0.03538871281335829
106.97964064812177,6300,10.380047011219512,0.1843170599519006,39.6,0.039117311601359755
105.63233553331914,6300,12.394276205324168,0.11756410410155907,39.6,0.0463527997750761
106.97964064812177,6300,12.44264088188333,0.1546624084529227,39.6,0.05704366518308836
105.96804643771601,6300,12.137158848218585,0.1524,38.245761074417345,0.052731587661576575
105.96804643771601,6300,11.863271986011824,0.1524,37.44438840351608,0.049370610391900965
105.63233553331914,6300,12.514092912218429,0.1378530664689873,39.6,0.053375856049683215
106.90972368722235,6300,11.727122992508601,0.16494966565487634,38.29891917751282,0.050976347752095766
108.6342273164402,2473,12.584372515688107,0.14975374598985294,39.18847624645351,0.05754992869221283
108.56646263358304,2642,12.534055340835348,0.14123337104811884,37.86345730866415,0.05477649633150353
108.56646263358304,2560,12.572294359424982,0.14770851152929687,38.87041813152451,0.056884192797145565
108.18389648798521,2317,12.6,0.1524,39.6,0.05841130000000001
108.56646263358304,3000,12.369038268310842,0.11329048010063567,33.51800773218547,0.04568092031102522
108.18389648798521,2119,12.6,0.1524,39.6,0.05841130000000001
108.85000707155126,2411,13.13001261396989,0.14342511973677652,39.6,0.05742855061117704
108.79506018561057,2245,12.6,0.1524,39.6,0.05841130000000001
108.99361652266433,4696,12.3,0.1016,34.09760374117737,0.04155729534129787
107.88093798083163,5000,12.3,0.1016,32.17301582428404,0.04181280265866973
108.99361652266433,4090,12.3,0.1016,38.886172650407694,0.040921567357500306
108.99361652266433,4264,12.3,0.1016,37.51093043558615,0.04110414381761485
109.05346383653566,5000,10.063030531462307,0.15841902450085743,31.7,0.029076376531257248
107.88093798083163,5000,12.3,0.1016,33.586285601699565,0.04162517767859968
107.58867184370366,5000,12.420491130920107,0.12200316483580478,47.604829281454116,0.04446226343488255
109.10456973089858,5000,12.297932473220065,0.10164376265017527,31.706805608983952,0.04185962594351043
108.68545054459818,6300,12.568644648509629,0.14709049381429726,69.64861815484049,0.04711471829153923
108.68545054459818,6300,12.463747718523784,0.1293279470033609,64.12404650891933,0.04309625676635483
105.29582576994645,6300,12.6,0.1524,64.93449944345848,0.050343101082602815
108.89494186073203,6300,11.576019096760678,0.1524,65.30781545511803,0.03789704601041445
109.03253004955918,6300,8.594461790291822,0.20998905878863455,47.34234693438694,0.021132806185067583
108.89494186073203,6300,10.43828492542651,0.1524,58.64996363768106,0.026320769370299864
105.29582576994645,6300,12.6,0.1524,47.23728949156522,0.05597907626709315
109.03253004955918,6300,11.62832214586033,0.16637016084630996,65.48826641957972,0.041721727410919854
105.63233553331914,6300,12.59892021334451,0.15221715612633718,39.6,0.05834800830518851
108.33585630947874,6300,10.07608582811472,0.14867284997157176,32.27961585087762,0.026419264700531707
108.33585630947874,6300,11.582209107703992,0.11679324055359885,37.237271646192305,0.03617662161221415
108.33585630947874,6300,10.963381490365729,0.12989175845392545,35.20029740578718,0.03216757267777227
105.63233553331914,6300,12.325174769765503,0.10586292768029175,39.6,0.04230241912980493
108.33585630947874,6300,11.252596752457631,0.12377003540631351,36.152297643506365,0.034041241702598736
105.63233553331914,6300,12.455727543105775,0.12796986396591112,39.6,0.04995476993914497
105.63233553331914,6300,12.545880742985892,0.14323580581227777,39.6,0.055239099750118086
109.45067594170067,4898,12.569681920327277,0.1472661385087524,68.09638958124901,0.04755904956507672
109.56256213241836,5000,12.302975547130862,0.1524,67.81271290520309,0.045567532737601876
108.32868680438357,5000,12.467709921632942,0.1299988800631782,57.32134838588088,0.04501345458033756
109.562381849695,5000,11.81951876073557,0.1524,62.13657211678427,0.041094107093086224
108.32868752844912,5000,12.59082136328795,0.15084575085009308,70.3301240540935,0.04808676757266599
108.32868776739008,5000,12.384798057098058,0.11595913766860443,48.56032803336143,0.04294367043137688
107.58865799588185,5000,12.580077288363734,0.14902642082959236,68.67020206401293,0.04788820586749653
109.51087565750852,5000,8.171721129729864,0.2160669528140725,38.213237120245786,0.019031858935766623
109.55093065221936,10000,5.220420615146503,0.194301096979399,37.42796150828575,0.007502837857331527
109.3783490849355,9738,0.0,0.3048,31.7,0.00331266
108.2806067371067,10013,0.040187716736789225,0.3044884769527242,31.656446261647105,0.003258196302532636
109.55093627996229,10000,5.664054974482189,0.18491083637346034,37.914726985890184,0.007858921592011148
109.55094045090773,10000,3.925764100544395,0.22170465987181032,36.00743561031955,0.006463680007752097
109.3783581571718,9043,0.0,0.3048,31.7,0.00331266
109.23566404376683,10000,1.037427865686399,0.3048,45.39404782706046,0.003639314912068676
109.55094826282271,10000,3.0612222693548987,0.240004128631988,35.058841101097734,0.005769754306195305
109.75309241181583,4676,12.3,0.1016,39.6,0.0408268
107.88090892826546,5000,12.3,0.1016,36.76846151269542,0.041202713615884186
109.75309532865043,4715,12.3,0.1016,39.6,0.0408268
109.75309631527786,4312,12.3,0.1016,39.6,0.0408268
109.75309731154167,4924,12.3,0.1016,39.6,0.0408268
109.86559211451821,5000,10.460993457663134,0.1405256384794637,39.6,0.02742197481181619
109.86559594145824,5000,11.611018353502493,0.1161834448508639,39.6,0.035804697948405254
109.75310354210845,4175,12.3,0.1016,39.6,0.0408268
109.78321547503141,4000,19.402364324825953,0.052843228689032636,39.6,0.03665867192028998
107.91000198387124,4806,13.728371337450813,0.09179442379155386,33.224882914305596,0.040834896364459486
109.89577716415769,4182,17.914535594560995,0.06931052893802071,39.6,0.03408797964399904
109.48946059973673,3598,16.205954511348832,0.07478615011128098,35.869870356710244,0.03902974265629887
107.9100047885024,4698,14.531664994984826,0.08627992138577983,34.08245317032164,0.040249620947708085
109.4894626493895,3682,16.937098328922268,0.06976694660685794,36.65041578357918,0.03849703522294361
108.65449196056132,4372,16.942336696033284,0.06973098592452828,39.6,0.03810237570222523
109.48946431767632,3734,17.386111442531835,0.06668453225937605,37.129767621081285,0.03816988669546559
109.7534351923486,6300,8.834919191425259,0.18361506062053665,34.93620707220787,0.019981607351078907
105.96781178630455,6300,10.715061826588661,0.1524,34.0848105296483,0.035280455736295104
105.96781877458848,6300,11.03066989815744,0.1524,35.00825636868288,0.03915341096358179
109.61403405095945,6300,9.9,0.1524,37.361909996862536,0.024223505367097213
108.3358527321788,6300,9.917948527339194,0.15202008950465373,31.75908056915818,0.02539477878651166
109.75344071612906,6300,7.787551166409571,0.2143110004306118,38.11859453283246,0.014772804462362432
109.61403664872634,6300,9.9,0.1524,41.57702423059214,0.023438094985066934
109.75344236040227,6300,9.339590989120747,0.16882429485730732,33.40278122536388,0.02249145666374112
109.1775693556527,18114,2.114263693256937,0.2645232766434554,71.3,0.0033730543225970896
109.88585085187344,14267,0.0,0.3048,63.47978674832087,0.002746244462459567
108.97092267775204,12559,1.4746282530660593,0.3048,71.3,0.0033553835465988404
109.88585234761304,15425,0.0,0.3048,68.70577006190871,0.0026908622696730383
109.88585418073879,15804,0.0,0.3048,70.41849737030836,0.002672711696222504
109.8858548222967,14785,0.0,0.3048,65.81588895287547,0.0027214876932740843
109.88585560154755,12790,0.0,0.3048,56.811789733267055,0.0028169083498140357
109.1681492554793,15846,0.0,0.3048,69.91201173899462,0.0026825483198171284
110.03883171770349,11967,2.713293924750952,0.27236035190665875,64.55238290971839,0.004585790445698216
110.03883193833413,12021,2.5901750171854054,0.2756521626984113,65.23709683424958,0.0044621432068205555
109.7207076365194,10392,2.764546972919778,0.3048,71.3,0.004117571009972763
109.7207077251456,11686,1.9880282050869442,0.3048,71.3,0.003656846894642186
110.141182768319,12500,0.8466564871438469,0.3048,64.41811499791518,0.0031336195148152874
110.1411830111709,12500,0.6782303282466596,0.3048,62.64402612419815,0.003073381337665179
110.05705369202623,10156,3.8435124276825388,0.3048,71.3,0.004876924461614827
110.03883306132667,10925,5.089447764270028,0.20882950188162241,51.3376326092351,0.0069721409032724915
108.18386585242911,2361,12.6,0.1524,39.6,0.05841130000000001
109.98154308619941,2000,12.501361542865942,0.13569722125863293,37.002520628803154,0.05297444688122789
110.14639020653009,1926,12.6,0.1524,39.6,0.05841130000000001
110.14639027063436,1635,12.6,0.1524,39.6,0.05841130000000001
110.20270985144525,2000,14.244918040793307,0.12454605450923334,39.6,0.05536129296876106
109.912088769752,2693,12.418960704101572,0.12174401256119935,34.8326318746747,0.04843259504937449
110.14639044698639,1847,12.6,0.1524,39.6,0.05841130000000001
110.1463906304753,1837,12.6,0.1524,39.6,0.05841130000000001
108.9377858093532,11025,0.0,0.3048,34.939735164783094,0.0032260155385296996
110.23995656546256,10843,4.770957278846592,0.20381473759774715,39.6,0.007070796577011702
109.42013931759283,12500,0.2569046524585411,0.3048,45.0292516552905,0.0031469223440901673
108.93778617519233,12373,0.0,0.3048,39.20124458859555,0.003112044435863485
108.9377862643239,11715,0.0,0.3048,37.1207275693632,0.003167686415081638
110.34268322018504,12500,0.0,0.3048,55.15950054658723,0.0028366042727742072
109.92066629632399,11972,0.6328641284012698,0.3048,46.28726429010675,0.0033452204391259143
110.34268365912098,12500,0.0,0.3048,45.910809582890636,0.002993989072399829
109.63622592073067,19987,4.010648499844963,0.22900163121757272,71.25160484436088,0.004179865496024344
109.99980052910489,19792,3.93264671189015,0.22465206111233033,71.3,0.003924816441401575
109.99980059350679,18609,3.5482061848518245,0.2021179317582377,71.3,0.003461263968368409
109.1775721695172,16540,0.5405125168538443,0.2945032365539343,71.3,0.0028448011339697456
109.62517011290285,19943,3.9604831171966146,0.22831383810285177,71.31099469788225,0.00369961418355206
109.64468663345174,20004,3.945277988460553,0.2285627283817052,70.81444908004774,0.0037343378496496266
109.62448361555279,19980,3.983196989281383,0.22970820131723071,71.35936722879342,0.003913134595919539
109.17757254859721,16766,0.7661593999519889,0.2902046634309146,71.3,0.0029205428949848843
109.04400106732976,6300,12.3,0.1016,50.40642247673426,0.038105824378263806
108.68543328241314,6300,12.597343383917314,0.15195014634333207,71.16008488631194,0.04821412858002713
109.04400262387904,6300,12.3,0.1016,48.59295318182766,0.03856244226016057
110.33907879395761,6300,10.100074271770216,0.14816509458086377,55.5,0.022175919510730065
110.48034238127916,6300,10.782129453334584,0.14015391188530157,50.67317166160397,0.029393262959250925
108.68543847295884,6300,12.392251826452629,0.11722130927931174,60.35859619317176,0.040357344468964926
106.6454198059843,6300,12.596428466592341,0.15179522034296988,39.78929127060589,0.05815429245598493
110.48034254057492,6300,8.660707651255905,0.19403802565810002,43.92705033099378,0.0190088183812037
109.23571320191546,10000,1.6987889467785666,0.3048,54.12401409747708,0.003847557675672167
110.54506164762705,10000,6.34806950252328,0.18331290662272673,46.03004685000287,0.008111121202037795
110.54506168792821,10000,5.009542745530368,0.23188230609075522,56.132736896830316,0.006570387669621822
110.56345098625607,10000,3.8835143427208445,0.3048,71.3,0.00489380674335666
110.5634510549487,10000,3.7352401107012736,0.3048,71.3,0.0047869810901558394
109.23571510352794,10000,2.2984878643665976,0.3048,62.04003980963909,0.00403638487385311
109.72071188193073,11459,2.124277048576535,0.3048,71.3,0.0037376860584614298
109.72071197045119,12438,1.5368391042696412,0.3048,71.3,0.003389147377345264
110.3769556016604,2619,12.3,0.1016,31.7,0.0418756
110.60519164063746,3478,12.3,0.1016,34.74872336577017,0.041470853029617755
109.48948531312253,3873,18.599643399783012,0.058353799363651745,38.425294980849436,0.03728571387104458
108.5664609719891,2808,12.457624604582668,0.12829109970933167,35.85078125401024,0.05056371057999205
110.37695560511129,3062,12.3,0.1016,31.7,0.0418756
108.56646186050764,2783,12.468937454758272,0.13020674233906737,36.148686308634495,0.051187263568821195
110.60519170493392,3323,12.3,0.1016,33.31123906711659,0.04166169271726685
109.91209122924036,2826,12.384290129486534,0.11587312859305296,33.91964007647871,0.04652158764716823
109.99023848108654,15202,2.084662584734387,0.18713237855054796,64.0754829392889,0.002589579893502636
109.99023848201104,14014,1.1683760887850483,0.23885166076635506,53.31760074610594,0.0028145350155655757
109.53633926252128,16000,1.15730861531039,0.23947635815803578,71.3,0.002566987623985669
109.99023847629996,15545,2.349612595499757,0.17217742238734704,67.18619232494159,0.002524532703267065
109.79003034294618,15472,2.5190174464347486,0.17538478430278698,71.3,0.002578587480083612
110.718855309027,13982,1.1440256871268883,0.240226105659949,62.19466883577957,0.0026645873047926377
109.99023839805906,13737,0.9544767814833459,0.25092508833405114,50.806264434452615,0.0028670488799474574
109.53633866722112,16000,2.525191238346851,0.1622669834355333,71.3,0.0024530683326464174
108.63422257395891,2020,12.312166774568535,0.10366024049360527,32.02039173030476,0.042546220447443085
110.6132493286659,1956,12.332392703653245,0.10708516448528277,32.553007862868775,0.043661053432663195
110.37695559658964,2682,12.3,0.1016,31.7,0.0418756
110.61324930994189,1981,12.31360332742614,0.10390349677749285,32.05822095555499,0.042625401804401344
109.98154606906436,2000,12.379270702236505,0.11502317224538147,33.787461825561294,0.04624492183657391
110.67004846256766,2000,13.415133362123003,0.1016,34.36956168508234,0.04558362118057937
109.98154577500738,2000,12.331620897632101,0.1069544719990357,32.53268363764531,0.04361851225658375
108.63421067084478,2343,12.506363217312579,0.13654417146492998,37.13423138923123,0.053250134175052026
110.63531115229101,1539,12.81652286207142,0.146671165941027,40.31723198061158,0.05652391080936008
110.00335579754373,1381,14.297471974516768,0.10748772067424386,45.22287591558679,0.043614755074132566
110.46899561542654,1165,14.731807652431117,0.06526593272249977,43.04843571134521,0.02980954261867266
108.65548154580262,2461,12.681534183405791,0.15024274139738847,39.87008198253168,0.05770058181091113
110.46899561496133,909,15.478360723755781,0.05411155153917831,46.53235004419365,0.026105321938305864
110.63531107099382,1541,12.806994925627382,0.14692325925944213,40.28567069114071,0.056606964044854664
110.00335477814846,543,16.595304952515942,0.04669088979801564,52.83444765520907,0.02358497584859711
110.46899561295612,594,16.39667793035841,0.040390812099350804,50.81783034167258,0.021548848033780474
110.5094282337717,8055,0.04372928845818905,0.3042139467033002,31.826175942094203,0.003224823775598656
110.49490098630925,8018,0.0,0.3045597972181374,31.496484080058107,0.0031252653292742263
110.50012629651243,8030,0.0,0.3048816831300843,31.466561955806373,0.003515815770220904
110.5340814940257,7991,0.05330971086941232,0.30417479243159234,31.654116838588525,0.0033591985386273032
110.50573957971967,7903,0.10628077089040758,0.30438728198379084,31.70614307832462,0.0033162639853239616
110.49849778989521,7956,0.01998886026867736,0.30606223769320534,31.67427582414424,0.003193157193937768
110.50940604818715,7980,0.0779508972422663,0.30461080463897816,31.836857112865363,0.003163618191552225
110.50391280941847,7970,0.005101483133610564,0.30474896770579435,31.541459813750564,0.003217239595266644
109.25484435230165,6300,11.511191075246503,0.11829645557394902,44.82585912649192,0.034258979690271196
110.69681725841434,6300,9.40430664004582,0.16692762847250325,52.46864445258791,0.019224083816091263
108.8948567329123,6300,12.424035576657474,0.1524,70.27028226340299,0.04652548806129325
106.84674709604154,6300,10.98214372253709,0.1524,49.12737585617047,0.03590062751718969
108.8948484900466,6300,10.341529307737963,0.1524,58.08376409713326,0.02533629529448447
108.89483955585001,6300,12.487971422184208,0.1524,70.64442535944832,0.04717602581755066
110.33907732571872,6300,11.684341683409427,0.1146314343678338,55.5,0.03272416997085039
109.2548195031902,6300,11.37427975817889,0.12119441178521352,45.73289660206486,0.03311902183653698
109.67983944993115,6300,8.814837169742189,0.1842036183329405,31.7,0.02026533988343244
106.90907203363155,6300,10.620088254771105,0.18086590094083807,36.6488107948475,0.04154689739287025
109.32018912000709,6300,8.44319764746111,0.1995627797544878,33.506252282988555,0.01956841397699384
110.62195918069388,6300,8.296912664495354,0.19938279037132847,40.825585159611315,0.01617228018992904
110.76394890850156,6300,7.3,0.2286,37.53265342952622,0.01258861876366107
106.9088798529754,6300,11.871253001319982,0.16287745684894667,38.513754473665635,0.05220401181450745
110.76394886167702,6300,7.3,0.2286,36.06817539854419,0.012758998733063043
109.67981290205125,6300,8.875387501487422,0.18242902784102247,31.7,0.02054506611408303
110.61324937733642,1830,12.427328127128847,0.12316089619381798,35.05297401439295,0.04889379903921489
108.79506018561057,1807,12.6,0.1524,39.6,0.05841130000000001
110.83697068668404,1694,13.312371415451157,0.1403371773650271,39.6,0.05709042092147047
110.61324937733642,1656,12.557276546599764,0.14516549522422684,38.474949060460474,0.05605642597203245
110.14639673172947,1940,12.6,0.1524,39.6,0.05841130000000001
108.79506018561057,2185,12.6,0.1524,39.6,0.05841130000000001
110.61324937733642,1909,12.367870710938405,0.11309277371890308,33.48726205471131,0.0456165657162139
110.83697068668404,1951,15.234239809650457,0.10779353922325224,39.6,0.05352689254494612
106.97964064812177,6300,10.663556650755796,0.18024094022875628,39.6,0.04158134202171593
109.39338843088508,6300,8.840582482901878,0.18946920493429228,39.6,0.021122857271163545
110.76394877685736,6300,7.3,0.2286,38.71647986203868,0.01245089029858231
110.69681636334845,6300,8.716739740626982,0.18707862760162458,48.26390841383424,0.016977406082478712
110.76394882145598,6300,7.3,0.2286,38.88472651568641,0.012431316184738308
106.97863506511403,6300,11.972973998768587,0.16141497760261014,39.6,0.05296171054718439
109.39324981744554,6300,11.520326526245366,0.12140370623336773,39.6,0.03638598260859678
109.75339438844757,6300,7.6867743100083565,0.2172645375297551,38.42480113497461,0.014271617899281558
110.69121659741768,9296,4.668922374255389,0.20597447641159428,36.822845382863555,0.007060177028310495
110.54505557059169,10000,4.966393168943654,0.23344801929833028,56.4584134629729,0.006520719630332074
110.88649689269147,10000,4.727332433711179,0.2701607928445051,64.09486307854864,0.005912811305917644
110.54505583964995,10000,5.256484866535002,0.22292183484287276,54.26891184067629,0.0068546345137062235
109.55094045090773,10000,0.49255893632641445,0.29437416918109094,32.24044661069148,0.003708013114352031
110.54505629825444,10000,6.4537072749371704,0.17947976459513698,45.23273318678374,0.008232717320604344
110.54505641345015,10000,4.83059393535782,0.23837559148844484,57.483374345037404,0.006364405659192541
109.55094826282271,10000,6.571549332821778,0.1657022057886057,38.91044996240167,0.008587323199141251
108.84979367832238,2100,14.994556353833058,0.11185217907509354,39.6,0.053971313608722746
110.67004611492202,2000,15.1528177395709,0.1016,38.529472770487914,0.0513617376782077
110.83697052773331,1887,14.759578494685519,0.11583113748999188,39.6,0.054407009555154116
110.20269443156853,2000,14.423831929076062,0.12151644600097866,39.6,0.05502955083710717
108.84980911206128,2354,13.475866199873153,0.13756866568214796,39.6,0.05678726889219521
110.2026954366594,2000,15.525178752142798,0.10286697313038193,39.6,0.05298743355777682
110.59971736119161,3047,12.595013405506952,0.1016,32.40624421318331,0.042856573212111615
110.6700464992165,2000,14.992960426443904,0.1016,38.14678405118389,0.05083018304709443
109.56902549625494,10000,1.3323882868425958,0.3048,44.8906440397417,0.00386728994119325
110.88649689963295,10000,4.488368540798449,0.28154144824447386,66.46209914271536,0.005605591857567386
110.88649690043397,10000,4.101305493104912,0.29997532589087855,70.29644245892946,0.005107971507732335
109.5690335522923,10000,2.142353107102507,0.3048,52.90929576031482,0.004204451972010793
109.56903569318378,10000,2.157793424982395,0.3048,53.062154907325706,0.004210879274533859
110.05704164475812,12383,1.616022557046589,0.3048,71.3,0.0034420289467080437
110.70965526809789,9700,3.4014011146304886,0.3048,65.37387103484184,0.004728552738484447
110.8864969026452,10000,6.828825091694089,0.17007720500806905,43.27695143540544,0.008614555938666035
110.60518893285807,3631,12.3,0.1016,36.17203676351788,0.04128189466359778
108.99350532301322,4976,12.3,0.1016,31.88271110433422,0.04185134336630054
110.60518906227317,3922,12.3,0.1016,38.87749181956225,0.040922719820207995
109.75312274752466,4485,12.3,0.1016,39.6,0.0408268
110.6051892403716,3246,12.3,0.1016,32.599382551399195,0.04175619842785981
109.75312528291605,4339,12.3,0.1016,39.6,0.0408268
111.01988054364719,4356,11.444763751798392,0.11970250058693405,39.6,0.03459284044748378
108.99352557190416,4200,12.3,0.1016,38.01243863879865,0.04103756384248455
111.08197464563293,5000,7.950194210024436,0.20954430815236075,33.675590099689636,0.015784351861700754
109.81381039578886,5000,8.727423829246487,0.19234343473713927,33.95532965020945,0.02113504595290029
109.51097398331181,5000,8.189752356112052,0.21580771140835125,38.34796100038439,0.019151098755408394
110.96696527366286,4311,10.744198215251078,0.1411173653326226,37.141833180096704,0.03225134502660673
111.08197465372719,5000,9.717474926814983,0.15774938868334554,39.045404585322444,0.022626175239749573
109.51097926867547,5000,8.399838991308137,0.21278722054006036,39.9176649161891,0.020540393746162552
109.51098053749884,5000,9.087214090345643,0.2029045823237098,45.05352414673349,0.025085979337414598
109.813815878902,5000,9.650291623504195,0.16890259276299346,35.41346076513663,0.026221819405425242
110.14118168954703,12500,0.7998812936157613,0.3048,63.925416292752686,0.0031168902109326557
110.34268037284953,12500,0.0,0.3048,46.091683565327536,0.0029909111432534167
110.3426805532558,12500,0.0,0.3048,41.062467911219684,0.003076493211148509
110.99043400285143,10465,3.2550373951655867,0.3048,68.35739771090407,0.004577886221107225
110.97190233907119,12346,0.4408043926946621,0.2954696403546297,54.526556966132624,0.0032141224797774606
110.3426810142064,12500,0.0,0.3048,50.00943182460781,0.002924242895045023
110.97190234545509,10590,5.500259259368712,0.1883778456766956,43.35359413556076,0.007613697945465547
110.14118339098108,12500,1.1857879105463829,0.3048,67.9902993244219,0.0032549109988332823
111.08197466551755,5000,8.989528108406851,0.17908383005361456,36.83356617554389,0.01980801312614616
109.1045020632897,5000,12.007768554996904,0.10778556558589888,32.66192850646853,0.03961777115066524
111.0819746669659,5000,9.71314906591566,0.15787616968354876,39.03226062335912,0.022609428168415636
111.01988066539491,4675,10.67885822988846,0.13591416746736093,39.6,0.029010027447361964
111.08197466796786,5000,8.649254424842743,0.1890564664719165,35.79965767548372,0.018490682822575814
109.56252362115076,5000,10.431538111129461,0.1524,45.84065115659405,0.028251122142280906
109.86564089109157,5000,11.485263866547813,0.11884524815807129,39.6,0.03488805253391143
111.0819746699161,5000,9.851382556186719,0.15382486508406618,39.452277766875035,0.023144583175981937
110.88649690839416,10000,7.024834512785671,0.16074225632858244,41.335233107716945,0.008866551775715782
109.05340652692841,5000,8.542618285261389,0.19703749555436073,31.7,0.020377064190414382
108.56641852128185,3020,12.359923745605654,0.11174708758922391,33.27799196761553,0.04517853693403799
