HousValue,CRIM,ZN,INDUS,CHAS,NOX,RM,AGE,DIS,RAD,TAX,PTRATIO,B,LSTAT
32.74076335877863,0.019639614479963208,86.56786629678606,2.472340613033979,0,0.4013728534812856,7.156299460693957,25.36473782527454,7.307686426740643,1,300,14.373323900132236,395.4668619339303,6.556085593888345
32.313166100037265,0.0330016340893905,40.486965768698106,6.4154016149167195,1,0.4481092348470495,6.7645961752152,33.01734544585118,4.0745253041278,3,255,17.619241111590146,396.7738611086575,3.547407262644809
33.87050147492625,0.022217450255712513,95.0,1.47,0,0.403,7.083092919929692,14.354186950615194,7.653,3,402,17.0,388.3863581362863,4.485686117548337
34.1578947368421,0.02577237004316998,18.348877947524997,2.0421247990694975,0,0.42516788183327,7.05782103965464,51.92800870807703,7.872265409898225,3,216,17.343660637663007,392.89539286037893,6.875152920625405
37.33017127799736,0.15362445934030716,31.607830810097823,6.044150090526875,0,0.4326013051350163,7.23656667129209,15.846068877825811,6.172771481959662,7,329,16.698042297475546,391.71937919335727,4.596861389110761
33.320836611963955,0.07609674988482609,40.042891693617776,6.472001497705989,0,0.44799639645923006,7.255245152894657,49.10485226281076,4.774483707034964,4,254,17.617385284581626,389.2772057781494,6.040952722365685
32.74076335877863,0.01817717143176632,87.03962211878506,2.540745207223834,0,0.401184151152486,7.146911519836177,24.73730258201587,7.307592075576244,1,298,14.500697972071967,395.36406634031675,6.733937538781967
34.743678160919536,0.06922631680123807,1.244742406809337,2.18,0,0.4585280725362222,7.157297414456332,54.86763456365229,5.950237219655271,3,222,18.688684159938095,396.898,5.3730001922352315
34.563412983777454,0.02061794159719158,80.55379376168757,1.5364746219669974,0,0.40507894937079947,7.27190046416054,38.252887833580985,7.295456172855211,1,329,12.65236706869546,391.8697371657036,6.617098526758561
34.63613018340405,0.0036103471584425367,0.44615065818976024,7.106768989124283,0,0.469283061914905,7.196158602239608,61.13420406235146,4.981352149172212,2,241,17.761741844071555,392.91592353481815,3.9914324194801494
35.919332406119615,0.08948788629857757,45.0,3.44,0,0.4370000000000001,7.001547800876121,25.25868262925004,6.066760927025556,5,398,15.2,381.83140015913375,5.1626447104875
34.74935251798561,0.03560937281910568,85.12277253048782,1.5029240915650406,0,0.4036584818313008,7.171886067558942,30.445082119918666,7.426482250032521,2,353,14.102679942276428,393.8037938747175,5.916472572479671
33.4956780923994,0.030996082822104525,76.80235030673728,2.9524031337423167,0,0.42463561276075706,7.031690027975412,16.400783435579097,5.6300186456427515,2,255,17.939529938652544,395.5108589815958,2.6853197533698583
35.795530726256985,0.04531032130594886,14.806049183781965,3.0313478280674633,0,0.44689546311216355,7.014485859805151,41.61485819378533,5.457172890842507,4,217,15.886850655081426,393.4415278180461,4.782176180200067
35.148221906116646,0.016167839575824905,87.73725744583936,1.4809696412465279,0,0.4067712375902678,7.21505886168759,20.97981802797467,8.199800036099102,4,229,17.960339801444285,395.88308580437706,4.383095904781691
36.693188010899185,0.06027857116854436,0.0,2.402000006618871,0,0.481785714994879,7.014592853195174,57.53000009928306,3.498692780718539,3,199,17.98642855015363,396.898,5.100071421716169
36.693188010899185,0.06537408862969081,0.0,2.46,0,0.488,6.419569264143499,60.94741243571137,2.6741441387764935,3,193,17.8,396.898,7.996339168812401
39.526381909547744,0.5477313688281825,20.0,3.97,0,0.647,7.2505218867469186,91.28806321387509,1.9597757841301042,5,264,13.0,387.9570589351545,7.9808968634795825
34.94151212553495,0.09633521903587325,38.479176733932704,5.010925605007122,0,0.4346287915396119,6.969376865568008,19.247351962631296,5.894311510284138,6,357,15.733521903587325,385.2382269674871,4.957727492376714
42.6605504587156,0.05668654162090173,0.0,2.46,0,0.488,7.538876540306314,55.24769989016416,3.0719898001331796,3,193,17.8,394.09442308981477,4.652529778166011
41.52718562874251,0.18443673974685654,0.0,3.9723484977427588,0,0.4642926167271368,8.133417720258405,76.75208505885449,3.298476904186285,3,286,17.803803897690134,393.023453972884,4.187110454730515
41.35642477994632,1.2245454262656967,0.0,19.593051656147864,0,0.6049185973541532,6.928259402116672,97.19120240425757,1.9038835692424811,4,401,14.729062500165988,363.4182299288112,4.59279678774244
41.60075522061994,0.5923579209139813,0.0,6.250365110665291,0,0.5076599854987207,8.328566360417808,73.08265242138971,3.85154645191063,7,308,17.441198690135312,385.89482017373524,2.4653643008092847
42.808953759631,0.3745269382295824,21.843569998009507,5.872603070724141,0,0.43042980697741556,8.259486314634698,8.062811348597444,8.909463172041315,7,328,19.096970822359534,396.7806042629669,3.552129670964212
43.08875148106065,0.5263805737921188,20.398771984263323,3.9513354499471025,0,0.6473106785308895,7.51023645611774,89.65612557985995,2.155358157638182,4,263,13.028595138674929,388.38804402052523,7.260450016884851
40.95985401459854,0.14853675331785482,1.3144034996589404,2.960977788981583,0,0.45354362274778315,8.029633615185213,74.46214790539904,3.4540563309856243,2,275,17.671399125085266,396.46431256528757,4.140993816267906
46.484210526315785,0.31732579676580164,0.0,6.2,0,0.5044360868935878,8.263238116340611,77.15163784688544,3.004184621779854,8,307,17.4,384.1622899830381,4.112381163406105
38.70025188916877,0.06246590832584084,21.36120058828078,3.209586101805931,0,0.44603652438924174,7.621440759048986,52.02451177383334,4.9907525505355945,5,216,15.266477081460211,379.14435443581596,3.3722887719578076
48.31745418527622,0.33869416374615896,0.5239599675339822,6.169904121333559,0,0.5057309546216741,8.240973716249918,70.79758292654117,3.627450893439076,7,308,17.40865449860721,378.98905952085914,3.9177986767171715
75.0,8.743216784168078,0.0,18.1,0,0.6497409108660943,6.043279713369238,94.732284513314,1.1492460669249276,24,666,20.2,356.89454863208977,9.200767782082126
70.65,1.7189626730124887,0.0,19.58,0,0.605,7.64000481330775,98.04913137444261,2.0100719317607347,5,403,14.7,384.6720128144163,2.423524037797795
47.916666666666664,0.05828872547459534,9.154901898381363,2.8582382325795894,0,0.4674014707286419,7.7458594123450535,51.81479412981564,4.1204408760720845,3,203,16.472539224734703,385.5060285779644,3.7908470633165416
45.2354874041621,1.9521097452081648,0.0,19.58,0,0.605,7.856379400477417,96.28838206838448,2.0335528587025187,5,403,14.7,368.86673803387623,3.7655500340518238
46.29430719656283,0.5275153324803913,1.4723785154034763,6.035829795532512,0,0.5145275063851349,8.63628919444694,83.47116112492911,2.838491329969289,7,303,17.076076726611234,382.46887893823026,4.823617774775557
49.907645951921275,9.239986552679465,0.5978357887348354,18.058660615780425,0,0.6312340232223217,6.218893711506935,99.85358721886638,1.152556457914511,23,667,20.183913687032028,366.13971503651914,9.477807832269662
49.910577355301285,0.004085236031895131,89.9316431429158,1.1801257289197526,0,0.4007287016777236,7.916991054576134,24.158527671435643,5.911022386696911,1,198,13.600993272080764,395.6381318548585,3.1521010217972805
49.87635465067557,0.007113006644343656,94.3188036071219,2.6978899231200506,0,0.41723311814867986,8.028505807598243,31.737192881601842,5.169923858507816,4,223,14.719646405159356,390.6044847749749,2.8899220590005568
33.87050147492625,0.04019348979930443,78.18675015204211,2.132442044009541,0,0.4144330098966114,7.151813249847957,22.306624923978948,6.615286219384038,3,400,16.394723005473516,388.53560269668844,4.7660890971416086
75.0,0.015037411549694787,90.03741154969478,1.2209989956102674,0,0.4011122346490844,7.923830536403224,24.8531244005666,5.879261068276819,1,198,13.608230540932853,395.48280543729345,3.157904953217092
41.25192051649469,1.2336800056786281,0.0,19.51153726280175,0,0.6045462666554766,6.946536835317321,97.67731850295512,1.8930271602514952,5,404,14.724294244923835,363.3012758933244,4.57975153670763
51.349999999999994,0.03802913729485367,79.82641114026237,2.0678394010736625,0,0.4133180404246216,7.1501735888597375,21.486794429868812,6.716486095576993,3,400,16.453750801049445,388.12244092087667,4.735263470563067
41.4519906323185,0.01445116323920986,90.0,1.2127441838039508,0,0.4015488367607902,7.738042011613722,24.004186696854298,6.656664485670937,2,205,14.7799990356988,395.63251153596195,3.612790327651866
46.29430719656283,0.5297145534035361,7.7558668672459525,5.335220844302077,0,0.5594544481008086,8.25770902124843,85.4818773975187,2.601603819104828,6,290,15.69370928920589,384.4698558038745,5.649896493042842
32.795121951219514,0.06458143088183167,40.0,6.41,1,0.447,6.847141802425557,35.71961300403041,4.20216805092283,4,254,17.6,395.55859625746433,3.9713307310656285
33.19879518072289,0.06980594563582623,31.536221042823758,2.1044501183392907,0,0.4667115082837503,7.3901577967440195,70.72897683425902,3.6773343441127295,6,221,18.418887470415175,396.5523592914023,6.6192110162799
40.781662591687045,0.4943100566404853,18.077968844575555,3.8662103176070803,0,0.6275874853302131,7.5727597552164,88.11223912586563,2.2702176107800063,4,265,13.48050778885611,389.1886501862308,6.966890248797772
42.747698260238884,0.3537160596672931,21.626736412887922,5.758793496656748,0,0.43281505588089214,8.262377540523365,8.26331956559624,8.874414920902375,6,331,19.085535967862132,396.68125812352787,3.4962038390911125
45.2354874041621,1.6461770500983994,0.0,19.58,0,0.605,7.537508337761516,97.95367481980118,1.9905033380592418,5,403,14.7,381.5483163844688,2.742110288913563
35.434132581100144,0.0595340038650975,0.0,3.2821124071350765,0,0.46047918946390304,7.1555644726934835,55.75512793644827,5.815207957911471,2,226,18.49715722568066,395.9806998983559,5.037004881538732
32.13898479249132,0.0,90.06687862388792,2.9681080008029546,0,0.40098156213375163,7.098277326012674,21.198529707541308,7.304551055217434,0,285,15.310620129824832,394.42321983771745,7.840618613291262
44.810057858217384,0.306512680349133,0.6628804186670191,6.154980675191435,0,0.5050023659286785,8.265053983030517,77.78397661471402,2.870768664209182,7,307,17.383378323119935,385.07138427149556,4.144520262322856
41.9953596287703,0.06713150519910505,0.0,2.46,0,0.488,6.3864731330084465,60.96391882402334,2.6843819519490673,3,193,17.8,396.28441505345995,8.731348153501937
55.300000000000004,0.06016959834696199,0.0,2.4047738602591493,0,0.4820829135991946,7.012938447631151,57.57160790388724,3.4666646777934638,3,198,17.977512592024162,396.898,5.097198501874453
49.95207827877669,9.211703890320994,0.0,18.047469748137672,0,0.6311630185844659,6.220969455447226,100.0910823345624,1.1565603145118402,24,665,20.216419347667745,366.2137291429789,9.579162843765237
36.27768595041322,0.05478058171635854,3.0661126510871064,2.593375900322289,0,0.481101246535054,6.978160332409348,55.14992058984767,3.1993864082513226,3,196,17.35541366559237,396.1822160016037,4.97101246535054
49.90349604313468,8.256448231942404,0.0,18.01146449659171,1,0.6678315084537139,5.878784790773566,89.72752063884283,1.1369576499137002,24,667,20.181781468493025,347.9174516284192,8.87291451650102
40.95985401459854,0.3610545999640523,11.458453458904643,3.5087564867808507,0,0.5194799474828802,7.725819318905805,62.59360945308157,3.1380691747551204,3,269,15.13538663527384,393.1172832812344,3.6084311934075064
33.3028548626234,0.045359655484593545,32.662724868846844,2.057570586906197,0,0.47132248052851355,7.414377706702458,72.18153850240279,3.108215008734437,6,222,18.428590242711174,396.9094004837079,6.457814868236805
37.658409387222946,0.1906421619237298,36.06242933684001,5.929616379094481,0,0.4722004522442239,7.306966342231074,49.7087627193688,4.409977609002431,4,255,16.694358747473203,389.45652558128273,5.481021039173381
33.87050147492625,0.026050681244283155,95.0,1.47,0,0.403,7.035914692378054,14.766996441692033,7.653,3,402,17.0,392.10134869205564,4.518121148990088
33.04479966057999,0.11232758449972498,34.39339413192766,6.070420043360047,0,0.431263076531975,6.986924296747369,18.225036846900096,5.495815659678875,7,328,16.11144194304228,390.2603640334332,4.861502073055481
55.85,0.5189366042640852,18.551823042614693,3.8917984443011937,0,0.6323734127304084,7.268488835711176,90.47042197323945,2.0433198469154004,4,264,13.362044239346327,388.5413313104542,7.818329581788557
68.1,0.06268436450162888,0.0,2.3160290722726087,0,0.4725745434577795,7.479299590837373,53.908509130844415,4.671102736012576,3,207,18.262763696266614,394.824042465958,4.902480058571801
54.45,0.06453200211351812,67.05666490540156,2.5709674027271783,0,0.422001467864327,6.961587199154593,18.764973551730208,6.997449358680721,4,399,15.994039936594456,386.15769972304014,4.861788019021663
22.6,0.067,0.0,3.24,0,0.46,6.332999999999998,17.2,5.215,4,430,16.9,375.209,7.34
50.0,9.232,0.0,18.1,0,0.631,6.216,100.0,1.169,24,666,20.2,366.148,9.53
23.0,0.114,0.0,13.89,1,0.55,6.372999999999998,92.4,3.363,5,276,16.4,393.73800000000006,10.5
8.3,24.802,0.0,18.1,0,0.693,5.349,96.0,1.703,24,666,20.2,396.898,19.77
20.6,4.836,0.0,18.1,0,0.583,5.905,53.2,3.152,24,666,20.2,388.219,11.45
18.7,0.062,0.0,5.19,0,0.515,5.968,58.5,4.812,5,224,20.2,396.898,9.29
16.1,2.635,0.0,9.9,0,0.544,4.973,37.8,2.519,4,304,18.4,350.449,12.64
8.8,73.53399999999998,0.0,18.1,0,0.679,5.957000000000002,100.0,1.803,24,666,20.2,16.45,20.62
17.2,14.050999999999998,0.0,18.1,0,0.597,6.657,100.0,1.527,24,666,20.2,35.05,21.22
10.5,24.394,0.0,18.1,0,0.7,4.652,100.0,1.467,24,666,20.2,396.898,28.28
50.0,1.834,0.0,19.58,1,0.605,7.802,98.2,2.041,5,403,14.7,389.609,1.92
29.0,0.056,70.0,2.24,0,0.4,7.041,10.0,7.8279999999999985,5,358,14.8,371.578,4.74
23.0,5.824,0.0,18.1,0,0.532,6.242000000000001,64.7,3.424,24,666,20.2,396.898,10.74
33.3,0.04,80.0,1.52,0,0.404,7.287000000000001,34.1,7.309,2,329,12.6,396.898,4.08
21.0,0.08,0.0,5.96,0,0.499,5.85,41.5,3.934,5,279,19.2,396.898,8.77
20.4,0.131,0.0,8.56,0,0.52,6.127000000000002,85.2,2.122,5,384,20.9,387.689,14.09
19.3,0.171,0.0,6.91,0,0.448,5.682,33.8,5.1,3,233,17.9,396.898,10.21
23.1,13.522,0.0,18.1,0,0.631,3.863,100.0,1.511,24,666,20.2,131.42,13.33
19.6,0.852,0.0,8.14,0,0.5379999999999999,5.965,89.2,4.012,4,307,21.0,392.529,13.83
19.4,2.149,0.0,19.58,0,0.871,5.709,98.5,1.6230000000000002,5,403,14.7,261.949,15.79
38.7,0.121,0.0,2.89,0,0.445,8.068999999999999,76.0,3.495,2,276,18.0,396.898,4.21
18.7,0.222,0.0,10.01,0,0.547,6.0920000000000005,95.4,2.548,6,432,17.8,396.898,17.09
14.6,10.233,0.0,18.1,0,0.614,6.185,96.7,2.17,24,666,20.2,379.699,18.03
20.0,6.801,0.0,18.1,0,0.713,6.081,84.4,2.717,24,666,20.2,396.898,14.7
20.5,0.197,22.0,5.86,0,0.431,6.226,79.2,8.055,7,330,19.1,376.139,10.15
23.6,0.092,0.0,4.05,0,0.51,6.416,84.1,2.6460000000000004,5,296,16.6,395.5,9.04
16.8,4.222,0.0,18.1,1,0.77,5.803,89.0,1.905,24,666,20.2,353.039,14.64
5.6,25.046,0.0,18.1,0,0.693,5.987,100.0,1.589,24,666,20.2,396.898,26.77
50.0,8.267000000000001,0.0,18.1,1,0.6679999999999999,5.875,89.6,1.13,24,666,20.2,347.879,8.88
13.3,6.393,0.0,18.1,0,0.584,6.162000000000001,97.4,2.206,24,666,20.2,302.76,24.1
19.8,0.045,0.0,3.24,0,0.46,6.144,32.2,5.874,4,430,16.9,368.568,9.09
20.3,0.141,0.0,13.92,0,0.4370000000000001,5.79,58.0,6.32,4,289,16.0,396.898,15.84
17.0,1.414,0.0,19.58,1,0.871,6.129,96.0,1.749,5,403,14.7,321.02,15.12
27.5,0.149,0.0,8.56,0,0.52,6.727,79.9,2.778,5,384,20.9,394.76,9.42
15.6,3.535,0.0,19.58,1,0.871,6.152,82.6,1.745,5,403,14.7,88.01,15.02
24.3,0.537,0.0,6.2,0,0.504,5.981,68.1,3.671,8,307,17.4,378.35,11.65
42.8,0.369,22.0,5.86,0,0.431,8.259,8.4,8.907,7,330,19.1,396.898,3.54
15.6,0.976,0.0,21.89,0,0.624,5.7570000000000014,98.4,2.346,4,437,21.2,262.76,17.31
21.7,0.094,12.5,7.87,0,0.524,5.8889999999999985,39.0,5.4510000000000005,5,311,15.2,390.5,15.71
17.2,0.062,0.0,4.39,0,0.442,5.898,52.3,8.014,3,352,18.8,364.609,12.67
21.7,0.174,0.0,10.59,1,0.489,5.96,92.1,3.877,4,277,18.6,393.25,17.27
18.6,0.07200000000000001,60.0,1.69,0,0.411,5.884,18.5,10.71,4,411,18.3,392.328,7.79
33.1,0.1,34.0,6.09,0,0.433,6.982,17.7,5.492000000000001,7,329,16.1,390.43,4.86
31.5,0.442,0.0,6.2,0,0.504,6.5520000000000005,21.4,3.375,8,307,17.4,380.34,3.76
20.1,13.075,0.0,18.1,0,0.58,5.712999999999999,56.7,2.824,24,666,20.2,396.898,14.76
15.2,5.441,0.0,18.1,0,0.713,6.655,98.2,2.355,24,666,20.2,355.289,17.73
15.0,0.225,12.5,7.87,0,0.524,6.377000000000002,94.3,6.347,5,311,15.2,392.52,20.45
27.5,14.438,0.0,18.1,0,0.597,6.852,100.0,1.465,24,666,20.2,179.359,19.78
20.0,0.102,0.0,12.83,0,0.4370000000000001,6.279,74.5,4.052,5,398,18.7,373.658,11.97
21.4,0.095,0.0,12.83,0,0.4370000000000001,6.2860000000000005,45.0,4.503,5,398,18.7,383.229,8.94
23.5,0.036000000000000004,80.0,3.37,0,0.398,6.29,17.8,6.6110000000000015,4,337,16.1,396.898,4.67
31.2,0.03,55.0,3.78,0,0.484,6.874,28.1,6.465,5,370,17.6,387.969,4.61
23.7,5.707999999999998,0.0,18.1,0,0.532,6.75,74.9,3.332,24,666,20.2,393.068,7.74
7.4,22.597,0.0,18.1,0,0.7,5.0,89.5,1.518,24,666,20.2,396.898,31.99
48.3,0.331,0.0,6.2,0,0.507,8.247,70.4,3.652,8,307,17.4,378.949,3.95
24.4,0.23,0.0,10.59,0,0.489,6.3260000000000005,52.5,4.355,4,277,18.6,394.869,10.97
18.3,0.268,0.0,9.69,0,0.585,5.794,70.6,2.893,6,391,19.2,396.898,14.1
23.3,0.093,30.0,4.93,0,0.428,6.606,42.2,6.19,6,300,16.6,383.779,7.37
17.1,0.35200000000000004,0.0,21.89,0,0.624,6.454,98.4,1.85,4,437,21.2,394.078,14.59
27.9,11.951,0.0,18.1,0,0.659,5.608,100.0,1.285,24,666,20.2,332.09,12.13
44.8,0.315,0.0,6.2,0,0.504,8.266,78.3,2.894,8,307,17.4,385.049,4.14
50.0,0.527,0.0,6.2,0,0.504,8.725,83.0,2.894,8,307,17.4,382.0,4.63
23.2,5.292999999999998,0.0,18.1,0,0.7,6.051,82.5,2.168,24,666,20.2,378.379,18.76
18.9,0.014,75.0,4.0,0,0.41,5.888,47.6,7.32,3,469,21.1,396.898,14.8
13.4,11.16,0.0,18.1,0,0.74,6.629,94.6,2.125,24,666,20.2,109.85,23.27
24.3,0.34,22.0,5.86,0,0.431,6.108,34.9,8.055,7,330,19.1,390.18,9.16
14.1,4.752,0.0,18.1,0,0.713,6.525,86.5,2.436,24,666,20.2,50.92,18.13
18.7,0.149,25.0,5.13,0,0.453,5.7410000000000005,66.2,7.225,8,284,19.7,395.109,13.15
28.1,0.141,0.0,10.59,0,0.489,6.375,32.3,3.945,4,277,18.6,385.809,9.38
19.8,0.128,0.0,8.56,0,0.52,6.474,97.1,2.4330000000000003,5,384,20.9,395.23800000000006,12.27
26.7,0.358,0.0,6.2,1,0.507,6.9510000000000005,88.5,2.862,8,307,17.4,391.699,9.71
21.7,0.159,0.0,10.81,0,0.413,5.961,17.5,5.287000000000001,4,305,19.2,376.939,9.88
10.4,25.941,0.0,18.1,0,0.679,5.3039999999999985,89.1,1.6469999999999998,24,666,20.2,127.36,26.64
21.9,3.697,0.0,18.1,0,0.718,4.963,91.4,1.7519999999999998,24,666,20.2,316.029,14.0
20.6,0.045,0.0,11.93,0,0.573,6.12,76.7,2.287,1,273,21.0,396.898,9.08
26.4,0.093,34.0,6.09,0,0.433,6.495,18.4,5.492000000000001,7,329,16.1,383.609,8.67
41.3,1.224,0.0,19.58,0,0.605,6.943,97.4,1.877,5,403,14.7,363.43,4.59
27.1,0.145,12.5,7.87,0,0.524,6.1720000000000015,96.1,5.95,5,311,15.2,396.898,19.15
16.5,0.211,12.5,7.87,0,0.524,5.631,100.0,6.082000000000002,5,311,15.2,386.629,29.93
24.4,0.136,0.0,10.59,1,0.489,6.064,59.1,4.239,4,277,18.6,381.318,14.66
8.4,13.678,0.0,18.1,0,0.74,5.935,87.9,1.821,24,666,20.2,68.95,34.02
23.0,0.59,0.0,21.89,0,0.624,6.372000000000001,97.9,2.327,4,437,21.2,385.76,11.12
50.0,0.015,90.0,1.21,1,0.401,7.922999999999999,24.8,5.885,1,198,13.6,395.52,3.16
19.4,0.22,0.0,6.91,0,0.448,5.602,62.0,6.087999999999999,3,233,17.9,396.898,16.2
18.8,0.098,0.0,25.65,0,0.581,5.879,95.8,2.006,2,188,19.1,379.379,17.58
33.4,0.075,33.0,2.18,0,0.472,7.42,71.9,3.099,7,222,18.4,396.898,6.47
33.2,0.105,40.0,6.41,1,0.447,7.267,49.0,4.787,4,254,17.6,389.25,6.05
7.5,10.834,0.0,18.1,0,0.679,6.782,90.8,1.819,24,666,20.2,21.57,25.79
17.4,1.207,0.0,19.58,0,0.605,5.875,94.6,2.426,5,403,14.7,292.289,14.43
8.4,11.812,0.0,18.1,0,0.718,6.824,76.5,1.794,24,666,20.2,48.45,22.74
35.4,0.013,90.0,1.22,0,0.403,7.249,21.9,8.697000000000001,5,226,17.9,395.93,4.81
24.0,0.33,0.0,6.2,0,0.507,6.086,61.5,3.652,8,307,17.4,376.75,10.88
7.2,18.085,0.0,18.1,0,0.679,6.434,100.0,1.835,24,666,20.2,27.25,29.05
13.1,23.648000000000003,0.0,18.1,0,0.6709999999999999,6.38,96.2,1.386,24,666,20.2,396.898,23.69
24.5,0.28,0.0,9.69,0,0.585,5.926,42.6,2.382,6,391,19.2,396.898,13.59
37.2,0.058,0.0,2.46,0,0.488,6.98,58.4,2.829,3,193,17.8,396.898,5.04
25.0,0.054000000000000006,21.0,5.64,0,0.439,6.511,21.1,6.815,4,243,16.8,396.898,5.28
16.6,0.672,0.0,8.14,0,0.5379999999999999,5.813,90.3,4.682,4,307,21.0,376.879,14.81
32.9,0.018000000000000002,95.0,1.47,0,0.403,7.135,13.9,7.653,3,402,17.0,384.299,4.45
36.2,0.069,0.0,2.18,0,0.458,7.147,54.2,6.062,3,222,18.7,396.898,5.33
11.0,7.367000000000001,0.0,18.1,0,0.679,6.193,78.1,1.936,24,666,20.2,96.73,21.52
7.2,16.812,0.0,18.1,0,0.7,5.277,98.1,1.426,24,666,20.2,396.898,30.81
22.8,0.493,0.0,9.9,0,0.544,6.635,82.5,3.317,4,304,18.4,396.898,4.54
28.7,0.03,0.0,2.18,0,0.458,6.43,58.7,6.062,3,222,18.7,394.119,5.21
14.4,1.629,0.0,21.89,0,0.624,5.019,100.0,1.439,4,437,21.2,396.898,34.41
24.4,0.115,20.0,6.96,0,0.464,6.5379999999999985,58.7,3.917,3,223,18.6,394.959,7.73
22.5,0.065,70.0,2.24,0,0.4,6.345,20.1,7.8279999999999985,5,358,14.8,368.23800000000006,4.97
20.5,0.093,0.0,25.65,0,0.581,5.961,92.9,2.087,2,188,19.1,378.09,17.93
15.2,1.232,0.0,8.14,0,0.5379999999999999,6.142,91.7,3.977,4,307,21.0,396.898,18.72
17.4,0.136,12.5,6.07,0,0.409,5.5939999999999985,36.8,6.497999999999998,4,345,18.9,396.898,13.09
13.6,1.252,0.0,8.14,0,0.5379999999999999,5.57,98.1,3.798,4,307,21.0,376.568,21.02
8.7,15.177,0.0,18.1,0,0.74,6.152,100.0,1.914,24,666,20.2,9.32,26.45
18.2,0.638,0.0,8.14,0,0.5379999999999999,6.096,84.5,4.462,4,307,21.0,380.02,10.26
35.4,0.037000000000000005,20.0,3.33,0,0.443,6.968,37.2,5.245,5,216,14.9,392.229,4.59
31.7,0.463,0.0,6.2,0,0.504,7.412000000000001,76.9,3.671,8,307,17.4,376.139,5.25
33.0,0.02,17.5,1.38,0,0.416,7.104,59.5,9.223,3,216,18.6,393.23800000000006,8.05
22.2,0.241,0.0,7.38,0,0.493,6.082999999999998,43.7,5.416,5,287,19.6,396.898,12.79
20.4,0.35100000000000003,0.0,7.38,0,0.493,6.041,49.9,4.721,5,287,19.6,396.898,7.7
23.9,0.045,25.0,4.86,0,0.426,6.619,70.4,5.401,4,281,19.0,395.629,7.22
25.0,4.542,0.0,18.1,0,0.77,6.398,88.0,2.518,24,666,20.2,374.559,7.79
29.1,0.014,60.0,2.93,0,0.401,6.604,18.8,6.22,1,265,15.6,376.699,4.38
12.0,15.023,0.0,18.1,0,0.614,5.3039999999999985,97.3,2.101,24,666,20.2,349.4790000000001,24.91
17.7,3.693,0.0,18.1,0,0.713,6.376,88.4,2.567,24,666,20.2,391.43,14.65
27.0,1.273,0.0,19.58,1,0.605,6.25,92.6,1.798,5,403,14.7,338.92,5.5
10.2,17.867,0.0,18.1,0,0.6709999999999999,6.223,100.0,1.386,24,666,20.2,393.73800000000006,21.78
19.7,0.29,0.0,9.69,0,0.585,5.39,72.9,2.799,6,391,19.2,396.898,21.14
20.5,0.043,21.0,5.64,0,0.439,6.115,63.0,6.815,4,243,16.8,393.969,9.43
19.5,0.034,0.0,5.19,0,0.515,5.869,46.3,5.231,5,224,20.2,396.898,9.8
24.6,0.192,0.0,7.38,0,0.493,6.431,14.7,5.416,5,287,19.6,393.68,5.08
50.0,0.056,0.0,2.46,0,0.488,7.831,53.6,3.199,3,193,17.8,392.629,4.45
43.5,0.54,20.0,3.97,0,0.575,7.47,52.6,2.872,5,264,13.0,390.299,3.16
25.0,0.029,28.0,15.04,0,0.464,6.211,28.9,3.666,4,270,18.2,396.328,6.21
22.0,0.035,34.0,6.09,0,0.433,6.59,40.4,5.492000000000001,7,329,16.1,395.75,9.5
19.9,3.164,0.0,18.1,0,0.655,5.759,48.2,3.0660000000000003,24,666,20.2,334.398,14.13
22.1,0.79,0.0,9.9,0,0.544,6.122000000000001,52.8,2.64,4,304,18.4,396.898,5.98
46.0,0.061,20.0,3.33,1,0.443,7.645,49.7,5.2120000000000015,5,216,14.9,377.068,3.01
20.2,0.8029999999999999,0.0,8.14,0,0.5379999999999999,5.456,36.6,3.796,4,307,21.0,288.988,11.69
43.1,0.534,20.0,3.97,0,0.647,7.52,89.4,2.14,5,264,13.0,388.369,7.26
34.6,0.038,80.0,1.52,0,0.404,7.274,38.3,7.309,2,329,12.6,392.199,6.62
24.3,1.3430000000000002,0.0,19.58,0,0.605,6.066,100.0,1.757,5,403,14.7,353.889,6.43
21.5,1.6569999999999998,0.0,19.58,0,0.871,6.122000000000001,97.3,1.618,5,403,14.7,372.799,14.1
23.8,1.8,0.0,19.58,0,0.605,5.877000000000002,79.2,2.426,5,403,14.7,227.609,12.14
25.1,0.521,0.0,6.2,1,0.507,6.631,76.5,4.148,8,307,17.4,388.449,9.54
19.4,0.044,80.0,3.37,0,0.398,5.787000000000001,31.1,6.6110000000000015,4,337,16.1,396.898,10.24
19.4,0.262,0.0,9.9,0,0.544,6.023,90.4,2.834,4,304,18.4,396.299,11.72
9.5,9.339,0.0,18.1,0,0.679,6.38,95.6,1.968,24,666,20.2,60.72,24.08
14.0,0.29100000000000004,0.0,21.89,0,0.624,6.174,93.6,1.612,4,437,21.2,388.078,24.16
26.5,0.114,0.0,8.56,0,0.52,6.7810000000000015,71.3,2.8560000000000003,5,384,20.9,395.578,7.67
34.7,0.027000000000000003,0.0,7.07,0,0.469,7.185,61.1,4.967,2,242,17.8,392.828,4.03
16.3,28.656,0.0,18.1,0,0.597,5.155,100.0,1.589,24,666,20.2,210.97,20.08
21.7,0.408,0.0,6.2,1,0.507,6.164,91.3,3.048,8,307,17.4,395.23800000000006,21.46
17.5,0.784,0.0,8.14,0,0.5379999999999999,5.99,81.7,4.258,4,307,21.0,386.75,14.67
15.6,2.155,0.0,19.58,0,0.871,5.627999999999999,100.0,1.517,5,403,14.7,169.27,16.65
20.9,0.035,80.0,3.64,0,0.392,5.876,19.1,9.22,1,315,16.4,395.18,9.25
21.7,3.85,0.0,18.1,1,0.77,6.395,91.0,2.505,24,666,20.2,391.34,13.27
18.5,0.142,0.0,10.01,0,0.547,6.254,84.2,2.256,6,432,17.8,388.73800000000006,10.45
23.7,0.08199999999999999,30.0,4.93,0,0.428,6.481,18.5,6.19,6,300,16.6,379.408,6.36
12.7,4.669,0.0,18.1,0,0.713,5.976,87.9,2.5810000000000004,24,666,20.2,10.48,19.01
21.6,0.269,0.0,9.9,0,0.544,6.266,82.8,3.263,4,304,18.4,393.389,7.9
17.1,9.724,0.0,18.1,0,0.74,6.4060000000000015,97.2,2.065,24,666,20.2,385.959,19.52
22.0,0.069,0.0,25.65,0,0.581,5.87,69.7,2.258,2,188,19.1,389.148,14.37
36.5,0.55,20.0,3.97,0,0.647,7.206,91.6,1.93,5,264,13.0,387.889,8.1
18.8,0.123,0.0,10.01,0,0.547,5.9129999999999985,92.9,2.353,6,432,17.8,394.949,16.21
20.2,5.8210000000000015,0.0,18.1,0,0.713,6.513,89.9,2.802,24,666,20.2,393.818,10.29
37.0,0.091,45.0,3.44,0,0.4370000000000001,6.9510000000000005,21.5,6.48,5,398,15.2,377.68,5.1
24.1,0.079,60.0,1.69,0,0.411,6.579,35.9,10.71,4,411,18.3,370.779,5.49
36.2,0.069,0.0,2.46,0,0.488,6.144,62.2,2.5980000000000003,3,193,17.8,396.898,9.45
15.7,0.387,0.0,25.65,0,0.581,5.613,95.6,1.757,2,188,19.1,359.289,27.26
32.2,0.009000000000000001,90.0,2.97,0,0.4,7.087999999999999,20.8,7.307,1,285,15.3,394.719,7.85
41.7,0.575,0.0,6.2,0,0.507,8.337,73.3,3.838,8,307,17.4,385.908,2.47
18.4,0.33,0.0,21.89,0,0.624,5.822,95.4,2.47,4,437,21.2,388.689,15.03
25.0,5.731,0.0,18.1,0,0.532,7.061,77.0,3.411,24,666,20.2,395.279,7.01
21.2,0.123,0.0,6.91,0,0.448,6.069,40.0,5.721,3,233,17.9,389.389,9.55
34.9,0.031,95.0,1.47,0,0.403,6.975,15.3,7.653,3,402,17.0,396.898,4.56
25.2,0.162,20.0,6.96,0,0.464,6.24,16.3,4.4289999999999985,3,223,18.6,396.898,6.59
24.8,0.043,52.5,5.32,0,0.405,6.565,22.9,7.317,6,293,16.6,371.719,9.51
18.9,0.064,0.0,5.96,0,0.499,5.933,68.2,3.36,5,279,19.2,396.898,9.68
10.8,12.802,0.0,18.1,0,0.74,5.854,96.6,1.896,24,666,20.2,240.52,23.79
27.5,4.556,0.0,18.1,0,0.718,3.5610000000000004,87.9,1.6130000000000002,24,666,20.2,354.699,7.12
17.5,0.031,0.0,4.39,0,0.442,6.0139999999999985,48.5,8.014,3,352,18.8,385.639,10.53
13.5,8.201,0.0,18.1,0,0.713,5.936,80.3,2.779,24,666,20.2,3.5,16.94
28.7,0.07,0.0,13.89,0,0.55,6.642,85.1,3.4210000000000003,5,276,16.4,392.779,9.69
19.1,4.422,0.0,18.1,0,0.584,6.002999999999999,94.5,2.54,24,666,20.2,331.289,21.32
28.6,0.129,0.0,13.92,0,0.4370000000000001,6.678,31.1,5.96,4,289,16.0,396.898,6.27
13.1,2.447,0.0,19.58,0,0.871,5.272,94.0,1.736,5,403,14.7,88.63,16.14
22.4,0.217,0.0,10.59,1,0.489,5.807,53.8,3.653,4,277,18.6,390.939,16.03
20.1,0.14,0.0,8.56,0,0.52,6.167000000000002,90.0,2.421,5,384,20.9,392.689,12.33
22.9,0.062,40.0,1.25,0,0.429,6.49,44.4,8.792,1,335,19.7,396.898,5.98
25.0,0.198,0.0,10.59,0,0.489,6.182,42.4,3.945,4,277,18.6,393.629,9.47
34.9,0.084,45.0,3.44,0,0.4370000000000001,7.185,38.9,4.567,5,398,15.2,396.898,5.39
50.0,0.02,95.0,2.68,0,0.416,8.033999999999999,31.9,5.118,4,224,14.7,390.549,2.88
29.0,0.448,0.0,6.2,1,0.507,6.726,66.5,3.652,8,307,17.4,360.199,8.05
30.1,0.657,20.0,3.97,0,0.647,6.8420000000000005,100.0,2.011,5,264,13.0,391.93,6.9
22.0,0.058,12.5,6.07,0,0.409,5.877999999999999,21.4,6.497999999999998,4,345,18.9,396.209,8.1
14.3,0.8809999999999999,0.0,21.89,0,0.624,5.6370000000000005,94.7,1.98,4,437,21.2,396.898,18.34
22.8,0.101,0.0,10.01,0,0.547,6.715,81.6,2.677,6,432,17.8,395.59,10.16
50.0,2.01,0.0,19.58,0,0.605,7.9289999999999985,96.2,2.046,5,403,14.7,369.299,3.7
6.3,9.917,0.0,18.1,0,0.693,5.852,77.8,1.5,24,666,20.2,338.158,29.97
34.9,0.034,75.0,2.95,0,0.428,7.024,15.8,5.401,3,252,18.3,395.619,1.98
32.4,0.056,40.0,6.41,1,0.447,6.757999999999999,32.9,4.078,4,254,17.6,396.898,3.53
19.9,3.837,0.0,18.1,0,0.77,6.251,91.1,2.295,24,666,20.2,350.648,14.19
20.3,0.084,0.0,12.83,0,0.4370000000000001,5.874,36.6,4.503,5,398,18.7,396.059,9.1
6.375384615384616,24.404327216765324,0.0,18.1,0,0.6948340994212505,5.728391981603664,97.2488508681241,1.5703969915844582,24,666,20.2,396.898,28.13771413984688
6.375384615384616,24.608373701921774,0.0,18.1,0,0.6942508714114117,5.810627130990932,98.12369288288225,1.5763125899699657,24,666,20.2,396.898,27.70279268108139
6.375384615384616,22.640009125508517,0.0,18.1,0,0.6998770666073664,5.017333608361333,89.68440008895034,1.519246895839569,24,666,20.2,396.898,31.898326812921827
6.375384615384616,24.61747248495422,0.0,18.1,0,0.6942248642733035,5.814294137464196,98.16270359004463,1.5765763766564922,24,666,20.2,396.898,27.683398786663524
5.929411764705882,19.66270368009819,0.0,18.1,0,0.693,5.938963447472619,92.10065580660849,1.5573314579634303,24,666,20.2,375.9967622558641,27.908644208056433
6.687769784172662,24.9069278906056,0.0,18.1,0,0.693,5.623360631993332,97.72012935419016,1.6539763134055803,24,666,20.2,396.898,22.780226369832793
6.515331090276359,23.30551403999235,0.0,18.1,0,0.6979748475786254,5.285546491413822,92.53772863206193,1.538540831702514,24,666,20.2,396.898,30.47981490863207
5.929411764705882,15.505508837196,0.0,18.1,0,0.693,5.901867717167127,86.00046904526084,1.5328757542805502,24,666,20.2,359.8559978251632,28.787950407890328
6.300000000000001,17.530673986064276,0.0,18.1,0,0.6993890311024471,5.338969702466072,98.26583441505005,1.4402268471858728,24,666,20.2,396.898,30.457383664840943
6.72,10.215346960019836,0.0,18.1,0,0.6933028903147409,5.8271197241462795,78.67838191274876,1.4967980166727386,24,666,20.2,340.69968244112624,30.006346837768913
6.304533743757742,9.931347546796921,0.0,18.1,0,0.6935178540924702,5.854546245055037,77.83661786080366,1.5044251446433996,24,666,20.2,338.9224923302283,30.03269606810114
6.306191082163168,9.923958855059281,0.0,18.1,0,0.6927913550002696,5.844715501122037,77.75854175829079,1.4973978500795104,24,666,20.2,335.6792254180446,29.982837131574893
6.304616283258498,9.848239704178159,0.0,18.1,0,0.6930230445754889,5.859480394818416,77.8493129728058,1.5000677650634466,24,666,20.2,337.7175576882936,29.909652147303298
7.163013698630135,12.619027636274573,0.0,18.1,0,0.693,5.760691978431568,81.10378924959336,1.5368499570146952,24,666,20.2,348.8208890396217,28.118425805172947
6.302697086152106,9.874093029923298,0.0,18.1,0,0.6926498734746388,5.861186407486834,77.7937382238819,1.4994130114055058,24,666,20.2,340.1871617370935,29.900994538963904
6.305087056568561,9.92196854565677,0.0,18.1,0,0.6932635684340918,5.849651533125365,77.77731832523808,1.5002562025402038,24,666,20.2,341.2130807333157,29.99128842548421
6.805839416058395,17.58257685172844,0.0,18.1,0,0.6972317853282413,5.336931271476922,84.87312690577467,1.5108817337011917,24,666,20.2,373.66872431155593,31.191172337578188
6.302195543202989,9.941567045847647,0.0,18.1,0,0.6930742423045668,5.855528733546578,77.74010825470657,1.5001353594718836,24,666,20.2,336.91917558215596,29.939612875486763
7.753846153846153,15.068484777531143,0.0,18.1,0,0.697754040120562,6.62154040120562,88.69948864530238,1.8152842142322296,24,666,20.2,37.44450386040806,26.015692483057787
7.202486159154988,18.13727282850002,0.0,18.1,0,0.6790064531850372,6.44368332973489,99.9687312215846,1.835358946832165,24,666,20.2,30.005947899302406,29.001561349790524
7.346938775510205,13.478134881706161,0.0,18.1,0,0.679,6.655099029260275,94.15485324944099,1.8248345273903321,24,666,20.2,23.64125722356792,26.978784955780178
7.753846153846153,16.037432158114264,0.0,18.1,0,0.691729977017941,6.56129977017941,92.32937282252274,1.8216172036478055,24,666,20.2,34.16988494308587,26.990355000430576
11.4,17.748765318039517,0.0,18.1,0,0.6836540312229612,6.3959284986843015,99.07682331478968,1.8339318616865334,24,666,20.2,30.43152626225374,29.429189101280603
7.194711779042052,18.126810953545913,0.0,18.1,0,0.6792920967872974,6.436875969286458,100.0058421661079,1.8352338557900967,24,666,20.2,27.512590957444512,29.119144213688518
7.346938775510205,17.381764909923493,0.0,18.1,0,0.679,6.467750629064491,99.10774199024908,1.8334482469395637,24,666,20.2,26.699127663545088,28.73383031393609
7.879245283018868,17.428476057669496,0.0,18.1,0,0.6927716507847871,6.3703343357162305,100.0,1.852835416590134,24,666,20.2,23.202037728340454,28.463011605894323
7.190360220105624,18.06647623436398,0.0,18.1,0,0.6788759976308132,6.440680384962318,100.01036688743932,1.8340831102966046,24,666,20.2,25.612406457340192,29.1026817733553
7.2986301369863,21.039211448776037,0.0,18.1,0,0.7,5.074590739617811,91.81581357658186,1.4932261803435427,24,666,20.2,396.898,31.672248834841092
7.2986301369863,19.15033070127146,0.0,18.1,0,0.7,5.165034986300399,94.62382989957916,1.4631869359579903,24,666,20.2,396.898,31.286962874243788
7.710967741935484,18.038828906121918,0.0,18.1,0,0.6989251811836228,5.2880552792541655,97.77755435508685,1.4685321160194957,24,666,20.2,396.898,29.114857181028036
7.2035834139293,16.829935110713986,0.0,18.1,0,0.699776759622579,5.2798285517028765,98.06189670965821,1.4250236268447498,24,666,20.2,394.93346621831824,30.825557559421835
6.300000000000001,22.80253686001982,0.0,18.1,0,0.694907243378657,5.793551028736225,99.48231965436455,1.544588475611274,24,666,20.2,396.898,27.870751892824863
7.207431952903727,16.814680536632032,0.0,18.1,0,0.7002243482989369,5.2726254987625545,98.1576529193903,1.4243023231020042,24,666,20.2,398.09726289057954,30.797362700283223
10.35,16.431685890774816,0.0,18.1,0,0.6996138943053551,5.308715824917257,96.98029348552991,1.4300816887719598,24,666,20.2,393.6580216423659,30.763667316642614
7.710967741935484,17.188081073886117,0.0,18.1,0,0.6996705172068581,5.280388965872316,98.00115516205746,1.4390381048143246,24,666,20.2,396.898,30.29035856624496
7.750000000001511,17.304195598894502,0.0,18.1,0,0.6995687898382651,5.281435304520701,97.97063695147953,1.443063602114365,24,666,20.2,396.898,30.129919973492456
11.0,21.69033928285627,0.0,18.1,0,0.7,5.043413140648023,90.84784479990252,1.5035811951638336,24,666,20.2,396.898,31.80506315536221
11.0,20.586805990074634,0.0,18.1,0,0.7,5.096253023465744,92.488361017348,1.486031486791161,24,666,20.2,396.898,31.579969069712714
11.0,22.281175022839435,0.0,18.1,0,0.7,5.015122475138026,89.96950644832859,1.5129773728783453,24,666,20.2,396.898,31.925579347787473
10.55,13.992967777884065,0.0,18.1,0,0.6952501399404722,5.5781258243882315,81.56094818621794,1.505786074132643,24,666,20.2,357.03988858619164,30.619326097107713
7.399983015000373,22.577230177912373,0.0,18.1,0,0.7000423357104301,5.004480124974903,89.54780489085483,1.5196225944298367,24,666,20.2,395.8728455331383,32.00022220085212
7.8242038216560506,24.53692959806219,0.0,18.1,0,0.6938414933394851,5.307045546359957,95.21861332762097,1.6807605331707507,24,666,20.2,396.898,21.239006944072575
10.2,24.89337385973304,0.0,18.1,0,0.6934362527488235,5.925488362415889,99.34562087676477,1.5845751506905046,24,666,20.2,396.898,27.0953199069798
7.400307081691088,22.665919518356663,0.0,18.1,0,0.6997998671301923,4.999740618473256,89.56185526013242,1.5171898609067582,24,666,20.2,394.5399239305477,32.044587459736
10.55,22.584229859822187,0.0,18.1,0,0.6999929502380722,5.0008580567375,89.48821682649208,1.517981872040757,24,666,20.2,396.8388424263372,31.9879656401294
7.5000524228804935,10.785728960231374,0.0,18.1,0,0.6793766241317447,6.789790852610845,90.70983691327089,1.8214295145812849,24,666,20.2,23.15904193475116,25.782211343095128
7.511434545226744,10.890946523896892,0.0,18.1,0,0.6791525420286509,6.777212878052618,90.84398484079688,1.8187819431224843,24,666,20.2,21.53113567734086,25.731796754939836
7.924528301886793,11.498823367008404,0.0,18.1,0,0.7055113612610713,6.810550696742692,81.07916753760719,1.8020055376531594,24,666,20.2,39.842445915323,23.716675593685448
11.1,13.232843487404761,0.0,18.1,0,0.679,6.6668713924125145,93.84362985576111,1.8242932693143672,24,666,20.2,23.449110606600335,26.868503622802304
11.7,11.324268444915583,0.0,18.1,0,0.6985505821592104,6.803054473094535,83.63145320828953,1.8064675755389676,24,666,20.2,35.04486278050193,24.26104421575406
8.055555555555554,11.418648923955146,0.0,18.1,0,0.6872117394338624,6.697190232076505,92.03849184904152,1.831788774528146,24,666,20.2,19.92092117926536,25.878848328300805
7.924528301886793,11.099269470057298,0.0,18.1,0,0.6846896756939154,6.702997453889406,90.52950722110894,1.8191865467440627,24,666,20.2,25.989292366847657,26.557639851818408
8.055555555555554,12.848409509242252,0.0,18.1,0,0.7072935712787882,6.489787706464974,95.0672271436861,1.8630637585489325,24,666,20.2,15.888094292374491,26.09612716465574
8.055555555555554,14.860002699334828,0.0,18.1,0,0.7355475856917856,6.197983951052051,99.32848833384307,1.9070659121429445,24,666,20.2,10.214132381567659,26.40182633699309
7.8242038216560506,23.91903882457072,0.0,18.1,0,0.6958030513505691,5.2092478683787675,93.39716660304293,1.6289193571635299,24,666,20.2,396.898,24.663326786279274
7.8242038216560506,23.178680766474436,0.0,18.1,0,0.6981533943921446,5.0920664795916455,91.21470520729426,1.5668031482076057,24,666,20.2,396.898,28.7663542102868
8.293561478980108,24.851065155266046,0.0,18.1,0,0.6929386684233048,5.346159049622153,96.06370142601997,1.7017099228354717,24,666,20.2,399.8631223750527,19.750923862129078
11.100000000000001,24.866657020418565,0.0,18.1,0,0.693,5.518062209127232,97.05995115440271,1.6727913920995228,24,666,20.2,396.898,21.624914520204747
6.687769784172662,24.91242485709036,0.0,18.1,0,0.693,5.6377338476379135,97.81024355885839,1.651408058572536,24,666,20.2,396.898,22.937926228002183
7.710967741935484,21.997417700993186,0.0,18.1,0,0.6954570808627093,5.323727168269276,96.7371242588128,1.6057698001470728,24,666,20.2,396.898,23.64516753204446
7.710967741935484,19.57535922953272,0.0,18.1,0,0.6975790344672429,5.301901359765502,97.37371034017288,1.521801064653387,24,666,20.2,396.898,26.991791502623126
6.687769784172662,25.038517921066965,0.0,18.1,0,0.693,5.967436203445591,99.87734296831091,1.5924957254031389,24,666,20.2,396.898,26.555350194544104
6.687769784172662,24.802365005477316,0.0,18.1,0,0.693,5.349954399567743,96.00598369634949,1.7028294646540398,24,666,20.2,396.898,19.780471468611598
12.600000000000001,13.669153035309016,0.0,18.1,0,0.7398956949500527,5.939214872245597,87.84595101957277,1.8208719892568828,24,666,20.2,68.85280665800366,33.96651995620884
7.924528301886793,11.2295705477588,0.0,18.1,0,0.6947742856468234,6.79898769223504,85.01609526283141,1.8088882784315234,24,666,20.2,32.442123030425975,24.55636996864586
12.600000000000001,12.623229261979368,0.0,18.1,0,0.727564332134805,6.437514033279926,81.45606301530805,1.8057380439836244,24,666,20.2,57.3622185801592,27.64389393093638
8.395422070092474,11.85983705983689,0.0,18.1,0,0.7178259259442155,6.8167199022800435,76.51975948597195,1.792587277034514,24,666,20.2,48.30360539559238,22.752631245903654
8.39908531993873,11.73369423201462,0.0,18.1,0,0.7179680550732032,6.819765567431493,76.47806778958775,1.7951419524827545,24,666,20.2,46.866886906027005,22.701220508145674
8.414609879304509,11.807245613730073,0.0,18.1,0,0.7180348519012825,6.827467102054547,76.43506553996606,1.7949450528996918,24,666,20.2,48.95628592510071,22.691718644957113
8.547368421052632,12.517115749031127,0.0,18.1,0,0.7226099692358647,6.68318639424995,81.42428532012823,1.8191452867410804,24,666,20.2,40.25054108184605,23.517408448411732
12.600000000000001,12.985702811734303,0.0,18.1,0,0.7318378680911868,6.264824330315222,83.67053164725137,1.810982838111911,24,666,20.2,61.34437708496956,29.83505236675398
8.547368421052632,12.264562008330223,0.0,18.1,0,0.7209588006488157,6.733622089272537,79.66053705668952,1.810138912629904,24,666,20.2,43.18736957326549,23.238961382141195
7.924528301886793,13.411163656308926,0.0,18.1,0,0.7342767169602125,6.014469192372131,88.17209050517023,1.8208123513757446,24,666,20.2,64.5046040913913,33.24782591118933
7.753846153846153,16.043399468178954,0.0,18.1,0,0.7072590497937563,6.2028317074248465,94.39451635238605,1.828514316440777,24,666,20.2,46.56807174425633,31.35241766352408
12.600000000000001,12.304133245133563,0.0,18.1,0,0.7238022140369444,6.589537805507107,79.50660181914395,1.801120899045341,24,666,20.2,53.85660853442554,25.71495337894244
8.547368421052632,14.290768417743811,0.0,18.1,0,0.74,6.02370630196825,92.84629610053376,1.8590169865578214,24,666,20.2,44.5741622748076,30.925499051153675
7.753846153846153,14.137718985112434,0.0,18.1,0,0.7336367465187523,5.987053499789222,89.16221913316552,1.8224604188317617,24,666,20.2,64.60003819396678,33.50155131472458
12.600000000000001,12.15755152152511,0.0,18.1,0,0.7220740265131578,6.65937229226376,78.61108646590904,1.7989999416297846,24,666,20.2,52.24625197816977,24.828864503109994
12.600000000000001,12.692284300753121,0.0,18.1,0,0.7283784858609692,6.404614821345377,81.87794267341135,1.8067372326475533,24,666,20.2,58.12086182499411,28.06133275053334
12.600000000000001,12.50637524948526,0.0,18.1,0,0.7261866320946815,6.493185639446733,80.74216390360769,1.8040472302980182,24,666,20.2,56.078452633680506,26.93750954672761
7.753846153846153,15.897211289985052,0.0,18.1,0,0.7092825303632657,6.1862789729300065,93.99313741974566,1.8280499110641686,24,666,20.2,47.951336330298034,31.517281572220174
8.547368421052632,14.283861927547605,0.0,18.1,0,0.7341607614876812,6.330362194558101,93.76263158911404,1.8821496081146247,24,666,20.2,19.705881953956077,25.465292050877153
7.879245283018868,17.63535286491303,0.0,18.1,0,0.688432075392127,6.390395979334757,100.0,1.8472153107537381,24,666,20.2,24.477588331461703,28.647977114433935
8.547368421052632,14.667497308967777,0.0,18.1,0,0.7366689274286154,6.253749125816836,96.4418088442029,1.8958305132469935,24,666,20.2,15.244766805376196,25.888260034552882
8.547368421052632,13.136642681452539,0.0,18.1,0,0.7266603681996897,6.559465116809478,85.75084784966856,1.8412383719983074,24,666,20.2,33.046354197551885,24.200453000947675
8.685074914695294,15.185092397240851,0.0,18.1,0,0.7401053121327809,6.140115527324443,99.89657201657731,1.914858227298369,24,666,20.2,9.938479266707454,26.463398385125192
7.879245283018868,17.678711043292022,0.0,18.1,0,0.6875225675237919,6.394600589480175,100.0,1.846037423514419,24,666,20.2,24.744924004891995,28.686743023576085
8.055555555555554,15.039581813035216,0.0,18.1,0,0.7380698804041327,6.171934022055679,99.70889999537738,1.910994076039223,24,666,20.2,9.70760598441598,26.42911673879881
8.547368421052632,13.82240758877819,0.0,18.1,0,0.74,5.955904901110651,89.06566499280594,1.8299592433331364,24,666,20.2,63.20548731231257,33.29073685987265
8.547368421052632,14.478369405522521,0.0,18.1,0,0.74,6.050864016676709,94.36062028473816,1.870656007147161,24,666,20.2,37.11142251413746,29.97810780533323
