ConcreteCompressiveStrength,Cement,BlastFurnaceSlag,FlyAsh,Water,Superplasticizer,CoarseAggregate,FineAggregate,Age
68.75137880986938,424.0,22.0,132.0,176.2227830197162,8.571088679211352,822.0,750.0,51
65.66163061989707,424.296559118505,23.981120477454915,131.2871700236642,178.2631650139526,8.551036879392433,820.8673326318385,749.7439897828208,56
65.69488398671183,424.90331989288245,21.853768846537584,131.79946745035556,178.12467727639202,8.562874594554607,823.2398296764339,750.1047165428696,54
65.81087400643568,424.09493239258,23.108346863518975,132.0828855140524,177.8515972635801,8.505794109761261,819.9067262702804,750.8100838766715,54
65.74889222345132,423.22456691703485,21.906976468181277,132.3834296037372,177.9506396416622,8.542507452771138,822.4584058260048,749.4613393555861,54
65.59519717559208,423.46958482202797,21.39901304772345,132.17788727965967,177.96045795155337,8.51782038520975,823.1508251832857,749.6848381741906,57
65.74837403074643,424.20083686634047,22.941981225914432,131.86566813815023,177.71684725098532,8.628562568820202,823.9089128101759,750.3381250718462,56
65.93469439716756,367.0024884242251,188.15180168236645,0.0,191.58800894997458,6.626592339783706,822.4950921638036,756.7503715221314,29
65.83244493943174,365.4326591327835,186.49304858333042,0.0,191.34963036238838,6.607974320952803,824.7484410841164,755.9396467523314,28
98.865,366.0,187.0,0.0,191.08238270043097,6.890156399425393,824.0823827004309,756.9725390998564,28
65.87077642773666,365.8947216198396,185.93724518113567,0.0,191.2963886293797,6.442924284031168,826.0675021950639,757.099720595626,27
65.89651885998697,365.9847759620304,186.59243253856977,0.0,191.33737110686658,6.630027626644669,824.565582733095,756.0323300041463,27
65.97795402900046,365.51055841754993,186.392419412894,0.0,191.0908322982401,6.572731743542329,823.1107430109745,756.9505435221791,27
65.89270930251024,366.1087997664773,187.53241233225435,0.9681255244988651,191.2397708022099,6.5300983688794725,822.650042458937,756.3412437158199,28
65.8257014671518,366.69685308071524,186.84779264247723,0.0,191.4498383535243,6.934396838323639,822.9999637403432,757.079473166333,27
65.83139929247349,365.7506328375335,186.47782491599537,0.0,191.04440581989203,6.970558149472011,822.9451722773731,756.7331853991615,27
65.91296600821407,364.936671364277,186.91809091642378,0.16572460642943257,191.02155788843856,6.8907215752010424,823.1524217163878,757.4077771065712,28
65.92580351495849,365.97455373152064,187.84829579971841,0.35879916532692135,190.86938560236473,7.03074857881166,824.1305822556,756.7754901886952,27
65.88976653658064,366.09295038908743,187.10266944540848,0.7907949881950647,191.11949620946314,6.980088960046772,825.8717172229759,756.5444251993725,27
65.91234950710253,367.06525549964175,186.62751232894945,0.0,191.01113992556654,7.040379608459479,821.8540625123502,757.1820909253065,28
65.90805383373389,366.3814306560103,186.89224418934288,0.0,190.79594583157828,6.986131396602142,824.2786244458902,757.9367753312811,27
65.92804760905044,439.4396536787251,177.5382754855466,0.0,186.21004795770344,10.975188909523503,885.1147918330943,707.1369526179966,27
66.06888446097187,437.6787899221522,176.1958210913586,0.0,186.1099759057484,11.015401667884007,885.8297460496524,709.0739681657207,27
66.08304065552231,439.851216644298,176.0842190457585,0.2681429990332099,185.9795984293594,11.023420373622159,886.0709483985654,707.9483543029098,27
65.97657835522939,439.41747057720045,175.97598554816494,0.0,186.08661863451846,10.9990536853978,885.2782763269714,707.8833862169458,28
102.65,439.0,177.0,0.0,186.0,11.1,884.9,707.9,69
65.90517673258174,441.5500463468498,176.4437340468846,0.0,186.13292626269043,11.153224159038038,882.2208152192494,706.8182956565526,27
65.91693829365745,439.83243605436314,176.65825246816928,1.2251882413611335,185.868474398081,11.145745833219635,885.1755512165649,707.8050425434849,27
66.33612584945452,247.27370606922366,0.23255002265378238,125.26746145096546,143.49593563125964,11.956369694959289,1086.3454475310082,800.7361854427916,100
66.40853743088604,247.44557814454248,0.0,125.43730069357089,143.4273532302426,11.920586853923652,1086.9825114170937,800.8679581711272,100
66.45160806690322,246.2286463479429,0.0,125.02502846724802,143.47731743853453,11.912718560729278,1086.254958616879,800.9098039847426,99
66.34210897072103,246.07577082198412,0.08176412213066372,126.39333642297512,143.4495730502609,12.066459845348565,1086.377022280487,801.5126771494416,99
66.51537767658513,246.43152973266066,0.3725862919611779,124.70700314245948,143.2112712035423,12.048579844256055,1088.1259877760947,801.751457499928,99
66.41315246438542,245.2449656114324,0.0,123.66193909220281,143.1828880370974,11.992673517265041,1088.117948945784,801.1564163457663,100
66.45981513273779,245.7288493670661,0.0,124.81615627169175,143.46720843054004,12.181237406077008,1085.4345026464537,800.5253270097031,99
66.66357731858182,424.5827421086759,107.26009276862825,0.0,151.41226027598393,18.527751499645042,936.4170367532743,802.6955492658054,90
66.66580013403859,426.195767420866,106.43428844760842,0.0,151.36767466685697,18.564205749180726,935.951024111726,804.0919229701343,90
66.70103798498006,426.0200140383212,107.04579255075122,0.0,151.29000508875254,18.827134618548637,936.3984522182211,803.6146002148342,90
66.68786169190031,425.174288071952,106.13384390780304,0.05739235130768821,151.28816280620651,18.547469372330827,935.6912775217678,804.7756204322751,91
66.65897951633738,425.142690638194,105.08689016980797,0.6669775490061991,151.35301939160257,18.516268715975592,934.576211473866,803.0758945008616,91
100.95,404.3999483019034,95.99997415095172,0.0,147.84826694860405,12.20688050748727,945.589679238769,846.6759699218911,35
66.72628739689142,426.36722237434805,104.69044249825387,0.0,151.39881864316845,18.665395701745044,936.3243319762341,804.642752678435,90
66.77871389762167,360.2950442636478,19.244764065285626,141.35375038934146,154.0814501143768,10.874048193206828,942.5515127173865,802.2820513627933,55
67.7506825057183,359.0,19.0,141.0,154.0,10.9,942.0,801.0,56
66.8218933678519,359.34459757268456,18.210085250470204,141.38996823926203,153.89325890806086,10.898345890418364,941.248910698865,802.5250842886431,56
101.155,359.0,19.0,141.0,154.0,10.9,942.0,801.0,56
67.7506825057183,359.0,19.0,141.0,154.0,10.9,942.0,801.0,56
66.81645805572452,358.2316427328389,18.531168840615628,140.45885066536113,153.87661509221758,10.908401360725627,942.6609395844248,799.3010673459411,54
101.155,359.0,19.0,141.0,154.0,10.9,942.0,801.0,56
101.05000000000001,474.75889322812424,118.73570486083312,0.0,179.36001279629642,9.836297964117623,852.1,783.8708832567785,28
101.05000000000001,473.75537992624123,118.46810131366433,0.0,172.11799180104106,13.733274619763119,852.1,793.7387640586277,28
66.9142598965055,468.5820312540051,117.53457671869457,0.0,137.97048154271116,32.232215407276385,853.4536771254003,840.0854008794513,28
66.95221021010668,468.87615815647223,118.43896570536864,0.0,137.62206616660757,32.01204066585819,852.5311320125302,840.3908135543066,27
67.59999999994416,474.69593693840375,118.71891651690765,0.0,178.9056782388136,10.080778222532171,852.1,784.4899534390299,28
66.99036749871183,469.0983403460282,116.80744330887187,0.0,137.78815490753723,32.15913259954848,852.2422717346498,839.8574018896337,27
66.87719650185832,468.94643548715777,116.58783508725365,0.26810443717559823,137.71606641008404,32.173179314920965,852.7674935266576,839.6164127287389,28
66.92076868480581,278.1344539719798,98.3610662231155,24.931451757729278,160.5500552552056,11.090899435534123,1061.1438920749988,782.1735686835699,100
67.0700528150501,276.8732178216856,98.15761977653408,24.840011554721208,160.86895404597882,11.267493719998656,1062.1507558937928,782.1899639192432,100
66.95699462001376,277.7120974767091,97.53976732622658,25.231769938602323,160.66874499869382,11.182433154578561,1062.9098501793733,782.5819813221767,100
66.93621296995812,275.78762287392516,98.10113660438157,24.538772246461413,160.65850241752773,11.25638603725766,1061.328814984693,783.1276576694898,100
67.00024002203422,276.93892890527724,98.27083763532595,24.43921370241677,160.445473073928,11.246470800118523,1061.526116463813,783.1324410292827,100
66.95394702257379,277.723541215804,98.40644572394761,24.395900444124795,160.77590649553449,11.264314862664719,1063.3402481769438,782.9746475411835,99
66.92036282366992,275.67777978605716,96.83487508670434,23.731282676419,160.7239472120993,11.113061636445419,1063.830082181008,782.048731958072,100
67.62281075313464,499.56490696865785,0.0,0.0,140.12869826451697,4.008119681241437,965.7331400268047,853.7721414476426,28
67.64804123145869,500.460450663473,0.0,0.6654736268232311,140.09018448484673,4.081801197284078,964.9450784313947,853.3945819700638,28
67.5036321261932,499.1813713181359,0.0,0.0,139.81877992166798,3.9778999102854415,965.1368945014112,853.4926571320573,28
67.54104511532988,500.7730464789179,0.0,0.3450332673171964,140.153452582817,4.070435211752391,967.5427531209648,852.7942357656648,28
67.57140312973172,500.28608523921764,1.0661575875938603,0.6185930609845139,140.14982283776843,3.961628465201014,965.6092272215677,853.4231200764787,27
67.51726183270105,499.47840573535336,0.6403624375513931,0.022426116242012687,139.86136712567148,4.071768461899603,965.3334464352855,853.4106628202334,28
67.50506892471616,500.5715206681307,0.0,0.0,139.9372685897289,4.010674022266944,965.5875624587549,851.2380283957059,27
67.65069677462456,286.1082953222416,202.6033915575006,0.5250076941375614,144.81437171129664,11.213008889574558,1006.1128317625319,803.6554174687465,29
67.71834392823793,286.8185362088248,201.01387541295716,0.686429433544798,144.73490643092333,11.254319860480674,1005.3783212092968,803.8707392850583,28
67.73005490949002,287.46354827928474,200.78301735346662,0.0,144.72299936548325,11.118588690860333,1005.0035745299133,805.1765342742527,27
67.58302153394689,285.2747407594055,200.932707496716,0.0,144.60377129169342,11.183510804369194,1004.1286077380045,801.8707322460558,27
104.195,286.3,200.9,0.0,144.7,11.2,1004.6,803.7,44
67.72395040187665,285.36486158539856,200.7405651713499,0.436058416205319,144.6100767112364,11.179356913040936,1003.9897208883576,804.2437352577,28
67.79801594039911,285.6655248000768,201.14427653240017,1.183448435130192,144.59104471837776,11.100030805103275,1005.812098518942,804.1297515462514,28
67.94483831525777,250.17723257923225,179.38138783143222,94.31535560916376,159.23352865298466,9.53952369802301,859.8026116834246,799.2173790468627,28
67.94373556836308,250.17224699418782,179.73695643826113,94.80591245509717,159.04414215223272,9.499150390705358,861.0211860836229,799.998676769518,27
67.90922056013098,250.38383672901594,181.18980173018346,95.38395324290047,159.06214334610036,9.578518820414649,859.5603696151243,799.6746079062516,28
67.86861368126876,249.33273513764973,179.74151468581016,95.14878729882189,158.7402345694818,9.476343664571916,859.1094919516352,799.2485380142733,28
67.81857860833158,250.67959046377658,180.54009224549517,95.01753211689537,159.48177543292047,9.586945237102253,859.7343796868201,800.0349918454294,27
67.83105721042449,249.95018871214185,181.83732816185815,95.64688794625646,158.89061480013987,9.607942004493358,859.8913405155636,799.9719884655452,27
105.99000000000001,261.3998659703165,180.0,106.39986597031651,160.367983916438,9.910395174931395,846.3201608356202,784.0401876415569,28
68.09612586257114,318.8339553459327,212.2108269741806,0.0,155.7326732075315,14.372859767196541,852.2778338794977,880.9821724107844,91
68.08331987501384,319.3051375455238,212.27967950552207,0.0,155.61094622808199,14.385097120047995,853.2370429988391,881.0989001358132,91
68.13868335628082,319.0375352917967,212.50988488977353,0.0,155.71208575790683,14.459863611598422,852.9414174911976,880.3059476549373,91
68.08298226907102,319.14709944803394,211.76478713798895,0.0,155.38712988166398,14.355237128816473,850.5201962460559,880.1960490895432,91
68.12712355802306,318.03898438490694,211.70950390137287,0.0,155.49336025039088,14.199491676968494,852.3519013545107,880.9730780940956,90
68.06714081096347,319.19670532659217,210.93709459602994,0.8817034949746464,155.73921564126073,14.465945992009427,853.2179557967053,880.1024913006629,91
68.1725293989973,319.1346925450676,212.41100875993124,0.0,155.52419513341496,14.304025333144791,852.3397664815598,880.2341205304267,90
68.28605618647873,473.9275429917518,118.85309205273384,0.0,180.97857139738858,8.968214489908883,850.9797927152317,782.257530641623,27
68.23316229950498,475.15488113694244,119.70623402288739,0.0,181.23512142159043,8.81251623292149,852.672257194221,781.881120237062,27
101.75,471.1175008458672,117.76466689223126,0.0,153.08129777100834,23.977038381882352,852.1,819.6779083489724,28
68.25952597127392,475.49220710707317,119.45295278884069,0.5820319082244195,181.19316523149138,8.940394095225338,852.6362555871265,780.5118708915157,27
68.3863036290436,475.1490469023519,117.57544351151468,0.4319975280760089,181.06483773698838,9.013724429961806,854.0983224121858,781.0059867028174,27
68.32899763892416,474.8425675397423,119.31396107486925,0.0,180.86167956929035,9.00054332651033,852.2635379327168,780.4666137958732,28
68.25966331962768,473.9405535929747,119.80620727673144,0.0,181.11088156439135,8.824072815072595,851.817073721789,781.2197412004795,27
68.50728646814709,402.2370018619432,95.14582249936171,0.0,147.2955931286635,11.440214356892996,945.1561312605545,852.358887702477,27
68.59874093676221,401.01626245686595,96.61108067327326,0.0,147.34347376381274,11.259245185805405,947.9730933469724,853.0604160172255,28
68.54222422810562,401.43852076732315,94.56060423483176,0.5945464348334095,147.24332021817662,11.461400042277175,947.1042623430473,852.9639430026843,28
68.55722690158937,401.70319279279124,95.60319276782627,0.0,147.60394011779408,11.354276542963522,945.9608002625048,852.0249527253881,27
67.5880177514793,402.8643007041034,95.23215035205172,0.0,147.58350012139715,11.730300218514856,946.3045496722277,849.8796485310946,30
68.471470706104,401.81301939235783,95.18831244713154,0.2304669425067332,147.2871188211857,11.448429140395275,945.3188046916579,851.810429400268,28
68.54229301591869,401.34414386113446,94.04634738165319,0.0,147.54323667118527,11.415003192266564,946.7985100861538,852.8851717484804,28
102.14,359.0,19.0,141.0,154.0,10.9,942.0,801.0,56
67.7506825057183,359.0,19.0,141.0,154.0,10.9,942.0,801.0,56
68.73635920841876,360.480410452703,19.69930386506594,140.74143394073735,153.9267404109173,10.953260052590815,941.7839956942287,800.2806394348121,55
68.76823218751333,357.829628327534,20.769420561401446,141.55754777635556,154.2669097861634,10.932779730792829,941.9974102853355,800.4496894667983,56
68.73740412354853,357.1973719724083,18.744423076141903,140.3594950489226,154.2766165717422,10.98677826511711,942.1717811335931,801.261117235852,55
68.76764912892087,359.2402203533326,17.95368392662279,142.03542284098634,154.1213471825522,10.928185869273795,945.0379790331855,801.4037251442985,55
68.66690163360913,359.0444124863646,18.546326417291187,141.2637505319926,153.8153507883487,10.862882604696974,941.6072943266634,801.4782802698154,55
105.47,540.0,0.0,0.0,173.0,0.0,1125.0,613.0,150
105.47,540.0,0.0,0.0,173.0,0.0,1125.0,613.0,176
69.6209635950925,540.3661685623173,0.0,0.1456120168050682,172.9016802417623,0.11020354398667756,1123.701552720675,613.5842789744445,90
69.63051697193012,539.0303015852494,1.6184572988736738,0.3292308167243386,172.94887215204284,0.06336439041737994,1124.7340213746706,613.619357023749,88
70.62640430351077,540.0,0.0,0.0,173.0,0.0,1125.0,613.0,168
105.47,540.0,0.0,0.0,173.0,0.0,1125.0,613.0,99
70.62640430351077,540.0,0.0,0.0,173.0,0.0,1125.0,613.0,99
70.68475632347095,468.5515546483205,116.67378868413238,0.0,137.86766997990733,32.04559506528589,853.4930274053597,840.2965164493432,90
70.66223456562135,469.30370523937466,116.93189455271799,0.17959867985089467,137.9203557060211,32.276398745816394,852.8811885869119,841.2152129966362,91
68.74752906976745,469.0,117.2,0.0,137.8,32.2,852.1,840.5,50
70.67718268265703,469.6022366693738,116.76259525961713,0.0,137.82561736284902,32.143773261171965,851.2912325332167,840.4410934620282,90
70.68583705056064,468.0479092145372,115.49247460524148,0.0,137.84881147886722,32.235474930961956,853.0685449894537,841.6499381101864,90
104.15,469.0,117.2,0.0,137.8,32.2,852.1,840.5,67
70.75489405057114,469.06117276918695,116.70849354556955,0.7051558634954822,137.80544392384962,32.17614922476468,852.9903998248476,841.1319324049708,91
106.94999999999999,362.6,189.0,0.0,164.9,11.6,944.7,755.8,28
106.94999999999999,362.6,189.0,0.0,164.9,11.6,944.7,755.8,28
109.94999999999999,362.6,189.0,0.0,164.9,11.6,944.7,755.8,42
74.17886944818302,362.6,189.0,0.0,164.9,11.6,944.7,755.8,32
75.0875166002656,362.6,189.0,0.0,164.9,11.6,944.7,755.8,64
109.94999999999999,362.6,189.0,0.0,164.9,11.6,944.7,755.8,53
75.13231585932317,382.28027119156684,189.0,0.0,151.2031079619132,19.097246168215936,944.7,755.8,48
106.94999999999999,362.6,189.0,0.0,164.9,11.6,944.7,755.8,28
74.17886944818302,362.6,189.0,0.0,164.9,11.6,944.7,755.8,40
75.13231585932317,380.792208456284,189.0,0.0,152.23875601943604,18.530365126203435,944.7,755.8,46
109.94999999999999,362.6,189.0,0.0,164.9,11.6,944.7,755.8,55
74.17886944818302,362.6,189.0,0.0,164.9,11.6,944.7,755.8,47
75.13231585932317,372.70291947094285,189.0,0.0,157.868664104472,15.448731227025847,944.7,755.8,38
75.0875166002656,362.6,189.0,0.0,164.9,11.6,944.7,755.8,73
71.5661321366684,541.2156131838194,1.2422467329599705,0.0,172.71642075766914,0.047442698873897175,1124.4284670537581,612.552004558628,180
71.59989013710549,540.5940390079552,1.5914956291883093,0.0,173.13173008802494,0.08804395318180998,1126.3082971662102,613.7155048980285,180
71.61403788086928,538.4547980383746,1.8572435200695552,0.0,173.2551072772526,0.06999861618109038,1124.8062009255862,613.7410546513469,179
106.45,540.0,0.0,0.0,173.0,0.0,1125.0,613.0,154
72.87269908772893,540.0,0.0,0.0,173.0,0.0,1125.0,613.0,210
72.87269908772893,540.0,0.0,0.0,173.0,0.0,1125.0,613.0,247
71.60550296565883,541.2233378730787,1.048698190058094,0.07481629043205507,173.37786030991344,0.0,1125.9575228753504,612.8783561223726,180
72.01808782265778,484.7407711291855,0.0,0.0,145.97643181574492,0.020012614608936642,1120.711928964648,799.4638183352,28
72.01607392968745,484.2274968910104,0.0,1.255910931993992,146.0675572999378,0.0,1119.6110293044885,799.5465349504294,27
72.01224333173464,483.15124235265006,0.21248009780965654,0.0,146.07389674474686,0.03636339356346351,1119.4348726817625,799.2023907063833,27
71.89636718428359,484.7584904506749,0.7669111223708701,0.0,145.92512560303115,0.0,1121.70095239479,800.0555111598868,28
111.38999999999999,464.9713547497738,0.0,0.0,157.19247822806759,6.656579156692822,1066.9829978670484,767.6007209187518,28
72.04653668907115,485.47352895548744,0.3809682827220538,0.17469154303118953,145.9211126838611,0.031184976912424597,1116.9933220301045,800.846879348338,27
72.05674178359213,484.71528316758327,0.0,0.0,146.19429331525635,0.0,1120.520020369937,800.2757070062659,27
72.09639126804969,424.3201193435207,21.98572982995736,131.37872073865023,168.01655680668486,8.7734906056346,821.399034990223,749.9038656161615,28
68.75137880986938,424.0,22.0,132.0,176.75227164373314,8.549909134250674,822.0,750.0,52
72.09875757887126,423.4658969769204,22.092865973765395,132.4947893674141,167.9915098729172,8.937875842349493,822.3099282781242,749.5645136149162,27
72.05366897886361,424.4129529758058,22.78961659654676,132.1391627868533,168.05584150694835,8.872593490091004,822.8812004511956,750.5654876269897,28
72.08962697643905,424.3830781241168,23.26313643784734,131.43330027235513,168.16191950194928,8.80773727955394,822.4946174943104,750.2139236338785,28
72.08988589926143,423.0439392385821,21.2626479154299,132.168537571815,167.89761333043595,8.866934404302075,822.3229587846596,751.1340572427289,28
72.15918506181305,423.6078249569245,22.83965874858746,132.36893722913263,167.99014459406115,8.784694464217933,821.6626874391576,750.6935782489169,27
72.9699510557562,288.17872814468035,200.74919047119286,0.04737182311219866,144.75602607002423,11.10216262702452,1004.0585647438988,803.29701218831,55
72.97338200217162,286.8306600993405,201.18824413674372,0.0,144.7373474562355,11.110348761407346,1004.9433269090235,803.8124429152649,56
73.07848948085277,286.131451966017,201.9066750352353,0.7995123343705406,144.8442108753224,11.215844186321775,1004.8164140602643,802.3566889516778,55
73.06857419274823,285.5389361380878,201.76745361628605,0.30627547303909397,144.68179365270524,11.168581626298943,1004.8154557325495,803.4765844945196,56
106.84,286.3,200.9,0.0,144.7,11.2,1004.6,803.7,39
72.99878577945839,285.3335410316565,201.14798518925514,0.5346349089748236,144.56125647995373,11.170792478921124,1006.0898660450777,803.6031442749888,56
72.97155283764108,287.6836328288721,200.71726223191004,0.5387403006486643,144.45860747938147,11.14632115144169,1003.6961673331982,803.7800904893897,56
73.38589644076313,439.2040905450484,177.17464049725854,0.0,185.85273873548994,11.069587884080237,884.247028724447,707.4260153534486,91
69.45872218234028,439.0,177.0,0.0,186.0,11.1,884.9,707.9,70
73.24620740735442,439.3447551808606,176.25398470669705,0.0,185.78684700840284,11.029284506265132,885.3740932398292,708.2700961493172,90
73.32270105448985,438.8211071418081,175.8460345407017,0.0,185.97323213380272,11.09430297251203,885.772649636827,708.8877024965934,90
73.33701109372673,439.6988455922449,177.34621708489345,0.1459408033990396,186.18780472864688,11.134412650562227,883.0266170193572,708.5138418050859,91
73.30375488918088,439.4292684764397,176.52309257033085,0.0,185.8937939704273,11.1868597328265,884.6228555915537,707.6770347892467,91
69.45872218234028,439.0,177.0,0.0,186.0,11.1,884.9,707.9,44
72.87269908772893,540.0,0.0,0.0,173.0,0.0,1125.0,613.0,254
74.11042280049459,540.5618435695646,1.2892288950838315,0.17824423202073703,173.06135760820666,0.0,1125.5778308732658,612.8306395833661,270
72.87269908772893,540.0,0.0,0.0,173.0,0.0,1125.0,613.0,201
109.0,540.0,0.0,0.0,173.0,0.0,1125.0,613.0,214
74.25708425070783,539.2230760652872,0.0,0.4342545148185475,172.86616241986704,0.0,1126.4769414710445,612.7824372819857,269
74.23259997551897,540.3015340988359,0.0,0.0,173.06826393576594,0.0,1124.8168607614216,613.623721401194,269
74.14640386707619,538.9562104698439,0.0,0.19266714328135998,173.2394187235042,0.0,1126.7931446203158,613.4017224994108,269
71.81193255152314,252.99797559719713,180.0,97.99797559719714,159.35975707166367,9.607927121499097,856.4024292833634,795.802834163924,28
76.27211535841923,273.93032311875106,179.83383162701966,120.87295927833142,162.02861846062308,10.422174577577968,829.9706717307677,765.6578141584895,27
76.18997834945542,275.20254150976,179.90681753793382,120.44234200501133,161.87432331538844,10.37030731584665,828.2972628911601,763.7951232477204,28
110.175,252.47359170021667,180.0,97.47359170021667,159.296831004026,9.5890493012078,857.03168995974,796.5369716196967,28
76.25257561392183,276.18579576870087,179.2094439144407,119.41451686908401,162.1181284047751,10.409265111615598,829.5483048944958,763.8010778220096,27
110.175,262.97877442783306,180.0,107.97877442783303,160.55745293133995,9.96723587940199,844.4254706866003,781.8297158010338,28
71.81193255152314,253.2016167629032,180.0,98.20161676290321,159.38419401154837,9.615258203464515,856.1580598845162,795.5177365319355,28
74.17886944818302,362.6,189.0,0.0,164.9,11.6,944.7,755.8,41
116.94999999999999,362.6,189.0,0.0,164.9,11.6,944.7,755.8,68
112.94999999999999,362.6,189.0,0.0,164.9,11.6,944.7,755.8,45
116.94999999999999,362.6,189.0,0.0,164.9,11.6,944.7,755.8,78
116.94999999999999,362.6,189.0,0.0,164.9,11.6,944.7,755.8,90
78.29999930999467,362.6,189.0,0.0,164.9,11.6,944.7,755.8,87
117.0,378.36125612871194,189.0,0.0,153.93062760272798,17.604288049033112,944.7,755.8,56
78.33592852584557,370.6229307773872,189.0,0.0,159.31627528313714,14.656354581861784,944.7,755.8,56
117.0,382.42861232992817,189.0,0.0,151.09986687660677,19.15375707806788,944.7,755.8,56
74.17886944818302,362.6,189.0,0.0,164.9,11.6,944.7,755.8,42
112.94999999999999,362.6,189.0,0.0,164.9,11.6,944.7,755.8,38
112.94999999999999,362.6,189.0,0.0,164.9,11.6,944.7,755.8,39
112.94999999999999,362.6,189.0,0.0,164.9,11.6,944.7,755.8,29
115.94999999999999,362.6,189.0,0.0,164.9,11.6,944.7,755.8,56
118.79499999999999,488.5523506304214,0.0,0.0,163.73419042818804,7.5869585893515925,1034.2193652393732,715.886379848325,28
79.3905409660558,503.9955251198515,0.0,0.0,163.2136339847241,6.059993021857383,1035.954553384253,703.9135816486545,28
78.85119352480832,451.469803717477,0.0,0.0,165.05850936618998,11.23709735000262,1029.9654422053973,744.9284435350121,27
75.24122289276477,461.9232867029184,0.0,0.0,158.89581037189853,7.669613536971234,1058.9145824489017,762.6700226076622,28
78.75986401914273,451.3978206494326,0.1848984786811397,0.41864563241074465,165.32581008426277,11.255748823350187,1029.187999728199,745.254802903004,27
78.8674132327829,449.805023570721,0.0,0.0,165.0680585652024,11.29285170645376,1031.648709476115,745.1775317569923,27
118.79499999999999,471.0181568662424,0.0,0.0,164.32523066743002,9.320676624461425,1032.2492311085666,729.4803053508907,28
118.94999999999999,362.6,189.0,0.0,164.9,11.6,944.7,755.8,91
118.94999999999999,362.6,189.0,0.0,164.9,11.6,944.7,755.8,91
78.29999999999957,362.6,189.0,0.0,164.9,11.6,944.7,755.8,81
78.28722860791827,362.6,189.0,0.0,164.9,11.6,944.7,755.8,62
78.28722860791827,362.6,189.0,0.0,164.9,11.6,944.7,755.8,69
117.94999999999999,362.6,189.0,0.0,164.9,11.6,944.7,755.8,84
118.94999999999999,362.6,189.0,0.0,164.9,11.6,944.7,755.8,91
78.28722860791827,362.6,189.0,0.0,164.9,11.6,944.7,755.8,71
117.94999999999999,362.6,189.0,0.0,164.9,11.6,944.7,755.8,74
117.94999999999999,362.6,189.0,0.0,164.9,11.6,944.7,755.8,72
78.28722860791827,362.6,189.0,0.0,164.9,11.6,944.7,755.8,61
118.94999999999999,362.6,189.0,0.0,164.9,11.6,944.7,755.8,91
78.28722860791827,362.6,189.0,0.0,164.9,11.6,944.7,755.8,58
118.94999999999999,362.6,189.0,0.0,164.9,11.6,944.7,755.8,91
118.94999999999999,362.6,189.0,0.0,164.9,11.6,944.7,755.8,91
118.94999999999999,362.6,189.0,0.0,164.9,11.6,944.7,755.8,91
78.28722860791827,362.6,189.0,0.0,164.9,11.6,944.7,755.8,76
80.91636812847436,379.7666955056284,189.0,0.0,152.9524829814308,18.139693525953682,944.7,755.8,91
78.28722860791905,362.6,189.0,0.0,164.9,11.6,944.7,755.8,87
117.94999999999999,362.6,189.0,0.0,164.9,11.6,944.7,755.8,78
117.94999999999999,362.6,189.0,0.0,164.9,11.6,944.7,755.8,84
75.13231585932317,378.48487495324684,189.0,0.0,153.84459252338132,17.65138093457022,944.7,755.8,44
75.13231585932317,384.2135160233145,189.0,0.0,149.85762621088,19.833720389834113,944.7,755.8,50
118.05000000000001,387.04125532442794,189.0,0.0,147.8896025214604,20.910954409305887,944.7,755.8,56
80.96839506172839,389.9,189.0,0.0,145.9,22.0,944.7,755.8,86
78.33592852584557,369.8742293197477,189.0,0.0,159.83734955768477,14.371134978951499,944.7,755.8,56
75.13231585932317,365.3623324429763,189.0,0.0,162.97749756715936,12.65231712113382,944.7,755.8,30
80.96839506172839,389.9,189.0,0.0,145.9,22.0,944.7,755.8,83
79.91071195162341,540.1014524574751,0.62667175192856,0.0,162.00375539123192,2.454047624893861,1040.1953476763333,675.8848745444185,28
79.97133364910702,540.394052849176,0.0,0.14933624288489056,161.94693707403863,2.535921268843552,1041.3315123296486,675.7668940233212,28
119.38999999999999,461.6551234166783,0.0,0.0,164.64083853651647,10.246459707114958,1031.1972048782784,736.7392863398786,28
79.3905409660558,460.7243762390661,0.0,0.0,164.6722120368854,10.338488641530546,1031.0926265437154,737.4608768483645,28
79.3905409660558,459.71846915758323,0.0,0.0,164.70611901716012,10.437949117003008,1030.979603276133,738.2407373946827,28
79.3905409660558,477.15716687162393,0.0,0.0,164.11829774590032,8.713673387974262,1032.9390075136655,724.7208481557072,28
79.95461336358522,539.6831701042852,0.30022278317274387,0.0,162.187909403358,2.4918293359565498,1040.6977889660095,676.9490190891511,28
80.15304440582358,324.43357811106847,283.95497887086145,0.5716492672195529,183.60860696251603,10.293054090427258,942.535741059697,659.653005545514,55
80.22757423185118,322.9850585734886,283.32188303288825,0.01570138100927167,183.93668722774296,10.31280445320914,942.3348925900565,659.1456871759019,56
80.15313768862298,324.24434006470676,283.43832073455025,0.20460069090933508,183.74398394749628,10.29860095604243,943.0227969332492,659.1310163429513,56
80.19131734688487,325.5058372246117,282.254952172942,0.14869657253710433,183.66620735862185,10.289316182155218,942.6626079318569,659.4833928330861,55
80.2381690128432,323.63557632334107,281.62752163968895,0.14459505665235003,183.81533727860125,10.358656049867601,943.0570229228789,658.5631880258668,56
80.1871036151945,323.0195369970163,281.68903743590425,0.0906700724724255,183.62470716968977,10.3598644772605,942.4717957684128,660.2495454179696,56
80.25264139440652,324.15915412509304,282.2980246441186,0.0,183.72606012042863,10.275565717613235,944.0832456662093,660.9304413485379,56
79.86216385240775,367.2613894455732,189.0,0.0,161.655809543374,13.375767407837383,944.7,755.8,61
122.25,382.1067000959656,189.0,0.0,151.32390835811918,19.031123846082128,944.7,755.8,91
79.86216385240775,388.6437946546061,189.0,0.0,146.7742821085159,21.521445582707084,944.7,755.8,89
80.91636812847436,388.2019216729429,189.0,0.0,147.0818127550947,21.35311301826396,944.7,755.8,91
80.91636812847436,376.51281751229686,189.0,0.0,155.21708671305345,16.900120957065482,944.7,755.8,91
122.25,383.336454366602,189.0,0.0,150.46803542251138,19.499601663467452,944.7,755.8,91
122.25,372.3652645853849,189.0,0.0,158.10366201017166,15.32010079443235,944.7,755.8,91
66.39669888953031,245.77999213414716,0.48651429461728135,125.10910512034833,143.50816416990884,11.986922271351299,1087.8163573803631,800.1097373539659,100
119.38999999999999,482.3963302717505,0.0,0.0,163.9416967324129,8.195643748411186,1033.5276775586237,720.6590248454968,28
118.94999999999999,362.6,189.0,0.0,164.9,11.6,944.7,755.8,91
118.05000000000001,379.6610534600697,189.0,0.0,153.02600674940206,18.09944893716941,944.7,755.8,56
68.49375300734535,401.44293461362497,95.33508757468039,0.5314901469981277,147.78315586190644,11.511090526421473,947.0016527826433,852.8484344616958,27
101.75,470.77051788484283,117.67213810262476,0.0,150.5772374022825,25.324488880526985,852.1,823.0899074657121,28
69.61225404475852,539.4897134680998,0.39914458396050306,0.0,172.96386564605913,0.024914842168912203,1123.7010364997716,611.8633426516803,90
105.99000000000001,264.27204539709413,180.0,109.27204539709415,160.71264544765128,10.01379363429539,842.873545523487,780.0191364440682,28
74.17886944818302,362.6,189.0,0.0,164.9,11.6,944.7,755.8,37
72.03702484584335,423.57275395562175,21.415855183516037,132.41717532025413,167.8743647756401,8.983639838285955,822.3377149969843,749.99102337436,27
70.76650699314914,467.9052534109921,116.27327720378429,0.0,137.8460112028834,32.175690264974314,852.5871884077739,840.0461596736544,91
65.8909678314085,365.026617402532,189.2725135257947,0.0,191.59013219570804,6.494634781419067,825.544729078838,756.8913616907435,28
36.44,140.0,133.0,103.0,200.0,7.0,916.0,753.0,28
11.96,203.5,135.7,0.0,185.7,0.0,1076.2,759.3,7
66.95,277.2,97.8,24.5,160.7,11.2,1061.7,782.5,100
21.18,339.2,0.0,0.0,185.7,0.0,1069.2,754.3,7
52.12,342.0,38.0,0.0,228.0,0.0,932.0,670.0,180
15.03,212.0,141.3,0.0,203.5,0.0,973.4,750.0,7
25.1,312.7,0.0,0.0,178.1,8.0,999.7,822.2,28
26.97,136.0,196.0,98.0,199.0,6.0,847.0,783.0,28
10.34,238.1,0.0,0.0,185.7,0.0,1118.8,789.3,7
26.86,153.0,239.0,0.0,200.0,6.0,1002.0,684.0,28
67.7,286.3,200.9,0.0,144.7,11.2,1004.6,803.7,28
17.44,331.0,0.0,0.0,192.0,0.0,1025.0,821.0,7
59.0,356.0,119.0,0.0,160.0,9.0,1061.0,657.0,28
61.8,425.0,106.3,0.0,151.4,18.6,936.0,803.7,28
39.16,178.0,129.8,118.6,179.9,3.6,1007.3,746.8,28
33.8,255.0,99.0,77.0,189.0,6.0,919.0,749.0,28
22.63,203.5,135.7,0.0,185.7,0.0,1076.2,759.3,28
33.4,318.8,212.5,0.0,155.7,14.3,852.1,880.4,7
14.99,349.0,0.0,0.0,192.0,0.0,1047.0,806.0,3
38.22,309.9,142.8,111.2,167.8,22.1,913.9,651.2,28
38.63,326.5,0.0,137.9,199.0,10.8,801.1,792.5,28
28.99,155.2,183.9,143.2,193.8,9.2,879.6,698.5,28
31.65,339.0,0.0,0.0,185.0,0.0,1060.0,754.0,28
61.92,525.0,0.0,0.0,189.0,0.0,1125.0,613.0,180
51.04,500.0,0.0,0.0,200.0,0.0,1125.0,613.0,180
10.38,233.8,0.0,94.6,197.9,4.6,947.0,852.2,3
42.8,313.3,262.2,0.0,175.5,8.6,1046.9,611.8,7
33.19,122.6,183.9,0.0,203.5,0.0,958.2,800.1,90
44.4,212.6,0.0,100.4,159.4,10.4,1003.8,903.8,56
53.69,190.0,190.0,0.0,228.0,0.0,932.0,670.0,365
56.06,173.5,50.1,173.5,164.8,6.5,1006.2,793.5,100
24.58,149.0,153.0,194.0,192.0,8.0,935.0,623.0,28
33.76,162.0,190.0,148.0,179.0,19.0,838.0,741.0,28
55.94,525.0,0.0,0.0,189.0,0.0,1125.0,613.0,28
23.85,436.0,0.0,0.0,218.0,0.0,838.4,719.7,28
26.31,212.5,0.0,100.4,159.3,8.7,1007.8,903.6,14
28.1,388.6,97.1,0.0,157.9,12.1,852.1,925.7,3
24.89,222.4,0.0,96.7,189.3,4.5,967.1,870.3,28
72.99,286.3,200.9,0.0,144.7,11.2,1004.6,803.7,56
72.1,424.0,22.0,132.0,168.0,8.9,822.0,750.0,28
54.9,469.0,117.2,0.0,137.8,32.2,852.1,840.5,7
47.97,387.0,20.0,94.0,157.0,13.9,938.0,845.0,56
53.52,298.0,137.0,107.0,201.0,6.0,878.0,655.0,28
36.94,397.0,0.0,0.0,186.0,0.0,1040.0,734.0,28
47.1,379.5,151.2,0.0,153.9,15.9,1134.3,605.0,7
40.23,213.8,98.1,24.5,181.7,6.7,1066.0,785.5,28
33.73,213.7,0.0,174.7,154.8,10.2,1053.5,776.4,14
55.06,342.0,38.0,0.0,228.0,0.0,932.0,670.0,270
32.11,424.0,22.0,132.0,168.0,8.9,822.0,750.0,3
73.3,439.0,177.0,0.0,186.0,11.1,884.9,707.9,91
39.0,331.0,0.0,0.0,192.0,0.0,978.0,825.0,180
12.45,194.7,0.0,100.5,165.6,7.5,1006.4,905.9,3
27.94,181.9,272.8,0.0,185.7,0.0,1012.4,714.3,28
56.14,446.0,24.0,79.0,162.0,11.6,967.0,712.0,56
40.6,389.9,189.0,0.0,145.9,22.0,944.7,755.8,3
54.6,305.3,203.5,0.0,203.5,0.0,965.4,631.0,90
24.54,229.7,0.0,118.2,195.2,6.1,1028.1,757.6,28
10.22,255.0,0.0,0.0,192.0,0.0,889.8,945.0,7
42.64,298.0,0.0,107.0,186.0,6.0,879.0,815.0,28
33.02,332.5,142.5,0.0,228.0,0.0,932.0,594.0,28
79.3,362.6,189.0,0.0,164.9,11.6,944.7,755.8,91
66.0,439.0,177.0,0.0,186.0,11.1,884.9,707.9,28
17.96,148.1,0.0,136.6,158.1,16.1,1001.8,830.1,28
31.03,133.0,210.0,0.0,196.0,3.0,949.0,795.0,28
78.8,451.0,0.0,0.0,165.0,11.3,1030.0,745.0,28
10.54,145.0,0.0,179.0,202.0,8.0,824.0,869.0,28
66.7,425.0,106.3,0.0,151.4,18.6,936.0,803.7,91
19.54,203.5,305.3,0.0,203.5,0.0,963.4,630.0,7
13.2,145.0,0.0,134.0,181.0,11.0,979.0,812.0,28
36.96,250.2,166.8,0.0,203.5,0.0,977.6,694.1,28
42.64,298.1,0.0,107.0,186.4,6.1,879.0,815.2,28
37.91,166.0,260.0,0.0,183.0,13.0,859.0,827.0,28
37.17,272.8,105.1,81.8,209.7,9.0,904.0,679.7,28
39.3,446.0,24.0,79.0,162.0,11.6,967.0,712.0,7
56.83,528.0,0.0,0.0,185.0,6.9,920.0,720.0,28
33.4,425.0,106.3,0.0,153.5,16.5,852.1,887.1,3
52.2,214.9,53.8,121.9,155.6,9.6,1014.3,780.6,28
64.9,425.0,106.3,0.0,151.4,18.6,936.0,803.7,56
82.6,389.9,189.0,0.0,145.9,22.0,944.7,755.8,91
36.3,425.0,106.3,0.0,151.4,18.6,936.0,803.7,3
76.24,275.0,180.0,120.0,162.0,10.4,830.0,765.0,28
47.03,266.0,114.0,0.0,228.0,0.0,932.0,670.0,90
38.7,316.1,210.7,0.0,185.7,0.0,977.0,689.3,28
39.09,397.0,0.0,0.0,185.0,0.0,1040.0,734.0,28
16.28,376.0,0.0,0.0,214.6,0.0,1003.5,762.4,3
30.44,200.0,133.0,0.0,192.0,0.0,965.4,806.2,28
39.46,159.8,250.0,0.0,168.4,12.2,1049.3,688.2,28
79.4,389.9,189.0,0.0,145.9,22.0,944.7,755.8,56
24.44,316.1,210.7,0.0,185.7,0.0,977.0,689.3,7
30.65,162.0,214.0,164.0,202.0,10.0,820.0,680.0,28
29.55,491.0,26.0,123.0,201.0,3.9,822.0,699.0,3
34.74,290.4,0.0,96.2,168.1,9.4,961.2,865.0,28
33.0,212.0,141.3,0.0,203.5,0.0,973.4,750.0,28
46.39,165.0,128.5,132.1,175.1,8.1,1005.8,746.6,28
74.17,540.0,0.0,0.0,173.0,0.0,1125.0,613.0,270
25.2,318.8,212.5,0.0,155.7,14.3,852.1,880.4,3
44.3,238.1,0.0,94.1,186.7,7.0,949.9,847.0,100
12.55,190.3,0.0,125.2,166.6,9.9,1079.0,798.9,3
51.02,446.0,24.0,79.0,162.0,11.6,967.0,712.0,28
35.75,359.0,19.0,141.0,154.0,10.9,942.0,801.0,7
42.92,212.5,0.0,100.4,159.3,8.7,1007.8,903.6,100
39.78,332.5,142.5,0.0,228.0,0.0,932.0,594.0,180
25.97,277.0,0.0,0.0,191.0,0.0,968.0,856.0,28
65.91,366.0,187.0,0.0,191.0,7.0,824.0,757.0,28
13.33,212.6,0.0,100.4,159.4,10.4,1003.8,903.8,3
31.72,190.3,0.0,125.2,166.6,9.9,1079.0,798.9,56
18.42,236.0,0.0,0.0,194.0,0.0,968.0,885.0,28
28.68,249.1,0.0,98.8,158.1,12.8,987.8,889.0,14
45.08,212.0,0.0,124.8,159.0,7.8,1085.4,799.5,56
15.75,166.8,250.2,0.0,203.5,0.0,975.6,692.6,7
45.3,310.0,143.0,0.0,168.0,10.0,914.0,804.0,28
8.54,158.4,0.0,194.9,219.7,11.0,897.7,712.9,28
16.11,288.0,192.0,0.0,192.0,0.0,932.0,717.8,3
40.76,380.0,95.0,0.0,228.0,0.0,932.0,594.0,180
34.57,480.0,0.0,0.0,192.0,0.0,936.2,712.2,7
29.39,296.0,0.0,0.0,192.0,0.0,1085.0,765.0,90
42.62,475.0,0.0,0.0,228.0,0.0,932.0,594.0,180
54.77,446.0,24.0,79.0,162.0,10.3,967.0,712.0,56
7.72,108.3,162.4,0.0,203.5,0.0,938.2,849.0,7
37.43,150.0,236.8,0.0,173.8,11.9,1069.3,674.8,28
38.46,313.8,0.0,112.6,169.9,10.1,925.3,782.9,28
77.3,362.6,189.0,0.0,164.9,11.6,944.7,755.8,56
32.77,159.1,186.7,0.0,175.6,11.3,989.6,788.9,28
79.3,362.6,189.0,0.0,164.9,11.6,944.7,755.8,91
24.29,122.6,183.9,0.0,203.5,0.0,958.2,800.1,28
54.38,304.0,76.0,0.0,228.0,0.0,932.0,670.0,270
68.75,359.0,19.0,141.0,154.0,10.9,942.0,801.0,56
53.9,213.7,98.1,24.5,181.7,6.9,1065.8,785.4,100
24.39,480.0,0.0,0.0,192.0,0.0,936.0,721.0,3
13.57,236.0,157.0,0.0,192.0,0.0,972.6,749.1,3
37.27,194.7,0.0,100.5,170.2,7.5,998.0,901.8,28
17.2,193.5,290.2,0.0,185.7,0.0,998.2,704.3,7
32.72,145.9,230.5,0.0,202.5,3.4,827.0,871.8,28
18.03,164.6,0.0,150.4,181.6,11.7,1023.3,728.9,28
68.3,475.0,118.8,0.0,181.1,8.9,852.1,781.5,28
29.45,222.4,0.0,96.7,189.3,4.5,967.1,870.3,56
39.36,139.6,209.4,0.0,192.0,0.0,1047.0,806.9,90
25.42,239.6,359.4,0.0,185.7,0.0,941.6,664.3,7
18.02,214.9,53.8,121.9,155.6,9.6,1014.3,780.6,3
12.37,181.9,272.8,0.0,185.7,0.0,1012.4,714.3,7
55.9,362.6,189.0,0.0,164.9,11.6,944.7,755.8,7
15.09,164.0,0.0,200.0,181.0,13.0,849.0,846.0,28
71.99,485.0,0.0,0.0,146.0,0.0,1120.0,800.0,28
38.46,314.0,0.0,113.0,170.0,10.0,925.0,783.0,28
11.85,310.0,0.0,0.0,192.0,0.0,1012.0,830.0,3
48.67,182.0,45.2,122.0,170.2,8.2,1059.4,780.7,100
35.23,140.0,164.0,128.0,237.0,6.0,869.0,656.0,28
43.58,277.0,116.8,91.0,190.6,7.0,946.5,665.6,28
29.0,375.0,93.8,0.0,126.6,23.4,852.1,992.6,3
37.27,321.4,0.0,127.9,182.5,11.5,870.1,779.7,28
52.43,322.5,148.6,0.0,185.8,8.5,951.0,709.5,28
44.09,500.0,0.0,0.0,200.0,0.0,1125.0,613.0,28
36.8,313.3,0.0,113.0,178.5,8.0,1001.9,688.7,28
27.68,159.0,149.0,116.0,175.0,15.0,953.0,720.0,28
39.7,212.0,141.3,0.0,203.5,0.0,973.4,750.0,90
6.27,385.0,0.0,0.0,186.0,0.0,966.0,763.0,1
71.3,362.6,189.0,0.0,164.9,11.6,944.7,755.8,28
39.49,349.0,0.0,0.0,192.0,0.0,1047.0,806.0,90
24.28,194.7,0.0,100.5,170.2,7.5,998.0,901.8,14
30.14,400.0,0.0,0.0,187.0,0.0,1025.0,745.0,7
15.34,144.0,15.0,195.0,176.0,6.0,1021.0,709.0,28
13.2,144.8,0.0,133.6,180.8,11.1,979.5,811.5,28
31.27,182.0,45.2,122.0,170.2,8.2,1059.4,780.7,28
36.97,251.4,0.0,118.3,188.5,5.8,1028.4,757.7,56
52.45,312.9,160.5,0.0,177.6,9.6,916.6,759.5,28
29.72,143.0,169.0,143.0,191.0,8.0,967.0,643.0,28
24.43,251.4,0.0,118.3,188.5,6.4,1028.4,757.7,14
27.63,254.0,0.0,0.0,198.0,0.0,968.0,863.0,180
79.99,540.0,0.0,0.0,162.0,2.5,1040.0,676.0,28
19.01,152.7,144.7,0.0,178.1,8.0,999.7,822.2,28
21.65,296.0,0.0,0.0,192.0,0.0,1085.0,765.0,28
44.7,139.6,209.4,0.0,192.0,0.0,1047.0,806.9,360
38.89,339.0,0.0,0.0,197.0,0.0,968.0,781.0,365
7.4,168.9,42.2,124.3,158.3,10.8,1080.8,796.2,3
42.55,212.5,0.0,100.4,159.3,8.7,1007.8,903.6,56
59.89,337.9,189.0,0.0,174.9,9.5,944.7,755.8,56
43.94,480.0,0.0,0.0,192.0,0.0,936.2,712.2,28
49.77,259.9,100.6,78.4,170.6,10.4,935.7,762.9,28
26.23,153.0,145.0,113.0,178.0,8.0,867.0,824.0,28
19.35,250.2,166.8,0.0,203.5,0.0,977.6,694.1,7
39.59,238.1,0.0,94.1,186.7,7.0,949.9,847.0,56
39.44,239.6,359.4,0.0,185.7,0.0,941.6,664.3,28
13.36,229.7,0.0,118.2,195.2,6.1,1028.1,757.6,3
25.48,166.1,0.0,163.3,176.5,4.5,1058.6,780.1,14
22.9,362.6,189.0,0.0,164.9,11.6,944.7,755.8,7
33.31,132.0,206.5,160.9,178.9,5.5,866.9,735.6,28
40.2,469.0,117.2,0.0,137.8,32.2,852.1,840.5,3
71.3,362.6,189.0,0.0,164.9,11.6,944.7,755.8,28
32.72,350.0,0.0,0.0,203.0,0.0,974.0,775.0,180
56.61,331.0,170.0,0.0,195.0,8.0,811.0,802.0,28
39.3,439.0,177.0,0.0,186.0,11.1,884.9,707.9,3
27.66,233.8,0.0,94.6,197.9,4.6,947.0,852.2,56
48.99,173.8,93.4,159.9,172.3,9.7,1007.2,746.6,56
40.86,190.0,190.0,0.0,228.0,0.0,932.0,670.0,28
36.59,133.0,200.0,0.0,192.0,0.0,927.4,839.2,90
66.78,359.0,19.0,141.0,154.0,10.9,942.0,801.0,56
48.4,525.0,0.0,0.0,189.0,0.0,1125.0,613.0,14
69.66,540.0,0.0,0.0,173.0,0.0,1125.0,613.0,90
50.73,192.0,288.0,0.0,192.0,0.0,929.8,716.1,90
60.28,520.0,0.0,0.0,170.0,5.2,855.0,855.0,28
39.42,266.2,112.3,87.5,177.9,10.4,909.7,744.5,28
43.57,166.8,250.2,0.0,203.5,0.0,975.6,692.6,90
13.71,252.0,0.0,0.0,185.0,0.0,1111.0,784.0,7
35.86,298.0,0.0,107.0,164.0,13.0,953.0,784.0,28
35.3,362.6,189.0,0.0,164.9,11.6,944.7,755.8,3
63.53,218.2,54.6,123.8,140.8,11.9,1075.7,792.7,100
49.2,425.0,106.3,0.0,153.5,16.5,852.1,887.1,7
17.54,238.0,0.0,0.0,185.0,0.0,1118.0,789.0,28
30.22,218.9,0.0,124.1,158.5,11.3,1078.7,794.9,28
13.66,133.0,200.0,0.0,192.0,0.0,927.4,839.2,7
42.14,288.4,121.0,0.0,177.4,7.0,907.9,829.5,28
17.57,213.7,0.0,174.7,154.8,10.2,1053.5,776.4,3
14.5,281.0,0.0,0.0,186.0,0.0,1104.0,774.0,7
15.52,167.0,75.4,167.0,164.0,7.9,1007.3,770.1,3
6.9,166.8,250.2,0.0,203.5,0.0,975.6,692.6,3
31.35,385.0,0.0,0.0,186.0,0.0,966.0,763.0,28
37.43,150.0,237.0,0.0,174.0,12.0,1069.0,675.0,28
41.2,167.4,129.9,128.6,175.5,7.8,1006.3,746.6,28
31.35,350.0,0.0,0.0,203.0,0.0,974.0,775.0,90
68.1,318.8,212.5,0.0,155.7,14.3,852.1,880.4,91
65.91,366.0,187.0,0.0,191.3,6.6,824.3,756.9,28
16.5,153.6,144.2,112.3,220.1,10.1,923.2,657.9,28
32.96,149.5,236.0,0.0,175.8,12.6,846.8,892.7,28
15.58,300.0,0.0,0.0,184.0,0.0,1075.0,795.0,7
61.09,374.0,189.2,0.0,170.1,10.1,926.1,756.7,28
34.29,350.0,0.0,0.0,186.0,0.0,1050.0,770.0,28
49.2,425.0,106.3,0.0,153.5,16.5,852.1,887.1,7
79.3,362.6,189.0,0.0,164.9,11.6,944.7,755.8,91
46.9,531.3,0.0,0.0,141.8,28.2,852.1,893.7,7
26.91,238.2,158.8,0.0,185.7,0.0,1040.6,734.3,28
11.58,222.4,0.0,96.7,189.3,4.5,967.1,870.3,3
35.87,298.1,0.0,107.5,163.6,12.8,953.2,784.0,28
26.74,302.0,0.0,0.0,203.0,0.0,974.0,817.0,180
71.62,540.0,0.0,0.0,173.0,0.0,1125.0,613.0,180
23.08,173.5,50.1,173.5,164.8,6.5,1006.2,793.5,3
14.59,139.6,209.4,0.0,192.0,0.0,1047.0,806.9,7
36.25,237.5,237.5,0.0,228.0,0.0,932.0,594.0,180
77.3,362.6,189.0,0.0,164.9,11.6,944.7,755.8,56
58.78,525.0,0.0,0.0,189.0,0.0,1125.0,613.0,90
64.3,425.0,106.3,0.0,153.5,16.5,852.1,887.1,56
22.53,350.0,0.0,0.0,203.0,0.0,974.0,775.0,14
55.16,500.0,0.0,0.0,200.0,0.0,1125.0,613.0,270
24.0,382.0,0.0,0.0,186.0,0.0,1047.0,739.0,7
52.3,405.0,0.0,0.0,175.0,0.0,1120.0,695.0,28
33.12,237.5,237.5,0.0,228.0,0.0,932.0,594.0,90
27.42,218.2,54.6,123.8,140.8,11.9,1075.7,792.7,3
62.94,359.0,19.0,141.0,154.0,10.9,942.0,801.0,28
34.24,178.0,129.8,118.6,179.9,3.6,1007.3,746.8,14
13.62,181.4,0.0,167.0,169.6,7.6,1055.6,777.8,3
32.85,168.0,42.1,163.8,121.8,5.7,1058.7,780.1,56
59.3,213.5,0.0,174.2,154.6,11.7,1052.3,775.5,100
50.53,288.0,192.0,0.0,192.0,0.0,932.0,717.8,90
55.26,304.0,76.0,0.0,228.0,0.0,932.0,670.0,365
33.8,525.0,0.0,0.0,189.0,0.0,1125.0,613.0,3
23.8,275.1,0.0,121.4,159.5,9.9,1053.6,777.5,3
11.47,252.0,0.0,0.0,186.0,0.0,1111.0,784.0,7
33.42,303.6,139.9,0.0,213.5,6.2,895.5,722.5,28
42.42,525.0,0.0,0.0,189.0,0.0,1125.0,613.0,7
47.28,333.0,17.5,163.0,167.0,17.9,996.0,652.0,28
66.9,469.0,117.2,0.0,137.8,32.2,852.1,840.5,28
10.54,145.4,0.0,178.9,201.7,7.8,824.0,868.7,28
30.28,332.5,142.5,0.0,228.0,0.0,932.0,594.0,7
50.7,388.6,97.1,0.0,157.9,12.1,852.1,925.7,28
44.3,198.6,132.4,0.0,192.0,0.0,978.4,825.5,360
17.17,200.0,133.0,0.0,192.0,0.0,965.4,806.2,7
37.26,321.0,0.0,128.0,182.0,11.0,870.0,780.0,28
39.7,228.0,342.1,0.0,185.7,0.0,955.8,674.3,28
31.42,296.0,0.0,106.7,221.4,10.5,819.2,778.4,28
44.28,276.0,116.0,90.0,180.0,9.0,870.0,768.0,28
24.05,183.9,122.6,0.0,203.5,0.0,959.2,800.0,28
66.42,246.8,0.0,125.1,143.3,12.0,1086.8,800.9,100
80.2,323.7,282.8,0.0,183.8,10.3,942.7,659.9,56
25.61,491.0,26.0,123.0,210.0,3.9,882.0,699.0,3
46.23,218.9,0.0,124.1,158.5,11.3,1078.7,794.9,100
39.0,237.5,237.5,0.0,228.0,0.0,932.0,594.0,365
44.52,284.0,15.0,141.0,179.0,5.5,842.0,801.0,56
6.94,173.0,116.0,0.0,192.0,0.0,946.8,856.8,3
33.06,146.0,230.0,0.0,202.0,3.0,827.0,872.0,28
11.17,225.0,0.0,0.0,181.0,0.0,1113.0,833.0,7
31.25,277.0,0.0,0.0,191.0,0.0,968.0,856.0,90
14.2,296.0,0.0,0.0,192.0,0.0,1085.0,765.0,7
36.56,165.0,0.0,143.6,163.8,0.0,1005.6,900.9,56
42.7,231.8,0.0,121.6,174.0,6.7,1056.4,778.5,56
43.73,284.0,15.0,141.0,179.0,5.5,842.0,801.0,28
36.3,376.0,0.0,0.0,214.6,0.0,1003.5,762.4,56
23.74,146.0,173.0,0.0,182.0,3.0,986.0,817.0,28
33.4,252.0,97.0,76.0,194.0,8.0,835.0,821.0,28
43.38,157.0,236.0,0.0,192.0,0.0,935.4,781.2,90
45.7,375.0,93.8,0.0,126.6,23.4,852.1,992.6,7
68.5,401.8,94.7,0.0,147.4,11.4,946.8,852.1,28
14.6,289.0,0.0,0.0,192.0,0.0,913.2,895.3,7
67.57,500.0,0.0,0.0,140.0,4.0,966.0,853.0,28
56.74,297.2,0.0,117.5,174.8,9.5,1022.8,753.5,100
23.25,202.0,11.0,141.0,206.0,1.7,942.0,801.0,56
48.79,393.0,0.0,0.0,192.0,0.0,940.0,758.0,90
47.13,213.8,98.1,24.5,181.7,6.7,1066.0,785.5,56
67.87,250.0,180.0,95.0,159.0,9.5,860.0,800.0,28
50.77,213.7,98.1,24.5,181.7,6.9,1065.8,785.4,56
44.64,213.5,0.0,174.2,159.2,11.7,1043.6,771.9,28
55.6,475.0,118.8,0.0,181.1,8.9,852.1,781.5,7
65.7,424.0,22.0,132.0,178.0,8.5,822.0,750.0,56
17.54,325.0,0.0,0.0,184.0,0.0,1063.0,783.0,7
38.56,190.3,0.0,125.2,161.9,9.9,1088.1,802.6,56
14.7,385.0,0.0,0.0,186.0,0.0,966.0,763.0,3
17.82,168.0,42.1,163.8,121.8,5.7,1058.7,780.1,14
40.56,380.0,95.0,0.0,228.0,0.0,932.0,594.0,90
70.7,469.0,117.2,0.0,137.8,32.2,852.1,840.5,91
32.92,307.0,0.0,0.0,193.0,0.0,968.0,812.0,90
29.16,145.0,116.0,119.0,184.0,5.7,833.0,880.0,28
